id,group,account,incident,qualifying,fired_at,p_takeover,p_kind_takeover,p_kind_automation,p_kind_sweep,risk_score,input_tokens,latency_ms
isaacs@2025-10-02T21:55:20.151Z,calibration,isaacs,,,2025-10-02T21:55:20.151Z,0.657600,0.121700,0.740000,0.138300,1.3680,1536,3972.1
isaacs@2025-11-01T23:14:18.741Z,calibration,isaacs,,,2025-11-01T23:14:18.741Z,0.628900,0.115700,0.741000,0.143300,1.4166,1536,2999.3
isaacs@2025-11-02T00:59:23.267Z,calibration,isaacs,,,2025-11-02T00:59:23.267Z,0.555200,0.087200,0.776800,0.136000,1.4179,1536,3027.1
isaacs@2025-11-18T01:47:42.019Z,calibration,isaacs,,,2025-11-18T01:47:42.019Z,0.619200,0.104400,0.768000,0.127600,1.3704,1536,3504.3
isaacs@2025-11-19T16:55:57.032Z,calibration,isaacs,,,2025-11-19T16:55:57.032Z,0.511000,0.117000,0.739600,0.143400,1.2918,1536,3789.8
isaacs@2025-11-19T18:11:22.765Z,calibration,isaacs,,,2025-11-19T18:11:22.765Z,0.546100,0.121200,0.756400,0.122400,1.4000,1536,10462.7
isaacs@2025-11-23T01:05:59.669Z,calibration,isaacs,,,2025-11-23T01:05:59.669Z,0.606300,0.120200,0.730400,0.149400,1.3205,1536,4085.2
isaacs@2025-11-25T16:34:57.860Z,calibration,isaacs,,,2025-11-25T16:34:57.860Z,0.593800,0.130100,0.733600,0.136300,1.4527,1536,3354.1
isaacs@2025-11-25T22:28:12.931Z,calibration,isaacs,,,2025-11-25T22:28:12.931Z,0.492400,0.097100,0.769700,0.133200,1.2233,1536,3640.1
isaacs@2025-11-26T22:43:00.102Z,calibration,isaacs,,,2025-11-26T22:43:00.102Z,0.567600,0.126400,0.715500,0.158100,1.4050,1536,3137.5
isaacs@2025-12-01T22:32:40.003Z,calibration,isaacs,,,2025-12-01T22:32:40.003Z,0.614700,0.119300,0.714500,0.166100,1.5051,1536,3213.6
types@2025-06-07T02:16:08.503Z,calibration,types,,,2025-06-07T02:16:08.503Z,0.474000,0.100600,0.753200,0.146200,1.3966,1536,9851.3
types@2025-07-01T19:32:52.090Z,calibration,types,,,2025-07-01T19:32:52.090Z,0.495100,0.093700,0.770700,0.135600,1.3804,1536,3003.0
types@2025-07-08T18:02:31.367Z,calibration,types,,,2025-07-08T18:02:31.367Z,0.471900,0.098200,0.758200,0.143600,1.4430,1536,3193.7
types@2025-07-08T19:32:57.371Z,calibration,types,,,2025-07-08T19:32:57.371Z,0.470900,0.096800,0.761800,0.141500,1.4401,1536,6698.3
types@2025-07-19T03:02:26.516Z,calibration,types,,,2025-07-19T03:02:26.516Z,0.470400,0.114000,0.743200,0.142800,1.3681,1536,6865.1
types@2025-09-03T08:07:51.466Z,calibration,types,,,2025-09-03T08:07:51.466Z,0.499400,0.110800,0.748000,0.141300,1.4155,1536,7907.7
types@2025-09-03T10:02:28.052Z,calibration,types,,,2025-09-03T10:02:28.052Z,0.462000,0.101900,0.766800,0.131300,1.4528,1536,6963.4
types@2025-09-12T22:02:40.492Z,calibration,types,,,2025-09-12T22:02:40.492Z,0.492900,0.110800,0.761700,0.127500,1.5252,1536,10489.7
types@2025-09-13T00:03:48.804Z,calibration,types,,,2025-09-13T00:03:48.804Z,0.489500,0.109000,0.766600,0.124400,1.5288,1536,10756.7
types@2025-09-29T19:02:15.699Z,calibration,types,,,2025-09-29T19:02:15.699Z,0.456400,0.104300,0.756800,0.138800,1.4003,1536,9921.3
types@2025-09-29T20:02:21.918Z,calibration,types,,,2025-09-29T20:02:21.918Z,0.436300,0.092000,0.779400,0.128600,1.4812,1536,7563.9
types@2025-09-29T21:02:22.846Z,calibration,types,,,2025-09-29T21:02:22.846Z,0.438200,0.094900,0.781700,0.123300,1.3837,1536,14000.6
types@2025-10-03T21:32:34.039Z,calibration,types,,,2025-10-03T21:32:34.039Z,0.461200,0.110000,0.747400,0.142600,1.4298,1536,2888.5
types@2025-10-03T22:33:36.053Z,calibration,types,,,2025-10-03T22:33:36.053Z,0.443100,0.101100,0.765900,0.132900,1.4028,1536,3106.5
types@2025-10-10T07:33:27.252Z,calibration,types,,,2025-10-10T07:33:27.252Z,0.538200,0.106500,0.745100,0.148300,1.2441,1536,3055.6
types@2025-10-24T04:03:22.881Z,calibration,types,,,2025-10-24T04:03:22.881Z,0.513900,0.107200,0.762100,0.130700,1.3087,1536,3772.2
types@2025-10-27T20:36:09.811Z,calibration,types,,,2025-10-27T20:36:09.811Z,0.474200,0.105200,0.748500,0.146300,1.3631,1536,2978.6
types@2025-10-27T22:34:56.191Z,calibration,types,,,2025-10-27T22:34:56.191Z,0.464600,0.096100,0.769600,0.134200,1.3900,1536,3249.4
types@2025-11-14T19:02:08.967Z,calibration,types,,,2025-11-14T19:02:08.967Z,0.522900,0.110300,0.752500,0.137200,1.3535,1536,3351.0
types@2025-11-14T21:33:11.452Z,calibration,types,,,2025-11-14T21:33:11.452Z,0.462000,0.100400,0.761300,0.138300,1.4325,1536,7996.9
types@2025-11-18T02:17:30.393Z,calibration,types,,,2025-11-18T02:17:30.393Z,0.489000,0.098600,0.765000,0.136400,1.4542,1536,5470.1
aws-sdk-bot@2025-06-02T18:53:42.300Z,calibration,aws-sdk-bot,,,2025-06-02T18:53:42.300Z,0.570100,0.118500,0.774300,0.107200,1.4231,1536,3291.9
aws-sdk-bot@2025-06-03T18:51:04.712Z,calibration,aws-sdk-bot,,,2025-06-03T18:51:04.712Z,0.584000,0.133600,0.758200,0.108200,1.3487,1536,3069.8
aws-sdk-bot@2025-06-04T18:53:55.664Z,calibration,aws-sdk-bot,,,2025-06-04T18:53:55.664Z,0.551800,0.142800,0.760800,0.096500,1.3673,1536,4179.5
aws-sdk-bot@2025-06-05T18:59:45.887Z,calibration,aws-sdk-bot,,,2025-06-05T18:59:45.887Z,0.539700,0.115600,0.762200,0.122200,1.2846,1536,3102.2
aws-sdk-bot@2025-06-06T19:04:08.723Z,calibration,aws-sdk-bot,,,2025-06-06T19:04:08.723Z,0.551700,0.117800,0.766800,0.115400,1.3248,1536,2968.1
aws-sdk-bot@2025-06-09T18:56:30.203Z,calibration,aws-sdk-bot,,,2025-06-09T18:56:30.203Z,0.556800,0.142200,0.725700,0.132100,1.2913,1536,2973.6
aws-sdk-bot@2025-06-11T18:55:12.965Z,calibration,aws-sdk-bot,,,2025-06-11T18:55:12.965Z,0.662700,0.131000,0.764600,0.104400,1.4062,1536,3208.6
aws-sdk-bot@2025-06-12T21:09:41.357Z,calibration,aws-sdk-bot,,,2025-06-12T21:09:41.357Z,0.540100,0.132700,0.730600,0.136700,1.3082,1536,3182.0
aws-sdk-bot@2025-06-16T18:55:54.083Z,calibration,aws-sdk-bot,,,2025-06-16T18:55:54.083Z,0.601700,0.128700,0.733000,0.138300,1.4101,1536,3361.8
aws-sdk-bot@2025-06-16T23:12:53.617Z,calibration,aws-sdk-bot,,,2025-06-16T23:12:53.617Z,0.567100,0.114000,0.743700,0.142300,1.3372,1536,3431.0
aws-sdk-bot@2025-06-17T18:57:54.857Z,calibration,aws-sdk-bot,,,2025-06-17T18:57:54.857Z,0.643000,0.124900,0.749700,0.125400,1.4271,1536,14056.1
aws-sdk-bot@2025-06-18T19:37:28.257Z,calibration,aws-sdk-bot,,,2025-06-18T19:37:28.257Z,0.624700,0.140600,0.720700,0.138700,1.3463,1536,10013.5
aws-sdk-bot@2025-06-19T18:55:42.822Z,calibration,aws-sdk-bot,,,2025-06-19T18:55:42.822Z,0.605700,0.116000,0.759200,0.124800,1.4472,1536,7163.0
aws-sdk-bot@2025-06-20T20:07:24.525Z,calibration,aws-sdk-bot,,,2025-06-20T20:07:24.525Z,0.618700,0.120400,0.751900,0.127800,1.2201,1536,6801.8
aws-sdk-bot@2025-06-23T19:02:43.543Z,calibration,aws-sdk-bot,,,2025-06-23T19:02:43.543Z,0.532300,0.132500,0.761500,0.106000,1.3143,1536,5146.6
aws-sdk-bot@2025-06-24T19:04:31.551Z,calibration,aws-sdk-bot,,,2025-06-24T19:04:31.551Z,0.631500,0.131800,0.739100,0.129100,1.4331,1536,4533.2
aws-sdk-bot@2025-06-25T19:09:01.999Z,calibration,aws-sdk-bot,,,2025-06-25T19:09:01.999Z,0.578100,0.140600,0.716500,0.142900,1.2888,1536,6163.7
aws-sdk-bot@2025-06-26T19:06:22.253Z,calibration,aws-sdk-bot,,,2025-06-26T19:06:22.253Z,0.600200,0.160300,0.671300,0.168400,1.3961,1536,3068.4
aws-sdk-bot@2025-06-27T19:53:40.976Z,calibration,aws-sdk-bot,,,2025-06-27T19:53:40.976Z,0.576700,0.115000,0.778400,0.106500,1.2836,1536,4877.8
aws-sdk-bot@2025-06-30T19:21:54.725Z,calibration,aws-sdk-bot,,,2025-06-30T19:21:54.725Z,0.653400,0.122000,0.754800,0.123200,1.3836,1536,13903.5
aws-sdk-bot@2025-07-01T18:55:39.101Z,calibration,aws-sdk-bot,,,2025-07-01T18:55:39.101Z,0.600600,0.122900,0.761000,0.116000,1.4097,1536,3492.4
aws-sdk-bot@2025-07-02T18:55:28.860Z,calibration,aws-sdk-bot,,,2025-07-02T18:55:28.860Z,0.624400,0.119400,0.748000,0.132600,1.2877,1536,3062.3
aws-sdk-bot@2025-07-03T18:59:08.166Z,calibration,aws-sdk-bot,,,2025-07-03T18:59:08.166Z,0.659600,0.123800,0.752700,0.123500,1.3187,1536,3441.1
aws-sdk-bot@2025-07-09T19:00:51.758Z,calibration,aws-sdk-bot,,,2025-07-09T19:00:51.758Z,0.581900,0.128400,0.749500,0.122200,1.3460,1536,3015.8
aws-sdk-bot@2025-07-15T19:45:35.575Z,calibration,aws-sdk-bot,,,2025-07-15T19:45:35.575Z,0.543600,0.109300,0.778400,0.112300,1.3665,1536,3000.6
aws-sdk-bot@2025-07-16T01:22:45.612Z,calibration,aws-sdk-bot,,,2025-07-16T01:22:45.612Z,0.545800,0.134600,0.706500,0.158900,1.2827,1536,2974.4
aws-sdk-bot@2025-07-16T16:05:05.530Z,calibration,aws-sdk-bot,,,2025-07-16T16:05:05.530Z,0.625800,0.138900,0.734800,0.126300,1.3628,1536,3050.3
aws-sdk-bot@2025-07-17T19:01:00.504Z,calibration,aws-sdk-bot,,,2025-07-17T19:01:00.504Z,0.613300,0.133600,0.752700,0.113800,1.4603,1536,3268.8
aws-sdk-bot@2025-07-18T18:57:07.780Z,calibration,aws-sdk-bot,,,2025-07-18T18:57:07.780Z,0.569300,0.126200,0.773000,0.100800,1.3186,1536,3081.3
aws-sdk-bot@2025-07-21T18:56:37.146Z,calibration,aws-sdk-bot,,,2025-07-21T18:56:37.146Z,0.597400,0.120800,0.753700,0.125500,1.5212,1536,2959.6
aws-sdk-bot@2025-07-25T18:57:00.530Z,calibration,aws-sdk-bot,,,2025-07-25T18:57:00.530Z,0.590200,0.139100,0.713800,0.147100,1.2648,1536,3034.4
aws-sdk-bot@2025-07-28T19:31:27.010Z,calibration,aws-sdk-bot,,,2025-07-28T19:31:27.010Z,0.607000,0.135600,0.748500,0.116000,1.2585,1536,3182.0
aws-sdk-bot@2025-07-29T18:56:34.532Z,calibration,aws-sdk-bot,,,2025-07-29T18:56:34.532Z,0.556100,0.130400,0.759700,0.110000,1.2979,1536,3159.3
aws-sdk-bot@2025-07-30T19:04:54.545Z,calibration,aws-sdk-bot,,,2025-07-30T19:04:54.545Z,0.544400,0.156700,0.725400,0.117900,1.2950,1536,3165.2
aws-sdk-bot@2025-07-31T18:56:07.109Z,calibration,aws-sdk-bot,,,2025-07-31T18:56:07.109Z,0.585700,0.134800,0.737800,0.127300,1.3258,1536,3514.2
aws-sdk-bot@2025-08-01T18:54:55.197Z,calibration,aws-sdk-bot,,,2025-08-01T18:54:55.197Z,0.634100,0.112900,0.773500,0.113600,1.3911,1536,3318.4
aws-sdk-bot@2025-08-04T19:07:23.995Z,calibration,aws-sdk-bot,,,2025-08-04T19:07:23.995Z,0.651600,0.127500,0.729800,0.142800,1.4338,1536,4753.1
aws-sdk-bot@2025-08-05T19:06:27.318Z,calibration,aws-sdk-bot,,,2025-08-05T19:06:27.318Z,0.653800,0.128000,0.742100,0.129900,1.3166,1536,9010.9
aws-sdk-bot@2025-08-06T19:09:06.597Z,calibration,aws-sdk-bot,,,2025-08-06T19:09:06.597Z,0.732100,0.138700,0.730900,0.130300,1.3911,1536,5828.7
aws-sdk-bot@2025-08-07T19:09:14.499Z,calibration,aws-sdk-bot,,,2025-08-07T19:09:14.499Z,0.583500,0.130800,0.737100,0.132100,1.3099,1536,4012.3
aws-sdk-bot@2025-08-08T19:03:46.901Z,calibration,aws-sdk-bot,,,2025-08-08T19:03:46.901Z,0.601500,0.126600,0.756500,0.116900,1.2943,1536,11495.0
aws-sdk-bot@2025-08-11T19:01:37.751Z,calibration,aws-sdk-bot,,,2025-08-11T19:01:37.751Z,0.563800,0.125500,0.768100,0.106400,1.4087,1536,16307.3
aws-sdk-bot@2025-08-12T18:58:53.407Z,calibration,aws-sdk-bot,,,2025-08-12T18:58:53.407Z,0.664500,0.142300,0.716400,0.141400,1.2899,1536,5145.5
aws-sdk-bot@2025-08-13T18:58:50.103Z,calibration,aws-sdk-bot,,,2025-08-13T18:58:50.103Z,0.652200,0.152400,0.698700,0.148900,1.3152,1536,2899.7
aws-sdk-bot@2025-08-14T19:04:01.799Z,calibration,aws-sdk-bot,,,2025-08-14T19:04:01.799Z,0.605900,0.129900,0.755300,0.114700,1.4162,1536,2985.4
aws-sdk-bot@2025-08-18T19:08:08.713Z,calibration,aws-sdk-bot,,,2025-08-18T19:08:08.713Z,0.574600,0.155100,0.731500,0.113400,1.3953,1536,3298.1
aws-sdk-bot@2025-08-20T19:05:22.701Z,calibration,aws-sdk-bot,,,2025-08-20T19:05:22.701Z,0.619100,0.115200,0.777200,0.107600,1.3876,1536,3230.6
aws-sdk-bot@2025-08-21T19:03:43.630Z,calibration,aws-sdk-bot,,,2025-08-21T19:03:43.630Z,0.709700,0.130900,0.746400,0.122700,1.3688,1536,3087.4
aws-sdk-bot@2025-08-22T19:03:45.470Z,calibration,aws-sdk-bot,,,2025-08-22T19:03:45.470Z,0.640500,0.139200,0.729100,0.131700,1.2811,1536,3481.6
aws-sdk-bot@2025-08-25T19:11:17.273Z,calibration,aws-sdk-bot,,,2025-08-25T19:11:17.273Z,0.621700,0.145000,0.727300,0.127700,1.3334,1536,3100.7
aws-sdk-bot@2025-08-26T18:57:31.075Z,calibration,aws-sdk-bot,,,2025-08-26T18:57:31.075Z,0.586600,0.126500,0.758900,0.114600,1.3038,1536,3122.1
aws-sdk-bot@2025-08-27T18:54:01.512Z,calibration,aws-sdk-bot,,,2025-08-27T18:54:01.512Z,0.650600,0.115600,0.777300,0.107100,1.3041,1536,3210.5
aws-sdk-bot@2025-08-28T19:06:56.283Z,calibration,aws-sdk-bot,,,2025-08-28T19:06:56.283Z,0.647100,0.133300,0.742000,0.124700,1.2629,1536,10716.0
aws-sdk-bot@2025-08-29T18:59:14.296Z,calibration,aws-sdk-bot,,,2025-08-29T18:59:14.296Z,0.579900,0.125500,0.755300,0.119200,1.3678,1536,3835.9
aws-sdk-bot@2025-09-02T18:55:13.518Z,calibration,aws-sdk-bot,,,2025-09-02T18:55:13.518Z,0.656000,0.126500,0.759000,0.114500,1.3425,1536,3116.8
aws-sdk-bot@2025-09-03T18:55:01.746Z,calibration,aws-sdk-bot,,,2025-09-03T18:55:01.746Z,0.656800,0.119100,0.769200,0.111700,1.3168,1536,2897.8
aws-sdk-bot@2025-09-04T18:56:47.117Z,calibration,aws-sdk-bot,,,2025-09-04T18:56:47.117Z,0.579900,0.123800,0.754100,0.122100,1.3255,1536,2958.7
aws-sdk-bot@2025-09-05T18:59:16.072Z,calibration,aws-sdk-bot,,,2025-09-05T18:59:16.072Z,0.569600,0.122300,0.759900,0.117800,1.3078,1536,2845.7
aws-sdk-bot@2025-09-08T19:24:31.442Z,calibration,aws-sdk-bot,,,2025-09-08T19:24:31.442Z,0.606500,0.119200,0.758400,0.122300,1.4838,1536,3008.3
aws-sdk-bot@2025-09-09T18:55:40.872Z,calibration,aws-sdk-bot,,,2025-09-09T18:55:40.872Z,0.691500,0.119100,0.762000,0.118900,1.3662,1536,2855.1
aws-sdk-bot@2025-09-10T18:54:38.983Z,calibration,aws-sdk-bot,,,2025-09-10T18:54:38.983Z,0.625300,0.128700,0.746700,0.124600,1.3387,1536,2993.8
aws-sdk-bot@2025-09-11T18:54:57.889Z,calibration,aws-sdk-bot,,,2025-09-11T18:54:57.889Z,0.673500,0.130700,0.723800,0.145500,1.3380,1536,2949.1
aws-sdk-bot@2025-09-12T18:57:32.909Z,calibration,aws-sdk-bot,,,2025-09-12T18:57:32.909Z,0.600200,0.130400,0.750600,0.119000,1.3196,1536,2866.8
aws-sdk-bot@2025-09-16T19:06:25.853Z,calibration,aws-sdk-bot,,,2025-09-16T19:06:25.853Z,0.660000,0.137900,0.730200,0.131900,1.3608,1536,2867.3
aws-sdk-bot@2025-09-17T19:13:00.306Z,calibration,aws-sdk-bot,,,2025-09-17T19:13:00.306Z,0.658800,0.119000,0.741900,0.139200,1.3499,1536,2925.0
aws-sdk-bot@2025-09-18T19:03:20.128Z,calibration,aws-sdk-bot,,,2025-09-18T19:03:20.128Z,0.620100,0.122800,0.773100,0.104100,1.2870,1536,3268.4
aws-sdk-bot@2025-09-19T19:16:17.351Z,calibration,aws-sdk-bot,,,2025-09-19T19:16:17.351Z,0.715400,0.118300,0.768700,0.113000,1.3565,1536,3276.8
aws-sdk-bot@2025-09-22T18:58:51.262Z,calibration,aws-sdk-bot,,,2025-09-22T18:58:51.262Z,0.670900,0.122700,0.770500,0.106800,1.3192,1536,9386.2
aws-sdk-bot@2025-09-23T18:59:32.561Z,calibration,aws-sdk-bot,,,2025-09-23T18:59:32.561Z,0.628700,0.121100,0.786600,0.092200,1.3858,1536,3925.7
aws-sdk-bot@2025-09-24T18:59:12.264Z,calibration,aws-sdk-bot,,,2025-09-24T18:59:12.264Z,0.571800,0.124700,0.741100,0.134300,1.2794,1536,2821.0
aws-sdk-bot@2025-09-26T19:04:29.321Z,calibration,aws-sdk-bot,,,2025-09-26T19:04:29.321Z,0.619000,0.149000,0.730100,0.120800,1.2982,1536,2770.6
aws-sdk-bot@2025-09-29T18:54:21.996Z,calibration,aws-sdk-bot,,,2025-09-29T18:54:21.996Z,0.564800,0.123800,0.770000,0.106200,1.3729,1536,2802.8
aws-sdk-bot@2025-09-30T19:00:08.209Z,calibration,aws-sdk-bot,,,2025-09-30T19:00:08.209Z,0.572900,0.136000,0.753100,0.111000,1.2855,1536,2803.6
aws-sdk-bot@2025-10-01T19:09:52.884Z,calibration,aws-sdk-bot,,,2025-10-01T19:09:52.884Z,0.663800,0.125300,0.727400,0.147300,1.3922,1536,2801.2
aws-sdk-bot@2025-10-02T19:42:35.839Z,calibration,aws-sdk-bot,,,2025-10-02T19:42:35.839Z,0.673500,0.125300,0.748200,0.126600,1.3107,1536,2827.1
aws-sdk-bot@2025-10-03T19:00:35.459Z,calibration,aws-sdk-bot,,,2025-10-03T19:00:35.459Z,0.616600,0.126500,0.732600,0.140900,1.3520,1536,2818.6
aws-sdk-bot@2025-10-06T19:49:57.995Z,calibration,aws-sdk-bot,,,2025-10-06T19:49:57.995Z,0.637300,0.149200,0.699900,0.150900,1.3940,1536,2809.1
aws-sdk-bot@2025-10-08T18:58:41.954Z,calibration,aws-sdk-bot,,,2025-10-08T18:58:41.954Z,0.578200,0.126600,0.742500,0.131000,1.3087,1536,2796.6
aws-sdk-bot@2025-10-09T19:01:49.802Z,calibration,aws-sdk-bot,,,2025-10-09T19:01:49.802Z,0.565600,0.127300,0.752700,0.120000,1.3254,1536,2811.7
aws-sdk-bot@2025-10-10T19:43:55.508Z,calibration,aws-sdk-bot,,,2025-10-10T19:43:55.508Z,0.584500,0.131600,0.750100,0.118300,1.2828,1536,2817.3
aws-sdk-bot@2025-10-14T19:02:12.685Z,calibration,aws-sdk-bot,,,2025-10-14T19:02:12.685Z,0.658200,0.128000,0.734800,0.137200,1.4185,1536,3084.5
aws-sdk-bot@2025-10-15T19:05:43.700Z,calibration,aws-sdk-bot,,,2025-10-15T19:05:43.700Z,0.585700,0.123200,0.752400,0.124500,1.3042,1536,3120.0
aws-sdk-bot@2025-10-16T19:01:19.586Z,calibration,aws-sdk-bot,,,2025-10-16T19:01:19.586Z,0.665600,0.124700,0.754600,0.120700,1.3698,1536,6165.7
aws-sdk-bot@2025-10-17T19:10:56.112Z,calibration,aws-sdk-bot,,,2025-10-17T19:10:56.112Z,0.624900,0.126600,0.737200,0.136200,1.3774,1536,6523.0
aws-sdk-bot@2025-10-21T20:04:46.138Z,calibration,aws-sdk-bot,,,2025-10-21T20:04:46.138Z,0.652500,0.109200,0.764300,0.126500,1.2883,1536,3844.6
aws-sdk-bot@2025-10-22T20:01:54.363Z,calibration,aws-sdk-bot,,,2025-10-22T20:01:54.363Z,0.598900,0.119200,0.752100,0.128800,1.4714,1536,2842.1
aws-sdk-bot@2025-10-23T19:02:38.256Z,calibration,aws-sdk-bot,,,2025-10-23T19:02:38.256Z,0.559100,0.131900,0.758100,0.109900,1.3792,1536,2798.9
aws-sdk-bot@2025-10-24T19:03:00.896Z,calibration,aws-sdk-bot,,,2025-10-24T19:03:00.896Z,0.571900,0.134200,0.727100,0.138700,1.2520,1536,2859.4
aws-sdk-bot@2025-10-27T19:09:15.620Z,calibration,aws-sdk-bot,,,2025-10-27T19:09:15.620Z,0.591600,0.135600,0.732300,0.132100,1.3533,1536,2871.6
aws-sdk-bot@2025-10-28T20:25:32.262Z,calibration,aws-sdk-bot,,,2025-10-28T20:25:32.262Z,0.553700,0.125200,0.755100,0.119700,1.3627,1536,3060.2
aws-sdk-bot@2025-10-29T21:05:27.417Z,calibration,aws-sdk-bot,,,2025-10-29T21:05:27.417Z,0.695500,0.134400,0.733500,0.132100,1.3486,1536,2817.9
aws-sdk-bot@2025-10-30T19:13:52.678Z,calibration,aws-sdk-bot,,,2025-10-30T19:13:52.678Z,0.727100,0.130800,0.769000,0.100200,1.2730,1536,2791.7
aws-sdk-bot@2025-10-31T19:09:38.314Z,calibration,aws-sdk-bot,,,2025-10-31T19:09:38.314Z,0.620500,0.126200,0.739000,0.134900,1.3566,1536,2858.5
aws-sdk-bot@2025-11-03T20:12:00.857Z,calibration,aws-sdk-bot,,,2025-11-03T20:12:00.857Z,0.601900,0.136000,0.735800,0.128200,1.2835,1536,3357.0
aws-sdk-bot@2025-11-05T20:03:21.095Z,calibration,aws-sdk-bot,,,2025-11-05T20:03:21.095Z,0.583700,0.129300,0.735300,0.135400,1.3338,1536,4803.3
aws-sdk-bot@2025-11-06T20:30:00.335Z,calibration,aws-sdk-bot,,,2025-11-06T20:30:00.335Z,0.525900,0.110900,0.776300,0.112800,1.3345,1536,2785.4
aws-sdk-bot@2025-11-07T20:02:13.454Z,calibration,aws-sdk-bot,,,2025-11-07T20:02:13.454Z,0.630300,0.133100,0.725800,0.141100,1.2639,1536,2867.6
aws-sdk-bot@2025-11-10T20:05:05.741Z,calibration,aws-sdk-bot,,,2025-11-10T20:05:05.741Z,0.543100,0.128100,0.760600,0.111300,1.2954,1536,10110.7
aws-sdk-bot@2025-11-11T20:03:26.916Z,calibration,aws-sdk-bot,,,2025-11-11T20:03:26.916Z,0.535000,0.134300,0.752300,0.113400,1.4129,1536,10414.7
aws-sdk-bot@2025-11-12T20:28:25.398Z,calibration,aws-sdk-bot,,,2025-11-12T20:28:25.398Z,0.682900,0.147600,0.708400,0.144000,1.3285,1536,20677.9
aws-sdk-bot@2025-11-13T20:02:35.507Z,calibration,aws-sdk-bot,,,2025-11-13T20:02:35.507Z,0.570200,0.120500,0.763800,0.115700,1.3214,1536,4046.3
aws-sdk-bot@2025-11-14T20:09:04.077Z,calibration,aws-sdk-bot,,,2025-11-14T20:09:04.077Z,0.542600,0.141000,0.738300,0.120600,1.3209,1536,3180.4
aws-sdk-bot@2025-11-17T21:43:24.516Z,calibration,aws-sdk-bot,,,2025-11-17T21:43:24.516Z,0.594100,0.125600,0.760000,0.114400,1.3136,1536,3164.7
aws-sdk-bot@2025-11-18T20:00:07.962Z,calibration,aws-sdk-bot,,,2025-11-18T20:00:07.962Z,0.552200,0.141800,0.744500,0.113700,1.2961,1536,3118.3
aws-sdk-bot@2025-11-19T20:03:47.486Z,calibration,aws-sdk-bot,,,2025-11-19T20:03:47.486Z,0.626400,0.143100,0.738200,0.118600,1.3342,1536,3143.4
aws-sdk-bot@2025-11-19T23:35:19.727Z,calibration,aws-sdk-bot,,,2025-11-19T23:35:19.727Z,0.526400,0.130700,0.743500,0.125800,1.2220,1536,3095.0
aws-sdk-bot@2025-11-20T20:03:50.982Z,calibration,aws-sdk-bot,,,2025-11-20T20:03:50.982Z,0.578600,0.159200,0.715800,0.125000,1.3366,1536,3101.9
aws-sdk-bot@2025-11-21T20:08:43.529Z,calibration,aws-sdk-bot,,,2025-11-21T20:08:43.529Z,0.518100,0.128500,0.766700,0.104700,1.3676,1536,3096.4
aws-sdk-bot@2025-11-24T20:21:49.103Z,calibration,aws-sdk-bot,,,2025-11-24T20:21:49.103Z,0.543300,0.142100,0.749500,0.108400,1.2482,1536,3089.5
aws-sdk-bot@2025-11-25T19:59:49.282Z,calibration,aws-sdk-bot,,,2025-11-25T19:59:49.282Z,0.554400,0.142900,0.741500,0.115600,1.3230,1536,3094.2
aws-sdk-bot@2025-12-01T01:59:25.483Z,calibration,aws-sdk-bot,,,2025-12-01T01:59:25.483Z,0.564700,0.137500,0.732800,0.129700,1.3530,1536,3216.3
aws-sdk-bot@2025-12-02T17:58:12.453Z,calibration,aws-sdk-bot,,,2025-12-02T17:58:12.453Z,0.554300,0.136800,0.739400,0.123800,1.2892,1536,5635.6
aws-sdk-bot@2025-12-05T20:04:38.602Z,calibration,aws-sdk-bot,,,2025-12-05T20:04:38.602Z,0.515000,0.143400,0.747700,0.108900,1.3260,1536,3151.2
aws-sdk-bot@2025-12-08T20:04:38.514Z,calibration,aws-sdk-bot,,,2025-12-08T20:04:38.514Z,0.582600,0.136800,0.761300,0.101900,1.4048,1536,3040.5
aws-sdk-bot@2025-12-09T20:18:18.137Z,calibration,aws-sdk-bot,,,2025-12-09T20:18:18.137Z,0.570300,0.143700,0.724000,0.132300,1.3067,1536,3040.9
aws-sdk-bot@2025-12-10T20:04:49.293Z,calibration,aws-sdk-bot,,,2025-12-10T20:04:49.293Z,0.562900,0.139900,0.740200,0.120000,1.3841,1536,3045.8
aws-sdk-bot@2025-12-11T20:04:16.270Z,calibration,aws-sdk-bot,,,2025-12-11T20:04:16.270Z,0.619600,0.130100,0.723300,0.146500,1.3518,1536,3226.4
aws-sdk-bot@2025-12-12T20:06:26.937Z,calibration,aws-sdk-bot,,,2025-12-12T20:06:26.937Z,0.591700,0.141100,0.747800,0.111100,1.5191,1536,6673.3
aws-sdk-bot@2025-12-15T20:04:34.808Z,calibration,aws-sdk-bot,,,2025-12-15T20:04:34.808Z,0.587000,0.130300,0.766900,0.102700,1.3309,1536,3394.0
aws-sdk-bot@2025-12-16T20:52:25.006Z,calibration,aws-sdk-bot,,,2025-12-16T20:52:25.006Z,0.710900,0.159100,0.722700,0.118200,1.3348,1536,3771.3
aws-sdk-bot@2025-12-17T20:27:18.962Z,calibration,aws-sdk-bot,,,2025-12-17T20:27:18.962Z,0.563700,0.124400,0.753500,0.122200,1.3100,1536,3714.5
aws-sdk-bot@2025-12-18T19:58:57.926Z,calibration,aws-sdk-bot,,,2025-12-18T19:58:57.926Z,0.608300,0.138900,0.721800,0.139400,1.3747,1536,10113.1
aws-sdk-bot@2025-12-19T20:02:11.729Z,calibration,aws-sdk-bot,,,2025-12-19T20:02:11.729Z,0.690100,0.140500,0.729100,0.130400,1.4291,1536,3426.8
aws-sdk-bot@2025-12-22T20:07:00.175Z,calibration,aws-sdk-bot,,,2025-12-22T20:07:00.175Z,0.619400,0.128000,0.764600,0.107400,1.4122,1536,3157.3
aws-sdk-bot@2025-12-23T20:12:20.164Z,calibration,aws-sdk-bot,,,2025-12-23T20:12:20.164Z,0.687400,0.125700,0.741300,0.133000,1.3966,1536,3414.9
sindresorhus@2025-06-05T23:57:36.393Z,test-control,sindresorhus,,,2025-06-05T23:57:36.393Z,0.506700,0.191000,0.658800,0.150200,1.3691,1536,3133.4
sindresorhus@2025-08-19T19:17:53.570Z,test-control,sindresorhus,,,2025-08-19T19:17:53.570Z,0.550300,0.187500,0.646900,0.165600,1.6538,1536,3056.3
sindresorhus@2025-08-21T10:16:05.193Z,test-control,sindresorhus,,,2025-08-21T10:16:05.193Z,0.509700,0.166500,0.702400,0.131100,1.5058,1536,3037.6
sindresorhus@2025-09-08T11:27:04.420Z,test-control,sindresorhus,,,2025-09-08T11:27:04.420Z,0.585500,0.208800,0.663500,0.127700,1.5187,1536,3050.9
sindresorhus@2025-09-08T12:36:33.119Z,test-control,sindresorhus,,,2025-09-08T12:36:33.119Z,0.587800,0.202800,0.668900,0.128300,1.5875,1536,3139.9
sindresorhus@2025-09-08T14:08:04.531Z,test-control,sindresorhus,,,2025-09-08T14:08:04.531Z,0.566800,0.185400,0.668000,0.146600,1.5970,1536,3051.8
sindresorhus@2025-09-08T15:08:53.260Z,test-control,sindresorhus,,,2025-09-08T15:08:53.260Z,0.511100,0.181900,0.648200,0.169900,1.4577,1536,3070.2
sindresorhus@2025-09-09T08:06:17.664Z,test-control,sindresorhus,,,2025-09-09T08:06:17.664Z,0.533100,0.187800,0.658700,0.153500,1.4895,1536,3132.9
sindresorhus@2025-09-09T09:15:15.399Z,test-control,sindresorhus,,,2025-09-09T09:15:15.399Z,0.503500,0.153800,0.703500,0.142700,1.5972,1536,3924.6
sindresorhus@2025-09-09T10:37:09.230Z,test-control,sindresorhus,,,2025-09-09T10:37:09.230Z,0.512900,0.160300,0.689600,0.150100,1.5449,1536,6901.8
sindresorhus@2025-09-09T11:44:17.072Z,test-control,sindresorhus,,,2025-09-09T11:44:17.072Z,0.485200,0.140700,0.721900,0.137300,1.5927,1536,7376.1
sindresorhus@2025-09-09T13:42:36.477Z,test-control,sindresorhus,,,2025-09-09T13:42:36.477Z,0.494500,0.165700,0.681600,0.152700,1.3328,1536,13304.0
sindresorhus@2025-09-09T15:13:35.494Z,test-control,sindresorhus,,,2025-09-09T15:13:35.494Z,0.517500,0.149500,0.692300,0.158200,1.4988,1536,7170.8
sindresorhus@2025-09-09T16:15:05.442Z,test-control,sindresorhus,,,2025-09-09T16:15:05.442Z,0.550700,0.210300,0.611000,0.178700,1.4107,1536,5709.8
sindresorhus@2025-09-09T18:59:04.140Z,test-control,sindresorhus,,,2025-09-09T18:59:04.140Z,0.510200,0.231900,0.595500,0.172700,1.7054,1536,4261.6
sindresorhus@2025-09-09T20:37:28.193Z,test-control,sindresorhus,,,2025-09-09T20:37:28.193Z,0.475800,0.163800,0.681200,0.155000,1.5950,1536,4624.4
sindresorhus@2025-09-09T21:38:04.960Z,test-control,sindresorhus,,,2025-09-09T21:38:04.960Z,0.466500,0.198700,0.630900,0.170400,1.4835,1536,5981.6
sindresorhus@2025-09-10T09:34:35.126Z,test-control,sindresorhus,,,2025-09-10T09:34:35.126Z,0.510400,0.162200,0.673800,0.164000,1.4951,1536,3302.1
sindresorhus@2025-09-10T10:57:58.656Z,test-control,sindresorhus,,,2025-09-10T10:57:58.656Z,0.500900,0.199300,0.618600,0.182000,1.4363,1536,6787.5
sindresorhus@2025-09-10T12:25:24.614Z,test-control,sindresorhus,,,2025-09-10T12:25:24.614Z,0.499600,0.190500,0.629400,0.180100,1.4300,1536,6275.9
sindresorhus@2025-09-10T16:38:07.207Z,test-control,sindresorhus,,,2025-09-10T16:38:07.207Z,0.562000,0.217800,0.640500,0.141700,1.3980,1536,4998.4
sindresorhus@2025-09-10T18:08:38.804Z,test-control,sindresorhus,,,2025-09-10T18:08:38.804Z,0.532100,0.164000,0.708600,0.127400,1.6101,1536,6665.7
sindresorhus@2025-09-10T22:00:50.063Z,test-control,sindresorhus,,,2025-09-10T22:00:50.063Z,0.478400,0.153500,0.689100,0.157500,1.4677,1536,12639.2
sindresorhus@2025-09-11T11:38:44.362Z,test-control,sindresorhus,,,2025-09-11T11:38:44.362Z,0.523100,0.182100,0.689200,0.128700,1.5027,1536,4676.4
sindresorhus@2025-09-11T12:43:29.103Z,test-control,sindresorhus,,,2025-09-11T12:43:29.103Z,0.475900,0.174000,0.705700,0.120300,1.8072,1536,5642.3
sindresorhus@2025-09-11T17:50:33.822Z,test-control,sindresorhus,,,2025-09-11T17:50:33.822Z,0.499100,0.184600,0.663700,0.151800,1.4921,1536,3291.5
sindresorhus@2025-09-11T19:40:49.911Z,test-control,sindresorhus,,,2025-09-11T19:40:49.911Z,0.570200,0.204800,0.633600,0.161600,1.5080,1536,2872.9
sindresorhus@2025-09-11T21:26:33.962Z,test-control,sindresorhus,,,2025-09-11T21:26:33.962Z,0.694500,0.205400,0.658000,0.136600,1.5804,1536,3195.2
sindresorhus@2025-09-13T10:37:21.783Z,test-control,sindresorhus,,,2025-09-13T10:37:21.783Z,0.516500,0.150200,0.709800,0.140000,1.7700,1536,6551.9
sindresorhus@2025-09-13T13:24:21.965Z,test-control,sindresorhus,,,2025-09-13T13:24:21.965Z,0.499900,0.133300,0.734700,0.132000,1.6211,1536,5990.5
sindresorhus@2025-09-14T23:00:45.423Z,test-control,sindresorhus,,,2025-09-14T23:00:45.423Z,0.547100,0.210000,0.620700,0.169300,1.4415,1536,4945.8
sindresorhus@2025-09-15T00:10:07.597Z,test-control,sindresorhus,,,2025-09-15T00:10:07.597Z,0.570200,0.221600,0.622700,0.155700,1.5274,1536,4606.8
sindresorhus@2025-09-15T11:23:42.176Z,test-control,sindresorhus,,,2025-09-15T11:23:42.176Z,0.552600,0.195400,0.638900,0.165700,1.6326,1536,5081.0
sindresorhus@2025-09-15T12:40:34.843Z,test-control,sindresorhus,,,2025-09-15T12:40:34.843Z,0.529300,0.182300,0.645000,0.172700,1.6543,1536,5671.2
sindresorhus@2025-09-15T14:36:04.310Z,test-control,sindresorhus,,,2025-09-15T14:36:04.310Z,0.510500,0.161800,0.685700,0.152400,1.4050,1536,4933.5
sindresorhus@2025-09-15T19:50:04.979Z,test-control,sindresorhus,,,2025-09-15T19:50:04.979Z,0.537000,0.165500,0.684800,0.149700,1.7550,1536,6165.3
sindresorhus@2025-09-15T21:04:08.390Z,test-control,sindresorhus,,,2025-09-15T21:04:08.390Z,0.475200,0.135000,0.708900,0.156000,1.6805,1536,11719.5
sindresorhus@2025-09-15T22:12:56.166Z,test-control,sindresorhus,,,2025-09-15T22:12:56.166Z,0.496600,0.150500,0.691600,0.157900,1.5949,1536,5706.8
sindresorhus@2025-09-15T23:17:38.813Z,test-control,sindresorhus,,,2025-09-15T23:17:38.813Z,0.510900,0.161800,0.671500,0.166700,1.6380,1536,4547.2
sindresorhus@2025-09-16T01:13:57.112Z,test-control,sindresorhus,,,2025-09-16T01:13:57.112Z,0.517000,0.169900,0.667100,0.163000,1.7328,1536,5112.8
sindresorhus@2025-09-16T02:28:11.777Z,test-control,sindresorhus,,,2025-09-16T02:28:11.777Z,0.519800,0.148200,0.695900,0.155900,1.6065,1536,5028.0
sindresorhus@2025-09-16T03:30:20.976Z,test-control,sindresorhus,,,2025-09-16T03:30:20.976Z,0.531900,0.184600,0.652700,0.162700,1.5527,1536,5021.4
sindresorhus@2025-09-16T19:08:34.869Z,test-control,sindresorhus,,,2025-09-16T19:08:34.869Z,0.501400,0.216100,0.635700,0.148200,1.5657,1536,6328.8
sindresorhus@2025-09-16T22:19:05.897Z,test-control,sindresorhus,,,2025-09-16T22:19:05.897Z,0.489400,0.194100,0.657300,0.148500,1.5672,1536,3992.6
sindresorhus@2025-09-17T08:53:35.261Z,test-control,sindresorhus,,,2025-09-17T08:53:35.261Z,0.521600,0.172400,0.661300,0.166300,1.5686,1536,15387.4
sindresorhus@2025-09-18T16:43:20.189Z,test-control,sindresorhus,,,2025-09-18T16:43:20.189Z,0.502300,0.141200,0.711500,0.147400,1.7460,1536,4478.6
sindresorhus@2025-09-21T08:08:17.897Z,test-control,sindresorhus,,,2025-09-21T08:08:17.897Z,0.499600,0.167800,0.655300,0.176900,1.5194,1536,4762.5
sindresorhus@2025-09-21T10:52:07.880Z,test-control,sindresorhus,,,2025-09-21T10:52:07.880Z,0.492600,0.135900,0.743700,0.120300,1.4375,1536,5788.6
sindresorhus@2025-09-21T13:15:58.327Z,test-control,sindresorhus,,,2025-09-21T13:15:58.327Z,0.505200,0.154700,0.720800,0.124500,1.3937,1536,5421.5
sindresorhus@2025-09-23T17:22:18.109Z,test-control,sindresorhus,,,2025-09-23T17:22:18.109Z,0.514800,0.198900,0.627900,0.173200,1.4073,1536,12848.7
sindresorhus@2025-09-23T19:02:35.404Z,test-control,sindresorhus,,,2025-09-23T19:02:35.404Z,0.565500,0.202500,0.655500,0.141900,1.4684,1536,7472.1
sindresorhus@2025-11-02T09:20:46.590Z,test-control,sindresorhus,,,2025-11-02T09:20:46.590Z,0.497100,0.175300,0.667200,0.157500,1.4491,1536,5050.4
sindresorhus@2025-11-02T10:43:25.012Z,test-control,sindresorhus,,,2025-11-02T10:43:25.012Z,0.514900,0.166000,0.678700,0.155400,1.7815,1536,4707.0
sindresorhus@2025-11-15T09:12:13.120Z,test-control,sindresorhus,,,2025-11-15T09:12:13.120Z,0.512900,0.169300,0.683600,0.147000,1.5624,1536,4927.7
sindresorhus@2025-11-15T10:26:17.659Z,test-control,sindresorhus,,,2025-11-15T10:26:17.659Z,0.520900,0.179000,0.670500,0.150500,1.6188,1536,5620.2
wooorm@2025-08-29T18:03:02.179Z,test-control,wooorm,,,2025-08-29T18:03:02.179Z,0.843800,0.481000,0.450800,0.068300,1.6830,1536,4645.0
microsoft1es@2025-06-02T18:42:01.359Z,test-control,microsoft1es,,,2025-06-02T18:42:01.359Z,0.546900,0.154200,0.677000,0.168800,1.3215,1536,8070.3
microsoft1es@2025-06-02T20:50:43.394Z,test-control,microsoft1es,,,2025-06-02T20:50:43.394Z,0.529500,0.126300,0.724400,0.149300,1.3895,1536,13680.6
microsoft1es@2025-06-02T21:52:56.479Z,test-control,microsoft1es,,,2025-06-02T21:52:56.479Z,0.499800,0.138900,0.712200,0.148900,1.4216,1536,4830.8
microsoft1es@2025-06-03T00:39:17.346Z,test-control,microsoft1es,,,2025-06-03T00:39:17.346Z,0.536700,0.134000,0.731200,0.134700,1.3708,1536,5373.3
microsoft1es@2025-06-03T01:39:26.186Z,test-control,microsoft1es,,,2025-06-03T01:39:26.186Z,0.609500,0.142200,0.726700,0.131100,1.4180,1536,4671.9
microsoft1es@2025-06-03T02:49:07.632Z,test-control,microsoft1es,,,2025-06-03T02:49:07.632Z,0.541200,0.123500,0.746800,0.129800,1.3868,1536,4441.9
microsoft1es@2025-06-03T04:03:48.937Z,test-control,microsoft1es,,,2025-06-03T04:03:48.937Z,0.596100,0.103400,0.777200,0.119300,1.4339,1536,4690.0
microsoft1es@2025-06-03T05:04:50.365Z,test-control,microsoft1es,,,2025-06-03T05:04:50.365Z,0.598100,0.106100,0.772900,0.121000,1.3878,1536,3243.0
microsoft1es@2025-06-03T06:06:24.098Z,test-control,microsoft1es,,,2025-06-03T06:06:24.098Z,0.609500,0.111300,0.758000,0.130700,1.3689,1536,7299.9
microsoft1es@2025-06-03T07:07:54.473Z,test-control,microsoft1es,,,2025-06-03T07:07:54.473Z,0.570800,0.125800,0.727400,0.146700,1.4244,1536,7219.0
microsoft1es@2025-06-03T08:22:41.458Z,test-control,microsoft1es,,,2025-06-03T08:22:41.458Z,0.591100,0.116300,0.751300,0.132300,1.5039,1536,5598.1
microsoft1es@2025-06-03T09:33:11.957Z,test-control,microsoft1es,,,2025-06-03T09:33:11.957Z,0.535200,0.099600,0.776000,0.124400,1.4168,1536,5832.6
microsoft1es@2025-06-03T10:35:52.933Z,test-control,microsoft1es,,,2025-06-03T10:35:52.933Z,0.545400,0.101700,0.776200,0.122100,1.4032,1536,14809.5
microsoft1es@2025-06-03T11:37:17.898Z,test-control,microsoft1es,,,2025-06-03T11:37:17.898Z,0.544000,0.093200,0.788600,0.118200,1.3541,1536,6179.6
microsoft1es@2025-06-03T12:51:54.606Z,test-control,microsoft1es,,,2025-06-03T12:51:54.606Z,0.579400,0.106600,0.773500,0.119900,1.2583,1536,5131.1
microsoft1es@2025-06-03T13:52:17.434Z,test-control,microsoft1es,,,2025-06-03T13:52:17.434Z,0.539700,0.103200,0.766600,0.130200,1.2207,1536,4298.4
microsoft1es@2025-06-03T15:04:22.758Z,test-control,microsoft1es,,,2025-06-03T15:04:22.758Z,0.546200,0.121200,0.742500,0.136200,1.2603,1536,5052.1
microsoft1es@2025-06-03T16:05:03.933Z,test-control,microsoft1es,,,2025-06-03T16:05:03.933Z,0.622700,0.107000,0.773900,0.119200,1.3411,1536,4815.1
microsoft1es@2025-06-03T17:09:15.789Z,test-control,microsoft1es,,,2025-06-03T17:09:15.789Z,0.647200,0.119500,0.754900,0.125600,1.3552,1536,4503.0
microsoft1es@2025-06-03T18:09:51.091Z,test-control,microsoft1es,,,2025-06-03T18:09:51.091Z,0.696900,0.124600,0.740600,0.134800,1.4262,1536,4736.3
microsoft1es@2025-06-03T19:11:38.962Z,test-control,microsoft1es,,,2025-06-03T19:11:38.962Z,0.682000,0.136200,0.725000,0.138800,1.4296,1536,5583.2
microsoft1es@2025-06-03T20:19:32.048Z,test-control,microsoft1es,,,2025-06-03T20:19:32.048Z,0.686400,0.119700,0.744400,0.135900,1.4442,1536,5749.8
microsoft1es@2025-06-03T21:23:32.594Z,test-control,microsoft1es,,,2025-06-03T21:23:32.594Z,0.681200,0.136500,0.738500,0.125000,1.4938,1536,12920.6
microsoft1es@2025-06-03T22:36:48.639Z,test-control,microsoft1es,,,2025-06-03T22:36:48.639Z,0.553700,0.133800,0.734500,0.131700,1.4026,1536,5243.8
microsoft1es@2025-06-03T23:38:05.122Z,test-control,microsoft1es,,,2025-06-03T23:38:05.122Z,0.561200,0.138000,0.718500,0.143500,1.3442,1536,4604.1
microsoft1es@2025-06-04T00:49:34.130Z,test-control,microsoft1es,,,2025-06-04T00:49:34.130Z,0.539100,0.123900,0.732200,0.143900,1.3567,1536,4784.5
microsoft1es@2025-06-04T01:56:14.624Z,test-control,microsoft1es,,,2025-06-04T01:56:14.624Z,0.568400,0.129800,0.729600,0.140600,1.3328,1536,4515.0
microsoft1es@2025-06-04T02:59:35.578Z,test-control,microsoft1es,,,2025-06-04T02:59:35.578Z,0.596700,0.134900,0.731900,0.133200,1.3693,1536,4892.3
microsoft1es@2025-06-04T04:06:15.365Z,test-control,microsoft1es,,,2025-06-04T04:06:15.365Z,0.591700,0.126200,0.723800,0.150000,1.3659,1536,5073.1
microsoft1es@2025-06-04T05:19:39.723Z,test-control,microsoft1es,,,2025-06-04T05:19:39.723Z,0.561200,0.116100,0.736100,0.147900,1.4024,1536,4597.4
microsoft1es@2025-06-04T06:20:10.424Z,test-control,microsoft1es,,,2025-06-04T06:20:10.424Z,0.577400,0.109900,0.742200,0.147900,1.3817,1536,5920.3
microsoft1es@2025-06-04T07:20:10.826Z,test-control,microsoft1es,,,2025-06-04T07:20:10.826Z,0.569300,0.104600,0.757600,0.137800,1.3645,1536,13248.2
microsoft1es@2025-06-04T08:21:38.407Z,test-control,microsoft1es,,,2025-06-04T08:21:38.407Z,0.591700,0.118400,0.732600,0.149000,1.4015,1536,8897.0
microsoft1es@2025-06-04T09:25:58.661Z,test-control,microsoft1es,,,2025-06-04T09:25:58.661Z,0.523300,0.094900,0.776000,0.129000,1.3462,1536,13943.8
microsoft1es@2025-06-04T10:33:30.603Z,test-control,microsoft1es,,,2025-06-04T10:33:30.603Z,0.564400,0.094300,0.773000,0.132700,1.3336,1536,10331.5
microsoft1es@2025-06-04T11:35:22.821Z,test-control,microsoft1es,,,2025-06-04T11:35:22.821Z,0.547300,0.095800,0.776200,0.128000,1.3582,1536,8159.2
microsoft1es@2025-06-04T12:36:49.334Z,test-control,microsoft1es,,,2025-06-04T12:36:49.334Z,0.559400,0.097300,0.778400,0.124300,1.3274,1536,13511.8
microsoft1es@2025-06-04T13:51:45.940Z,test-control,microsoft1es,,,2025-06-04T13:51:45.940Z,0.565700,0.109700,0.761200,0.129100,1.3024,1536,7424.4
microsoft1es@2025-06-04T14:52:19.144Z,test-control,microsoft1es,,,2025-06-04T14:52:19.144Z,0.541000,0.113100,0.751700,0.135300,1.2862,1536,4842.0
microsoft1es@2025-06-04T15:54:06.858Z,test-control,microsoft1es,,,2025-06-04T15:54:06.858Z,0.618300,0.100400,0.776100,0.123500,1.3734,1536,5058.2
microsoft1es@2025-06-04T17:06:22.363Z,test-control,microsoft1es,,,2025-06-04T17:06:22.363Z,0.610100,0.111700,0.756000,0.132300,1.3598,1536,4827.0
microsoft1es@2025-06-04T18:06:57.861Z,test-control,microsoft1es,,,2025-06-04T18:06:57.861Z,0.629700,0.105700,0.759100,0.135200,1.3871,1536,5479.7
microsoft1es@2025-06-04T19:08:26.749Z,test-control,microsoft1es,,,2025-06-04T19:08:26.749Z,0.614000,0.111100,0.759300,0.129600,1.3837,1536,4970.1
microsoft1es@2025-06-04T20:19:46.571Z,test-control,microsoft1es,,,2025-06-04T20:19:46.571Z,0.625000,0.114600,0.760700,0.124700,1.4293,1536,5515.8
microsoft1es@2025-06-04T21:20:07.271Z,test-control,microsoft1es,,,2025-06-04T21:20:07.271Z,0.645000,0.130900,0.744300,0.124800,1.4176,1536,3320.1
microsoft1es@2025-06-04T22:20:54.792Z,test-control,microsoft1es,,,2025-06-04T22:20:54.792Z,0.522900,0.127500,0.735700,0.136900,1.3520,1536,3685.3
microsoft1es@2025-06-04T23:25:41.937Z,test-control,microsoft1es,,,2025-06-04T23:25:41.937Z,0.531400,0.129100,0.743500,0.127400,1.3041,1536,14991.3
microsoft1es@2025-06-05T00:38:03.292Z,test-control,microsoft1es,,,2025-06-05T00:38:03.292Z,0.583700,0.149800,0.713200,0.137000,1.4012,1536,9840.1
microsoft1es@2025-06-05T01:49:09.053Z,test-control,microsoft1es,,,2025-06-05T01:49:09.053Z,0.560400,0.121600,0.760500,0.117900,1.4233,1536,12040.2
microsoft1es@2025-06-05T02:49:35.021Z,test-control,microsoft1es,,,2025-06-05T02:49:35.021Z,0.638400,0.117100,0.760300,0.122600,1.4902,1536,11099.1
microsoft1es@2025-06-05T04:04:07.351Z,test-control,microsoft1es,,,2025-06-05T04:04:07.351Z,0.581700,0.109000,0.755100,0.135800,1.3059,1536,4441.7
microsoft1es@2025-06-05T05:04:36.786Z,test-control,microsoft1es,,,2025-06-05T05:04:36.786Z,0.588500,0.109200,0.757300,0.133500,1.2943,1536,3203.3
microsoft1es@2025-06-05T06:04:56.272Z,test-control,microsoft1es,,,2025-06-05T06:04:56.272Z,0.569600,0.095500,0.759100,0.145400,1.3234,1536,3442.7
microsoft1es@2025-06-05T07:07:51.939Z,test-control,microsoft1es,,,2025-06-05T07:07:51.939Z,0.581500,0.102200,0.751800,0.146100,1.3639,1536,3288.2
microsoft1es@2025-06-05T08:22:37.333Z,test-control,microsoft1es,,,2025-06-05T08:22:37.333Z,0.590700,0.098700,0.767900,0.133400,1.4092,1536,3070.1
microsoft1es@2025-06-05T09:22:55.673Z,test-control,microsoft1es,,,2025-06-05T09:22:55.673Z,0.567800,0.090600,0.797700,0.111700,1.3260,1536,3089.3
microsoft1es@2025-06-05T10:24:49.077Z,test-control,microsoft1es,,,2025-06-05T10:24:49.077Z,0.570400,0.091300,0.796800,0.112000,1.3392,1536,2975.6
microsoft1es@2025-06-05T11:33:31.284Z,test-control,microsoft1es,,,2025-06-05T11:33:31.284Z,0.535400,0.095000,0.782700,0.122300,1.3078,1536,3074.0
microsoft1es@2025-06-05T12:34:14.225Z,test-control,microsoft1es,,,2025-06-05T12:34:14.225Z,0.556600,0.094000,0.788400,0.117500,1.3289,1536,4434.3
microsoft1es@2025-06-05T13:38:52.658Z,test-control,microsoft1es,,,2025-06-05T13:38:52.658Z,0.518700,0.105100,0.767100,0.127800,1.3286,1536,4117.3
microsoft1es@2025-06-05T14:39:01.378Z,test-control,microsoft1es,,,2025-06-05T14:39:01.378Z,0.473100,0.111800,0.747300,0.140900,1.3331,1536,10676.4
microsoft1es@2025-06-05T15:50:41.463Z,test-control,microsoft1es,,,2025-06-05T15:50:41.463Z,0.570300,0.118500,0.739700,0.141700,1.3841,1536,3977.7
microsoft1es@2025-06-05T16:51:17.477Z,test-control,microsoft1es,,,2025-06-05T16:51:17.477Z,0.564500,0.106900,0.760400,0.132700,1.3235,1536,2928.3
microsoft1es@2025-06-05T17:51:30.242Z,test-control,microsoft1es,,,2025-06-05T17:51:30.242Z,0.662200,0.112400,0.754000,0.133500,1.4092,1536,2863.8
microsoft1es@2025-06-05T18:52:54.444Z,test-control,microsoft1es,,,2025-06-05T18:52:54.444Z,0.676700,0.128200,0.730800,0.141000,1.4816,1536,2850.7
microsoft1es@2025-06-05T19:55:30.111Z,test-control,microsoft1es,,,2025-06-05T19:55:30.111Z,0.671000,0.108600,0.764400,0.127000,1.4999,1536,2851.3
microsoft1es@2025-06-05T21:02:53.932Z,test-control,microsoft1es,,,2025-06-05T21:02:53.932Z,0.668100,0.109200,0.776800,0.114100,1.4707,1536,5135.0
microsoft1es@2025-06-05T22:03:08.919Z,test-control,microsoft1es,,,2025-06-05T22:03:08.919Z,0.529000,0.119700,0.758000,0.122300,1.3568,1536,6857.1
microsoft1es@2025-06-05T23:03:20.161Z,test-control,microsoft1es,,,2025-06-05T23:03:20.161Z,0.550100,0.121300,0.758700,0.120000,1.2791,1536,2888.7
microsoft1es@2025-06-06T00:07:29.318Z,test-control,microsoft1es,,,2025-06-06T00:07:29.318Z,0.606800,0.123300,0.754500,0.122200,1.3442,1536,2908.4
microsoft1es@2025-06-06T01:08:01.399Z,test-control,microsoft1es,,,2025-06-06T01:08:01.399Z,0.564400,0.140900,0.723100,0.136000,1.3337,1536,3824.6
microsoft1es@2025-06-06T02:20:10.990Z,test-control,microsoft1es,,,2025-06-06T02:20:10.990Z,0.585700,0.125900,0.738800,0.135400,1.4281,1536,6492.0
microsoft1es@2025-06-06T03:22:30.394Z,test-control,microsoft1es,,,2025-06-06T03:22:30.394Z,0.638300,0.121200,0.743600,0.135200,1.4741,1536,3199.2
microsoft1es@2025-06-06T04:35:26.982Z,test-control,microsoft1es,,,2025-06-06T04:35:26.982Z,0.587500,0.114000,0.750400,0.135600,1.3647,1536,3069.0
microsoft1es@2025-06-06T05:37:10.289Z,test-control,microsoft1es,,,2025-06-06T05:37:10.289Z,0.588200,0.111500,0.762800,0.125600,1.3720,1536,3669.9
microsoft1es@2025-06-06T06:48:36.490Z,test-control,microsoft1es,,,2025-06-06T06:48:36.490Z,0.600000,0.103500,0.764200,0.132400,1.3865,1536,17409.4
microsoft1es@2025-06-06T07:49:59.625Z,test-control,microsoft1es,,,2025-06-06T07:49:59.625Z,0.613300,0.115200,0.748900,0.135900,1.4185,1536,9447.3
microsoft1es@2025-06-06T09:03:07.252Z,test-control,microsoft1es,,,2025-06-06T09:03:07.252Z,0.606500,0.113200,0.741500,0.145400,1.3107,1536,5395.6
microsoft1es@2025-06-06T10:03:56.590Z,test-control,microsoft1es,,,2025-06-06T10:03:56.590Z,0.554100,0.109700,0.787900,0.102400,1.4189,1536,2790.7
microsoft1es@2025-06-06T11:04:06.262Z,test-control,microsoft1es,,,2025-06-06T11:04:06.262Z,0.516400,0.098700,0.787200,0.114000,1.3589,1536,2844.5
microsoft1es@2025-06-06T12:06:48.280Z,test-control,microsoft1es,,,2025-06-06T12:06:48.280Z,0.559000,0.095800,0.799200,0.105100,1.3531,1536,5381.4
microsoft1es@2025-06-06T13:10:53.309Z,test-control,microsoft1es,,,2025-06-06T13:10:53.309Z,0.533700,0.095800,0.802100,0.102100,1.3457,1536,6181.8
microsoft1es@2025-06-06T14:29:04.573Z,test-control,microsoft1es,,,2025-06-06T14:29:04.573Z,0.553300,0.103800,0.781500,0.114700,1.2868,1536,4480.6
microsoft1es@2025-06-06T15:33:51.190Z,test-control,microsoft1es,,,2025-06-06T15:33:51.190Z,0.547400,0.106700,0.782400,0.110900,1.3334,1536,4453.4
microsoft1es@2025-06-06T16:34:32.866Z,test-control,microsoft1es,,,2025-06-06T16:34:32.866Z,0.616000,0.109000,0.785100,0.105900,1.3868,1536,5070.1
microsoft1es@2025-06-06T17:35:36.012Z,test-control,microsoft1es,,,2025-06-06T17:35:36.012Z,0.571800,0.101600,0.775300,0.123100,1.3344,1536,4949.8
microsoft1es@2025-06-06T18:37:25.409Z,test-control,microsoft1es,,,2025-06-06T18:37:25.409Z,0.668900,0.124900,0.745200,0.129900,1.3655,1536,4520.8
microsoft1es@2025-06-06T19:40:08.370Z,test-control,microsoft1es,,,2025-06-06T19:40:08.370Z,0.670800,0.115800,0.755300,0.128900,1.3775,1536,4970.4
microsoft1es@2025-06-06T20:49:05.460Z,test-control,microsoft1es,,,2025-06-06T20:49:05.460Z,0.656600,0.102800,0.782700,0.114500,1.4245,1536,3056.4
microsoft1es@2025-06-06T21:50:17.306Z,test-control,microsoft1es,,,2025-06-06T21:50:17.306Z,0.527500,0.118900,0.747600,0.133500,1.3141,1536,3020.3
microsoft1es@2025-06-06T22:53:58.121Z,test-control,microsoft1es,,,2025-06-06T22:53:58.121Z,0.548600,0.126600,0.743500,0.129800,1.2694,1536,7559.5
microsoft1es@2025-06-06T23:54:03.218Z,test-control,microsoft1es,,,2025-06-06T23:54:03.218Z,0.557900,0.127600,0.733900,0.138500,1.2402,1536,5372.4
microsoft1es@2025-06-07T01:05:06.758Z,test-control,microsoft1es,,,2025-06-07T01:05:06.758Z,0.579400,0.122300,0.739400,0.138400,1.3072,1536,3565.6
microsoft1es@2025-06-07T02:05:10.463Z,test-control,microsoft1es,,,2025-06-07T02:05:10.463Z,0.539400,0.110900,0.750100,0.139000,1.2202,1536,4548.7
microsoft1es@2025-06-07T03:06:11.851Z,test-control,microsoft1es,,,2025-06-07T03:06:11.851Z,0.652000,0.133900,0.741900,0.124200,1.4319,1536,4069.7
microsoft1es@2025-06-07T04:06:21.216Z,test-control,microsoft1es,,,2025-06-07T04:06:21.216Z,0.625700,0.134700,0.715400,0.149900,1.3841,1536,2945.9
microsoft1es@2025-06-07T05:18:39.460Z,test-control,microsoft1es,,,2025-06-07T05:18:39.460Z,0.589700,0.110600,0.755100,0.134300,1.3651,1536,3278.8
microsoft1es@2025-06-07T06:34:41.764Z,test-control,microsoft1es,,,2025-06-07T06:34:41.764Z,0.586200,0.111300,0.743900,0.144700,1.3617,1536,10076.0
microsoft1es@2025-06-09T07:34:43.361Z,test-control,microsoft1es,,,2025-06-09T07:34:43.361Z,0.604200,0.143600,0.700100,0.156300,1.5377,1536,10660.4
microsoft1es@2025-06-09T08:48:19.215Z,test-control,microsoft1es,,,2025-06-09T08:48:19.215Z,0.747200,0.109300,0.774400,0.116300,1.3725,1536,8222.7
microsoft1es@2025-06-09T09:48:32.422Z,test-control,microsoft1es,,,2025-06-09T09:48:32.422Z,0.591700,0.118500,0.757100,0.124300,1.3897,1536,9378.6
microsoft1es@2025-06-09T10:50:08.510Z,test-control,microsoft1es,,,2025-06-09T10:50:08.510Z,0.584600,0.122100,0.760200,0.117700,1.3634,1536,14577.0
microsoft1es@2025-06-09T11:50:20.031Z,test-control,microsoft1es,,,2025-06-09T11:50:20.031Z,0.583800,0.130000,0.740100,0.129900,1.3250,1536,19703.0
microsoft1es@2025-06-09T12:51:48.602Z,test-control,microsoft1es,,,2025-06-09T12:51:48.602Z,0.556700,0.089400,0.798600,0.112000,1.2913,1536,6007.8
microsoft1es@2025-06-09T13:52:10.510Z,test-control,microsoft1es,,,2025-06-09T13:52:10.510Z,0.513900,0.085700,0.795400,0.118900,1.2680,1536,3230.3
microsoft1es@2025-06-09T14:54:18.627Z,test-control,microsoft1es,,,2025-06-09T14:54:18.627Z,0.524600,0.088800,0.792300,0.119000,1.2986,1536,7451.2
microsoft1es@2025-06-09T15:55:21.424Z,test-control,microsoft1es,,,2025-06-09T15:55:21.424Z,0.629100,0.106200,0.767900,0.125900,1.4239,1536,7518.3
microsoft1es@2025-06-09T16:58:06.762Z,test-control,microsoft1es,,,2025-06-09T16:58:06.762Z,0.619300,0.093400,0.786400,0.120200,1.3592,1536,15003.3
microsoft1es@2025-06-09T18:06:04.164Z,test-control,microsoft1es,,,2025-06-09T18:06:04.164Z,0.663800,0.119400,0.749600,0.131000,1.4534,1536,6787.4
microsoft1es@2025-06-09T19:07:20.975Z,test-control,microsoft1es,,,2025-06-09T19:07:20.975Z,0.644900,0.101800,0.774000,0.124200,1.3978,1536,6851.3
microsoft1es@2025-06-09T20:07:31.651Z,test-control,microsoft1es,,,2025-06-09T20:07:31.651Z,0.650800,0.125400,0.746300,0.128400,1.4366,1536,6589.4
microsoft1es@2025-06-09T21:08:01.642Z,test-control,microsoft1es,,,2025-06-09T21:08:01.642Z,0.619500,0.108700,0.760500,0.130800,1.4267,1536,12939.9
microsoft1es@2025-06-09T22:20:02.864Z,test-control,microsoft1es,,,2025-06-09T22:20:02.864Z,0.568600,0.147900,0.710700,0.141400,1.3489,1536,4693.6
microsoft1es@2025-06-09T23:23:22.856Z,test-control,microsoft1es,,,2025-06-09T23:23:22.856Z,0.575700,0.135500,0.739400,0.125100,1.3559,1536,4872.5
microsoft1es@2025-06-10T00:24:36.784Z,test-control,microsoft1es,,,2025-06-10T00:24:36.784Z,0.591000,0.149900,0.720100,0.130000,1.3553,1536,4271.0
microsoft1es@2025-06-10T01:24:44.763Z,test-control,microsoft1es,,,2025-06-10T01:24:44.763Z,0.489100,0.120200,0.750000,0.129800,1.3712,1536,4900.2
microsoft1es@2025-06-10T02:27:58.955Z,test-control,microsoft1es,,,2025-06-10T02:27:58.955Z,0.557800,0.123100,0.750700,0.126200,1.3428,1536,6381.3
microsoft1es@2025-06-10T03:37:48.061Z,test-control,microsoft1es,,,2025-06-10T03:37:48.061Z,0.607300,0.129300,0.745700,0.125000,1.3463,1536,14133.3
microsoft1es@2025-06-10T04:38:59.879Z,test-control,microsoft1es,,,2025-06-10T04:38:59.879Z,0.623000,0.131600,0.723500,0.145000,1.4329,1536,5535.7
microsoft1es@2025-06-10T05:39:23.611Z,test-control,microsoft1es,,,2025-06-10T05:39:23.611Z,0.601000,0.112500,0.754800,0.132700,1.3783,1536,4825.3
microsoft1es@2025-06-10T06:48:54.932Z,test-control,microsoft1es,,,2025-06-10T06:48:54.932Z,0.630600,0.105200,0.753100,0.141600,1.4414,1536,5176.0
microsoft1es@2025-06-10T07:50:20.590Z,test-control,microsoft1es,,,2025-06-10T07:50:20.590Z,0.593900,0.097700,0.766600,0.135700,1.3579,1536,5618.5
microsoft1es@2025-06-10T08:50:42.733Z,test-control,microsoft1es,,,2025-06-10T08:50:42.733Z,0.587500,0.105300,0.752900,0.141700,1.3555,1536,5586.8
microsoft1es@2025-06-10T10:04:45.317Z,test-control,microsoft1es,,,2025-06-10T10:04:45.317Z,0.598600,0.097200,0.782300,0.120500,1.3678,1536,12932.5
microsoft1es@2025-06-10T11:09:44.756Z,test-control,microsoft1es,,,2025-06-10T11:09:44.756Z,0.581600,0.083200,0.801000,0.115800,1.3560,1536,5782.9
microsoft1es@2025-06-10T12:24:35.594Z,test-control,microsoft1es,,,2025-06-10T12:24:35.594Z,0.530500,0.094600,0.784700,0.120700,1.2740,1536,4885.1
microsoft1es@2025-06-10T13:25:15.475Z,test-control,microsoft1es,,,2025-06-10T13:25:15.475Z,0.547100,0.113700,0.763700,0.122600,1.2868,1536,4973.0
microsoft1es@2025-06-10T14:40:29.806Z,test-control,microsoft1es,,,2025-06-10T14:40:29.806Z,0.571000,0.107700,0.758900,0.133400,1.2806,1536,4471.1
microsoft1es@2025-06-10T15:53:02.883Z,test-control,microsoft1es,,,2025-06-10T15:53:02.883Z,0.604900,0.090200,0.790700,0.119200,1.2122,1536,4924.0
microsoft1es@2025-06-10T16:53:47.716Z,test-control,microsoft1es,,,2025-06-10T16:53:47.716Z,0.586200,0.100200,0.780800,0.119000,1.2739,1536,3952.8
microsoft1es@2025-06-10T17:54:26.325Z,test-control,microsoft1es,,,2025-06-10T17:54:26.325Z,0.660100,0.103500,0.767800,0.128600,1.3206,1536,3699.1
microsoft1es@2025-06-10T18:57:06.366Z,test-control,microsoft1es,,,2025-06-10T18:57:06.366Z,0.655600,0.124100,0.741400,0.134500,1.3931,1536,3665.9
microsoft1es@2025-06-10T20:10:03.526Z,test-control,microsoft1es,,,2025-06-10T20:10:03.526Z,0.698500,0.125200,0.740800,0.134000,1.3341,1536,11571.2
microsoft1es@2025-06-10T21:14:43.651Z,test-control,microsoft1es,,,2025-06-10T21:14:43.651Z,0.654100,0.136400,0.724300,0.139300,1.4395,1536,6007.4
microsoft1es@2025-06-10T22:14:50.840Z,test-control,microsoft1es,,,2025-06-10T22:14:50.840Z,0.538900,0.135400,0.712700,0.151900,1.3539,1536,5599.7
microsoft1es@2025-06-10T23:23:07.772Z,test-control,microsoft1es,,,2025-06-10T23:23:07.772Z,0.592800,0.130700,0.747800,0.121500,1.3623,1536,5808.5
microsoft1es@2025-06-11T00:24:16.801Z,test-control,microsoft1es,,,2025-06-11T00:24:16.801Z,0.611300,0.126700,0.735500,0.137800,1.3301,1536,6614.3
microsoft1es@2025-06-11T01:25:12.742Z,test-control,microsoft1es,,,2025-06-11T01:25:12.742Z,0.520500,0.119100,0.725900,0.155100,1.3278,1536,7383.3
microsoft1es@2025-06-11T02:37:56.355Z,test-control,microsoft1es,,,2025-06-11T02:37:56.355Z,0.584300,0.124100,0.748200,0.127800,1.2471,1536,13846.9
microsoft1es@2025-06-11T03:38:49.230Z,test-control,microsoft1es,,,2025-06-11T03:38:49.230Z,0.668500,0.127800,0.741900,0.130300,1.4151,1536,5941.4
microsoft1es@2025-06-11T04:48:28.516Z,test-control,microsoft1es,,,2025-06-11T04:48:28.516Z,0.604300,0.128300,0.728200,0.143500,1.3212,1536,4599.1
microsoft1es@2025-06-11T05:50:08.131Z,test-control,microsoft1es,,,2025-06-11T05:50:08.131Z,0.589000,0.134400,0.728700,0.136900,1.2987,1536,4907.1
microsoft1es@2025-06-11T06:53:16.437Z,test-control,microsoft1es,,,2025-06-11T06:53:16.437Z,0.601500,0.110500,0.754600,0.134900,1.3547,1536,5344.4
microsoft1es@2025-06-11T08:08:48.815Z,test-control,microsoft1es,,,2025-06-11T08:08:48.815Z,0.575700,0.106300,0.752300,0.141400,1.3777,1536,2852.7
microsoft1es@2025-06-11T09:11:10.546Z,test-control,microsoft1es,,,2025-06-11T09:11:10.546Z,0.560200,0.106800,0.774200,0.119000,1.3310,1536,3004.9
microsoft1es@2025-06-11T10:24:06.970Z,test-control,microsoft1es,,,2025-06-11T10:24:06.970Z,0.562800,0.110300,0.772000,0.117800,1.3668,1536,2955.3
microsoft1es@2025-06-11T11:25:07.640Z,test-control,microsoft1es,,,2025-06-11T11:25:07.640Z,0.543200,0.107000,0.793600,0.099500,1.3899,1536,2887.3
microsoft1es@2025-06-11T12:28:37.532Z,test-control,microsoft1es,,,2025-06-11T12:28:37.532Z,0.509000,0.097600,0.796900,0.105600,1.2395,1536,3374.2
microsoft1es@2025-06-11T13:39:59.582Z,test-control,microsoft1es,,,2025-06-11T13:39:59.582Z,0.525000,0.106100,0.792000,0.101900,1.2431,1536,3252.7
microsoft1es@2025-06-11T15:09:20.660Z,test-control,microsoft1es,,,2025-06-11T15:09:20.660Z,0.552200,0.113000,0.758800,0.128200,1.1839,1536,3198.7
microsoft1es@2025-06-11T16:22:13.344Z,test-control,microsoft1es,,,2025-06-11T16:22:13.344Z,0.599500,0.111400,0.780000,0.108600,1.2854,1536,3209.1
microsoft1es@2025-06-11T17:33:31.483Z,test-control,microsoft1es,,,2025-06-11T17:33:31.483Z,0.549000,0.092200,0.792100,0.115700,1.1555,1536,3022.6
microsoft1es@2025-06-11T18:35:41.548Z,test-control,microsoft1es,,,2025-06-11T18:35:41.548Z,0.662900,0.108800,0.777500,0.113700,1.3115,1536,3029.6
microsoft1es@2025-06-11T19:38:03.444Z,test-control,microsoft1es,,,2025-06-11T19:38:03.444Z,0.645100,0.115700,0.763100,0.121300,1.3477,1536,2984.8
microsoft1es@2025-06-11T20:48:43.646Z,test-control,microsoft1es,,,2025-06-11T20:48:43.646Z,0.621800,0.123100,0.747700,0.129100,1.3203,1536,2918.0
microsoft1es@2025-06-11T21:48:59.166Z,test-control,microsoft1es,,,2025-06-11T21:48:59.166Z,0.511000,0.114600,0.761400,0.124000,1.1956,1536,2963.1
microsoft1es@2025-06-11T22:50:08.282Z,test-control,microsoft1es,,,2025-06-11T22:50:08.282Z,0.536000,0.119200,0.757100,0.123700,1.2309,1536,2887.0
microsoft1es@2025-06-11T23:50:15.749Z,test-control,microsoft1es,,,2025-06-11T23:50:15.749Z,0.555100,0.128400,0.755000,0.116500,1.3365,1536,2953.2
microsoft1es@2025-06-12T00:50:22.177Z,test-control,microsoft1es,,,2025-06-12T00:50:22.177Z,0.525500,0.111900,0.738500,0.149600,1.2821,1536,4227.0
microsoft1es@2025-06-12T01:51:10.832Z,test-control,microsoft1es,,,2025-06-12T01:51:10.832Z,0.536100,0.124000,0.744200,0.131800,1.2574,1536,6343.8
microsoft1es@2025-06-12T02:52:13.450Z,test-control,microsoft1es,,,2025-06-12T02:52:13.450Z,0.568800,0.128300,0.747800,0.123800,1.3108,1536,3988.5
microsoft1es@2025-06-12T04:03:17.255Z,test-control,microsoft1es,,,2025-06-12T04:03:17.255Z,0.618100,0.123000,0.747200,0.129800,1.2775,1536,4121.6
microsoft1es@2025-06-12T05:03:59.046Z,test-control,microsoft1es,,,2025-06-12T05:03:59.046Z,0.583400,0.107400,0.775600,0.117100,1.1792,1536,2747.4
microsoft1es@2025-06-12T06:07:10.350Z,test-control,microsoft1es,,,2025-06-12T06:07:10.350Z,0.614600,0.107900,0.778600,0.113500,1.3167,1536,2725.5
microsoft1es@2025-06-12T07:07:13.060Z,test-control,microsoft1es,,,2025-06-12T07:07:13.060Z,0.632500,0.126000,0.752400,0.121500,1.3990,1536,2745.0
microsoft1es@2025-06-12T08:22:09.083Z,test-control,microsoft1es,,,2025-06-12T08:22:09.083Z,0.617800,0.108400,0.775400,0.116200,1.3669,1536,2867.3
microsoft1es@2025-06-12T09:22:21.519Z,test-control,microsoft1es,,,2025-06-12T09:22:21.519Z,0.533400,0.094400,0.799300,0.106400,1.2452,1536,2853.3
microsoft1es@2025-06-12T10:22:41.622Z,test-control,microsoft1es,,,2025-06-12T10:22:41.622Z,0.537800,0.101500,0.786800,0.111700,1.2597,1536,2777.8
microsoft1es@2025-06-12T11:34:16.057Z,test-control,microsoft1es,,,2025-06-12T11:34:16.057Z,0.555800,0.112000,0.769200,0.118800,1.3037,1536,2740.4
microsoft1es@2025-06-12T12:37:06.906Z,test-control,microsoft1es,,,2025-06-12T12:37:06.906Z,0.538900,0.098600,0.780800,0.120700,1.2185,1536,2757.5
microsoft1es@2025-06-12T13:37:31.100Z,test-control,microsoft1es,,,2025-06-12T13:37:31.100Z,0.520300,0.087700,0.801400,0.110900,1.2291,1536,2804.0
microsoft1es@2025-06-12T14:54:00.629Z,test-control,microsoft1es,,,2025-06-12T14:54:00.629Z,0.553600,0.098100,0.782300,0.119600,1.2271,1536,2762.7
microsoft1es@2025-06-12T16:03:41.341Z,test-control,microsoft1es,,,2025-06-12T16:03:41.341Z,0.626200,0.082900,0.820700,0.096400,1.2627,1536,2740.8
microsoft1es@2025-06-12T17:07:55.169Z,test-control,microsoft1es,,,2025-06-12T17:07:55.169Z,0.623000,0.098100,0.789700,0.112200,1.2653,1536,2726.8
microsoft1es@2025-06-12T18:31:48.045Z,test-control,microsoft1es,,,2025-06-12T18:31:48.045Z,0.631000,0.115000,0.758300,0.126700,1.3773,1536,2737.1
microsoft1es@2025-06-12T20:27:15.146Z,test-control,microsoft1es,,,2025-06-12T20:27:15.146Z,0.631300,0.119600,0.761300,0.119100,1.3264,1536,2765.4
microsoft1es@2025-06-12T21:33:21.253Z,test-control,microsoft1es,,,2025-06-12T21:33:21.253Z,0.589400,0.104500,0.760600,0.134900,1.2865,1536,2851.8
microsoft1es@2025-06-12T22:43:04.717Z,test-control,microsoft1es,,,2025-06-12T22:43:04.717Z,0.570400,0.104700,0.771900,0.123400,1.2548,1536,2774.7
microsoft1es@2025-06-12T23:47:24.789Z,test-control,microsoft1es,,,2025-06-12T23:47:24.789Z,0.639700,0.114800,0.776600,0.108700,1.2839,1536,2833.5
microsoft1es@2025-06-13T00:48:45.115Z,test-control,microsoft1es,,,2025-06-13T00:48:45.115Z,0.581300,0.103600,0.774100,0.122300,1.3409,1536,2911.8
microsoft1es@2025-06-13T01:51:56.166Z,test-control,microsoft1es,,,2025-06-13T01:51:56.166Z,0.548100,0.100900,0.791400,0.107800,1.2829,1536,2832.2
microsoft1es@2025-06-13T02:57:49.437Z,test-control,microsoft1es,,,2025-06-13T02:57:49.437Z,0.588400,0.116200,0.772400,0.111400,1.3417,1536,2948.2
microsoft1es@2025-06-13T04:01:39.346Z,test-control,microsoft1es,,,2025-06-13T04:01:39.346Z,0.638000,0.091400,0.798500,0.110100,1.2929,1536,3065.0
microsoft1es@2025-06-13T05:04:39.341Z,test-control,microsoft1es,,,2025-06-13T05:04:39.341Z,0.640000,0.109600,0.778100,0.112200,1.3607,1536,3082.7
microsoft1es@2025-06-13T06:04:46.403Z,test-control,microsoft1es,,,2025-06-13T06:04:46.403Z,0.621900,0.081900,0.817500,0.100600,1.2409,1536,3188.9
microsoft1es@2025-06-13T07:07:14.989Z,test-control,microsoft1es,,,2025-06-13T07:07:14.989Z,0.620000,0.102600,0.782000,0.115400,1.3528,1536,10520.0
microsoft1es@2025-06-13T08:21:01.203Z,test-control,microsoft1es,,,2025-06-13T08:21:01.203Z,0.600300,0.087700,0.796700,0.115700,1.2627,1536,3047.2
microsoft1es@2025-06-13T09:21:04.320Z,test-control,microsoft1es,,,2025-06-13T09:21:04.320Z,0.614500,0.092300,0.799500,0.108200,1.2712,1536,3026.9
microsoft1es@2025-06-13T10:21:22.200Z,test-control,microsoft1es,,,2025-06-13T10:21:22.200Z,0.539000,0.084700,0.809900,0.105400,1.2736,1536,2983.9
microsoft1es@2025-06-13T11:33:02.292Z,test-control,microsoft1es,,,2025-06-13T11:33:02.292Z,0.569200,0.094100,0.797800,0.108100,1.3070,1536,2954.7
microsoft1es@2025-06-13T12:34:45.584Z,test-control,microsoft1es,,,2025-06-13T12:34:45.584Z,0.555800,0.087600,0.810300,0.102100,1.2525,1536,3122.0
microsoft1es@2025-06-13T13:38:08.153Z,test-control,microsoft1es,,,2025-06-13T13:38:08.153Z,0.534100,0.106400,0.783600,0.110000,1.2817,1536,3076.9
microsoft1es@2025-06-13T14:49:36.058Z,test-control,microsoft1es,,,2025-06-13T14:49:36.058Z,0.542400,0.101100,0.781100,0.117800,1.2051,1536,3158.7
microsoft1es@2025-06-13T16:05:15.030Z,test-control,microsoft1es,,,2025-06-13T16:05:15.030Z,0.563300,0.092500,0.789900,0.117500,1.2789,1536,3230.5
microsoft1es@2025-06-13T17:07:34.348Z,test-control,microsoft1es,,,2025-06-13T17:07:34.348Z,0.635400,0.085900,0.809500,0.104600,1.2708,1536,3422.9
microsoft1es@2025-06-13T18:09:00.650Z,test-control,microsoft1es,,,2025-06-13T18:09:00.650Z,0.635000,0.107900,0.764700,0.127400,1.3385,1536,10139.7
microsoft1es@2025-06-13T19:09:45.397Z,test-control,microsoft1es,,,2025-06-13T19:09:45.397Z,0.641600,0.118600,0.753400,0.128000,1.4234,1536,3005.5
microsoft1es@2025-06-13T20:14:04.793Z,test-control,microsoft1es,,,2025-06-13T20:14:04.793Z,0.651800,0.102400,0.785500,0.112200,1.3721,1536,3068.8
microsoft1es@2025-06-13T21:33:15.885Z,test-control,microsoft1es,,,2025-06-13T21:33:15.885Z,0.650500,0.106800,0.771000,0.122200,1.3368,1536,2946.7
microsoft1es@2025-06-13T22:37:38.538Z,test-control,microsoft1es,,,2025-06-13T22:37:38.538Z,0.553200,0.118300,0.765600,0.116100,1.2795,1536,3118.6
microsoft1es@2025-06-13T23:47:49.376Z,test-control,microsoft1es,,,2025-06-13T23:47:49.376Z,0.587200,0.112700,0.766900,0.120500,1.4019,1536,3164.4
microsoft1es@2025-06-14T00:48:38.372Z,test-control,microsoft1es,,,2025-06-14T00:48:38.372Z,0.565500,0.097300,0.793500,0.109300,1.3642,1536,2979.3
microsoft1es@2025-06-14T02:04:35.706Z,test-control,microsoft1es,,,2025-06-14T02:04:35.706Z,0.524000,0.098900,0.800800,0.100300,1.3958,1536,3249.1
microsoft1es@2025-06-14T03:05:41.688Z,test-control,microsoft1es,,,2025-06-14T03:05:41.688Z,0.504100,0.102300,0.796700,0.101000,1.3582,1536,3004.7
microsoft1es@2025-06-14T04:18:30.157Z,test-control,microsoft1es,,,2025-06-14T04:18:30.157Z,0.554000,0.116700,0.773600,0.109700,1.5203,1536,3213.9
microsoft1es@2025-06-14T05:34:27.371Z,test-control,microsoft1es,,,2025-06-14T05:34:27.371Z,0.549400,0.087000,0.796000,0.116900,1.4619,1536,10109.5
microsoft1es@2025-06-14T06:52:26.022Z,test-control,microsoft1es,,,2025-06-14T06:52:26.022Z,0.577200,0.103000,0.756900,0.140100,1.3962,1536,2788.0
microsoft1es@2025-06-16T07:34:20.040Z,test-control,microsoft1es,,,2025-06-16T07:34:20.040Z,0.572100,0.155300,0.667400,0.177300,1.5336,1536,2773.4
microsoft1es@2025-06-16T08:34:32.500Z,test-control,microsoft1es,,,2025-06-16T08:34:32.500Z,0.738500,0.115300,0.782300,0.102400,1.2729,1536,2793.7
microsoft1es@2025-06-16T09:44:29.641Z,test-control,microsoft1es,,,2025-06-16T09:44:29.641Z,0.561300,0.101900,0.782500,0.115700,1.3529,1536,2762.5
microsoft1es@2025-06-16T10:49:01.591Z,test-control,microsoft1es,,,2025-06-16T10:49:01.591Z,0.596300,0.102500,0.770200,0.127300,1.3173,1536,2813.1
microsoft1es@2025-06-16T11:49:05.726Z,test-control,microsoft1es,,,2025-06-16T11:49:05.726Z,0.560800,0.100700,0.772400,0.126900,1.3124,1536,2800.4
microsoft1es@2025-06-16T12:50:36.322Z,test-control,microsoft1es,,,2025-06-16T12:50:36.322Z,0.562300,0.098700,0.784300,0.116900,1.2440,1536,2817.5
microsoft1es@2025-06-16T13:51:00.741Z,test-control,microsoft1es,,,2025-06-16T13:51:00.741Z,0.564300,0.089000,0.810600,0.100300,1.2297,1536,3000.8
microsoft1es@2025-06-16T14:51:56.785Z,test-control,microsoft1es,,,2025-06-16T14:51:56.785Z,0.519100,0.096600,0.780300,0.123100,1.2335,1536,2999.5
microsoft1es@2025-06-16T15:52:41.377Z,test-control,microsoft1es,,,2025-06-16T15:52:41.377Z,0.592200,0.089900,0.802600,0.107500,1.3265,1536,3024.7
microsoft1es@2025-06-16T17:05:29.236Z,test-control,microsoft1es,,,2025-06-16T17:05:29.236Z,0.586400,0.091500,0.799100,0.109300,1.2567,1536,9082.1
microsoft1es@2025-06-16T18:09:47.685Z,test-control,microsoft1es,,,2025-06-16T18:09:47.685Z,0.655400,0.130600,0.749700,0.119700,1.4238,1536,3925.2
microsoft1es@2025-06-16T19:21:10.487Z,test-control,microsoft1es,,,2025-06-16T19:21:10.487Z,0.677700,0.127400,0.745000,0.127600,1.4454,1536,2773.0
microsoft1es@2025-06-16T20:24:47.562Z,test-control,microsoft1es,,,2025-06-16T20:24:47.562Z,0.698400,0.116500,0.761200,0.122300,1.3491,1536,2833.2
microsoft1es@2025-06-16T21:34:22.812Z,test-control,microsoft1es,,,2025-06-16T21:34:22.812Z,0.551300,0.123700,0.746500,0.129800,1.2826,1536,2786.2
microsoft1es@2025-06-16T22:35:03.268Z,test-control,microsoft1es,,,2025-06-16T22:35:03.268Z,0.553200,0.123600,0.752900,0.123600,1.3393,1536,2873.5
microsoft1es@2025-06-16T23:35:06.461Z,test-control,microsoft1es,,,2025-06-16T23:35:06.461Z,0.546200,0.114000,0.750200,0.135800,1.3033,1536,2812.6
microsoft1es@2025-06-17T00:35:24.919Z,test-control,microsoft1es,,,2025-06-17T00:35:24.919Z,0.601400,0.108300,0.765700,0.126000,1.3387,1536,2809.8
microsoft1es@2025-06-17T01:36:43.996Z,test-control,microsoft1es,,,2025-06-17T01:36:43.996Z,0.518300,0.106600,0.788600,0.104800,1.3176,1536,2807.3
microsoft1es@2025-06-17T02:36:46.399Z,test-control,microsoft1es,,,2025-06-17T02:36:46.399Z,0.601700,0.133800,0.746500,0.119700,1.4554,1536,2799.3
microsoft1es@2025-06-17T03:37:28.181Z,test-control,microsoft1es,,,2025-06-17T03:37:28.181Z,0.587100,0.122400,0.761600,0.116000,1.4356,1536,3145.0
microsoft1es@2025-06-17T04:47:44.532Z,test-control,microsoft1es,,,2025-06-17T04:47:44.532Z,0.582100,0.118400,0.764600,0.117100,1.4229,1536,3094.3
microsoft1es@2025-06-17T05:49:02.797Z,test-control,microsoft1es,,,2025-06-17T05:49:02.797Z,0.628600,0.122900,0.759500,0.117500,1.4452,1536,3204.3
microsoft1es@2025-06-17T06:49:33.879Z,test-control,microsoft1es,,,2025-06-17T06:49:33.879Z,0.634600,0.112000,0.768100,0.119900,1.4082,1536,3011.4
microsoft1es@2025-06-17T07:49:36.763Z,test-control,microsoft1es,,,2025-06-17T07:49:36.763Z,0.556800,0.113100,0.755400,0.131400,1.4578,1536,3152.1
microsoft1es@2025-06-17T08:50:47.270Z,test-control,microsoft1es,,,2025-06-17T08:50:47.270Z,0.589300,0.106900,0.779900,0.113200,1.3036,1536,3598.2
microsoft1es@2025-06-17T10:05:09.265Z,test-control,microsoft1es,,,2025-06-17T10:05:09.265Z,0.521800,0.094200,0.792400,0.113400,1.3595,1536,9516.3
microsoft1es@2025-06-17T11:20:16.872Z,test-control,microsoft1es,,,2025-06-17T11:20:16.872Z,0.525400,0.100100,0.781600,0.118300,1.3468,1536,2922.8
microsoft1es@2025-06-17T12:20:53.034Z,test-control,microsoft1es,,,2025-06-17T12:20:53.034Z,0.549700,0.088500,0.809800,0.101600,1.2210,1536,2787.1
microsoft1es@2025-06-17T13:22:39.502Z,test-control,microsoft1es,,,2025-06-17T13:22:39.502Z,0.498400,0.090200,0.792400,0.117400,1.1774,1536,2812.4
microsoft1es@2025-06-17T14:23:53.965Z,test-control,microsoft1es,,,2025-06-17T14:23:53.965Z,0.529100,0.099800,0.770900,0.129300,1.2756,1536,2843.7
microsoft1es@2025-06-17T15:35:29.077Z,test-control,microsoft1es,,,2025-06-17T15:35:29.077Z,0.579800,0.084700,0.805400,0.110000,1.2548,1536,2862.5
microsoft1es@2025-06-17T16:36:55.541Z,test-control,microsoft1es,,,2025-06-17T16:36:55.541Z,0.590800,0.088100,0.808000,0.104000,1.3096,1536,2919.3
microsoft1es@2025-06-17T17:37:55.819Z,test-control,microsoft1es,,,2025-06-17T17:37:55.819Z,0.599700,0.082900,0.820500,0.096600,1.2788,1536,2995.4
microsoft1es@2025-06-17T18:51:20.764Z,test-control,microsoft1es,,,2025-06-17T18:51:20.764Z,0.661800,0.117300,0.768400,0.114200,1.4153,1536,3157.6
microsoft1es@2025-06-17T20:09:47.034Z,test-control,microsoft1es,,,2025-06-17T20:09:47.034Z,0.626500,0.115700,0.763200,0.121100,1.3350,1536,3149.6
microsoft1es@2025-06-17T21:11:11.360Z,test-control,microsoft1es,,,2025-06-17T21:11:11.360Z,0.628900,0.106900,0.768700,0.124400,1.2824,1536,3426.7
microsoft1es@2025-06-17T22:21:25.106Z,test-control,microsoft1es,,,2025-06-17T22:21:25.106Z,0.524100,0.118800,0.755800,0.125400,1.2637,1536,8584.0
microsoft1es@2025-06-17T23:23:06.591Z,test-control,microsoft1es,,,2025-06-17T23:23:06.591Z,0.491400,0.116200,0.761000,0.122800,1.3533,1536,5436.8
microsoft1es@2025-06-18T00:23:37.653Z,test-control,microsoft1es,,,2025-06-18T00:23:37.653Z,0.540900,0.118200,0.748600,0.133200,1.2924,1536,3386.3
microsoft1es@2025-06-18T01:33:45.481Z,test-control,microsoft1es,,,2025-06-18T01:33:45.481Z,0.531100,0.123300,0.754900,0.121800,1.2618,1536,3158.2
microsoft1es@2025-06-18T02:34:43.518Z,test-control,microsoft1es,,,2025-06-18T02:34:43.518Z,0.565000,0.119500,0.750800,0.129700,1.3300,1536,2909.7
microsoft1es@2025-06-18T03:38:17.395Z,test-control,microsoft1es,,,2025-06-18T03:38:17.395Z,0.580900,0.115900,0.755200,0.128900,1.3466,1536,2781.0
microsoft1es@2025-06-18T04:50:24.268Z,test-control,microsoft1es,,,2025-06-18T04:50:24.268Z,0.581900,0.117100,0.746600,0.136300,1.3214,1536,2994.3
microsoft1es@2025-06-18T05:51:58.234Z,test-control,microsoft1es,,,2025-06-18T05:51:58.234Z,0.572200,0.126000,0.742900,0.131100,1.3455,1536,3496.3
microsoft1es@2025-06-18T07:03:03.213Z,test-control,microsoft1es,,,2025-06-18T07:03:03.213Z,0.583200,0.120000,0.740700,0.139300,1.3480,1536,3191.4
microsoft1es@2025-06-18T08:04:54.851Z,test-control,microsoft1es,,,2025-06-18T08:04:54.851Z,0.548400,0.120900,0.728900,0.150200,1.3615,1536,9773.1
microsoft1es@2025-06-18T09:20:45.787Z,test-control,microsoft1es,,,2025-06-18T09:20:45.787Z,0.572900,0.100200,0.778000,0.121800,1.1955,1536,2979.4
microsoft1es@2025-06-18T10:20:59.163Z,test-control,microsoft1es,,,2025-06-18T10:20:59.163Z,0.536200,0.087500,0.796100,0.116400,1.3104,1536,2903.4
microsoft1es@2025-06-18T11:32:38.206Z,test-control,microsoft1es,,,2025-06-18T11:32:38.206Z,0.552300,0.105900,0.766300,0.127800,1.3614,1536,2888.9
microsoft1es@2025-06-18T12:32:39.071Z,test-control,microsoft1es,,,2025-06-18T12:32:39.071Z,0.524900,0.109800,0.761200,0.129000,1.2590,1536,2893.0
microsoft1es@2025-06-18T13:49:08.739Z,test-control,microsoft1es,,,2025-06-18T13:49:08.739Z,0.534800,0.092400,0.801100,0.106500,1.2017,1536,2863.2
microsoft1es@2025-06-18T14:50:04.437Z,test-control,microsoft1es,,,2025-06-18T14:50:04.437Z,0.520400,0.098400,0.770200,0.131400,1.2358,1536,2875.6
microsoft1es@2025-06-18T16:09:32.221Z,test-control,microsoft1es,,,2025-06-18T16:09:32.221Z,0.584600,0.097700,0.782200,0.120100,1.2391,1536,2865.7
microsoft1es@2025-06-18T17:13:42.973Z,test-control,microsoft1es,,,2025-06-18T17:13:42.973Z,0.560500,0.087900,0.800600,0.111500,1.2262,1536,2896.5
microsoft1es@2025-06-18T18:21:52.842Z,test-control,microsoft1es,,,2025-06-18T18:21:52.842Z,0.622800,0.111300,0.775900,0.112800,1.3492,1536,3287.0
microsoft1es@2025-06-18T19:22:10.650Z,test-control,microsoft1es,,,2025-06-18T19:22:10.650Z,0.607000,0.121900,0.746900,0.131200,1.3594,1536,3366.8
microsoft1es@2025-06-18T20:22:25.832Z,test-control,microsoft1es,,,2025-06-18T20:22:25.832Z,0.629700,0.112500,0.758300,0.129300,1.3524,1536,2968.8
microsoft1es@2025-06-18T21:36:17.880Z,test-control,microsoft1es,,,2025-06-18T21:36:17.880Z,0.498300,0.129200,0.744100,0.126700,1.2939,1536,2922.1
microsoft1es@2025-06-18T22:36:22.579Z,test-control,microsoft1es,,,2025-06-18T22:36:22.579Z,0.533800,0.120700,0.751700,0.127500,1.3321,1536,3021.4
microsoft1es@2025-06-18T23:36:48.253Z,test-control,microsoft1es,,,2025-06-18T23:36:48.253Z,0.535600,0.115500,0.752500,0.131900,1.2580,1536,3486.3
microsoft1es@2025-06-19T00:37:23.338Z,test-control,microsoft1es,,,2025-06-19T00:37:23.338Z,0.541800,0.106500,0.754000,0.139500,1.3404,1536,4328.4
microsoft1es@2025-06-19T01:49:13.897Z,test-control,microsoft1es,,,2025-06-19T01:49:13.897Z,0.572700,0.114600,0.760100,0.125200,1.3407,1536,8723.1
microsoft1es@2025-06-19T02:49:58.028Z,test-control,microsoft1es,,,2025-06-19T02:49:58.028Z,0.638100,0.117900,0.760200,0.121900,1.3267,1536,2881.1
microsoft1es@2025-06-19T03:51:55.931Z,test-control,microsoft1es,,,2025-06-19T03:51:55.931Z,0.636200,0.110400,0.761800,0.127700,1.4083,1536,2850.3
microsoft1es@2025-06-19T04:52:21.745Z,test-control,microsoft1es,,,2025-06-19T04:52:21.745Z,0.682300,0.117500,0.766000,0.116500,1.3471,1536,2885.3
microsoft1es@2025-06-19T05:57:52.190Z,test-control,microsoft1es,,,2025-06-19T05:57:52.190Z,0.595200,0.089200,0.792200,0.118600,1.2447,1536,2848.7
microsoft1es@2025-06-19T07:01:01.284Z,test-control,microsoft1es,,,2025-06-19T07:01:01.284Z,0.633300,0.111200,0.746000,0.142800,1.3868,1536,2876.2
microsoft1es@2025-06-19T08:04:26.409Z,test-control,microsoft1es,,,2025-06-19T08:04:26.409Z,0.591500,0.099300,0.776900,0.123900,1.3819,1536,2809.4
microsoft1es@2025-06-19T09:04:30.178Z,test-control,microsoft1es,,,2025-06-19T09:04:30.178Z,0.591700,0.095100,0.789900,0.115100,1.2741,1536,2807.4
microsoft1es@2025-06-19T10:05:11.486Z,test-control,microsoft1es,,,2025-06-19T10:05:11.486Z,0.573500,0.104000,0.776200,0.119800,1.3480,1536,2845.2
microsoft1es@2025-06-19T11:07:24.531Z,test-control,microsoft1es,,,2025-06-19T11:07:24.531Z,0.535100,0.094700,0.780700,0.124700,1.2821,1536,3041.7
microsoft1es@2025-06-19T12:18:57.146Z,test-control,microsoft1es,,,2025-06-19T12:18:57.146Z,0.555800,0.095500,0.792600,0.111800,1.3041,1536,2801.1
microsoft1es@2025-06-19T13:19:24.918Z,test-control,microsoft1es,,,2025-06-19T13:19:24.918Z,0.531400,0.101800,0.775000,0.123300,1.2754,1536,2801.2
microsoft1es@2025-06-19T14:38:25.691Z,test-control,microsoft1es,,,2025-06-19T14:38:25.691Z,0.503200,0.110200,0.772200,0.117600,1.3256,1536,2798.8
microsoft1es@2025-06-19T15:47:08.808Z,test-control,microsoft1es,,,2025-06-19T15:47:08.808Z,0.591600,0.091200,0.795800,0.113000,1.2370,1536,2776.4
microsoft1es@2025-06-19T16:47:28.869Z,test-control,microsoft1es,,,2025-06-19T16:47:28.869Z,0.595000,0.102100,0.790600,0.107300,1.3318,1536,2893.0
microsoft1es@2025-06-19T17:47:29.014Z,test-control,microsoft1es,,,2025-06-19T17:47:29.014Z,0.633500,0.109200,0.757300,0.133500,1.3270,1536,3021.9
microsoft1es@2025-06-19T18:51:44.487Z,test-control,microsoft1es,,,2025-06-19T18:51:44.487Z,0.641700,0.123700,0.744900,0.131400,1.3753,1536,2944.1
microsoft1es@2025-06-19T20:03:13.859Z,test-control,microsoft1es,,,2025-06-19T20:03:13.859Z,0.648100,0.103600,0.773100,0.123300,1.3859,1536,2939.9
microsoft1es@2025-06-19T21:06:15.274Z,test-control,microsoft1es,,,2025-06-19T21:06:15.274Z,0.636900,0.110600,0.762500,0.126900,1.3451,1536,2908.6
microsoft1es@2025-06-19T22:16:36.333Z,test-control,microsoft1es,,,2025-06-19T22:16:36.333Z,0.524200,0.115200,0.771300,0.113500,1.3288,1536,2882.9
microsoft1es@2025-06-19T23:20:56.075Z,test-control,microsoft1es,,,2025-06-19T23:20:56.075Z,0.481800,0.099900,0.788900,0.111200,1.3529,1536,2888.1
microsoft1es@2025-06-20T00:22:27.684Z,test-control,microsoft1es,,,2025-06-20T00:22:27.684Z,0.534500,0.109300,0.779900,0.110900,1.3522,1536,4225.0
microsoft1es@2025-06-20T01:33:23.075Z,test-control,microsoft1es,,,2025-06-20T01:33:23.075Z,0.513400,0.115100,0.759600,0.125300,1.2389,1536,8535.4
microsoft1es@2025-06-20T02:33:35.859Z,test-control,microsoft1es,,,2025-06-20T02:33:35.859Z,0.611500,0.122400,0.753600,0.124000,1.3058,1536,2893.4
microsoft1es@2025-06-20T03:39:41.994Z,test-control,microsoft1es,,,2025-06-20T03:39:41.994Z,0.627300,0.105000,0.778500,0.116500,1.3308,1536,2889.2
microsoft1es@2025-06-20T04:51:48.184Z,test-control,microsoft1es,,,2025-06-20T04:51:48.184Z,0.624900,0.109200,0.781500,0.109300,1.3921,1536,2819.5
microsoft1es@2025-06-20T06:02:45.942Z,test-control,microsoft1es,,,2025-06-20T06:02:45.942Z,0.618800,0.099900,0.787600,0.112500,1.3619,1536,2804.5
microsoft1es@2025-06-20T07:07:40.464Z,test-control,microsoft1es,,,2025-06-20T07:07:40.464Z,0.609500,0.119200,0.755900,0.124900,1.3820,1536,2814.0
microsoft1es@2025-06-20T08:22:26.041Z,test-control,microsoft1es,,,2025-06-20T08:22:26.041Z,0.610800,0.116800,0.754500,0.128700,1.4866,1536,2798.6
microsoft1es@2025-06-20T09:23:17.230Z,test-control,microsoft1es,,,2025-06-20T09:23:17.230Z,0.533700,0.108900,0.770500,0.120600,1.3707,1536,2836.9
microsoft1es@2025-06-20T10:35:27.780Z,test-control,microsoft1es,,,2025-06-20T10:35:27.780Z,0.531800,0.116100,0.766300,0.117600,1.3897,1536,2820.3
microsoft1es@2025-06-20T11:37:00.570Z,test-control,microsoft1es,,,2025-06-20T11:37:00.570Z,0.525900,0.109700,0.763800,0.126500,1.3719,1536,2795.4
microsoft1es@2025-06-20T12:37:54.661Z,test-control,microsoft1es,,,2025-06-20T12:37:54.661Z,0.499400,0.110800,0.759000,0.130100,1.2705,1536,2776.9
microsoft1es@2025-06-20T13:50:34.467Z,test-control,microsoft1es,,,2025-06-20T13:50:34.467Z,0.533400,0.096800,0.785400,0.117800,1.2559,1536,2795.5
microsoft1es@2025-06-20T15:01:41.754Z,test-control,microsoft1es,,,2025-06-20T15:01:41.754Z,0.528200,0.090600,0.788100,0.121400,1.1885,1536,2873.7
microsoft1es@2025-06-20T16:06:01.489Z,test-control,microsoft1es,,,2025-06-20T16:06:01.489Z,0.564600,0.086400,0.799600,0.113900,1.2820,1536,2795.8
microsoft1es@2025-06-20T17:10:02.057Z,test-control,microsoft1es,,,2025-06-20T17:10:02.057Z,0.557600,0.083100,0.806100,0.110800,1.2282,1536,2816.5
microsoft1es@2025-06-20T18:10:24.583Z,test-control,microsoft1es,,,2025-06-20T18:10:24.583Z,0.623200,0.108600,0.760900,0.130500,1.3665,1536,2807.9
microsoft1es@2025-06-20T19:11:08.003Z,test-control,microsoft1es,,,2025-06-20T19:11:08.003Z,0.637900,0.112900,0.770000,0.117100,1.2837,1536,2818.2
microsoft1es@2025-06-20T20:18:01.816Z,test-control,microsoft1es,,,2025-06-20T20:18:01.816Z,0.613800,0.118900,0.753500,0.127600,1.2903,1536,2777.3
microsoft1es@2025-06-20T22:08:22.283Z,test-control,microsoft1es,,,2025-06-20T22:08:22.283Z,0.519400,0.102100,0.782600,0.115300,1.2538,1536,2875.6
microsoft1es@2025-06-21T00:34:50.618Z,test-control,microsoft1es,,,2025-06-21T00:34:50.618Z,0.540900,0.113700,0.754500,0.131800,1.2587,1536,2826.7
microsoft1es@2025-06-21T03:19:17.283Z,test-control,microsoft1es,,,2025-06-21T03:19:17.283Z,0.542400,0.115100,0.758800,0.126100,1.5213,1536,2785.9
microsoft1es@2025-06-21T06:04:07.357Z,test-control,microsoft1es,,,2025-06-21T06:04:07.357Z,0.543900,0.123300,0.746000,0.130700,1.4756,1536,2792.8
microsoft1es@2025-06-21T07:07:55.923Z,test-control,microsoft1es,,,2025-06-21T07:07:55.923Z,0.518600,0.112300,0.757700,0.130000,1.4061,1536,2800.6
microsoft1es@2025-06-24T06:03:53.576Z,test-control,microsoft1es,,,2025-06-24T06:03:53.576Z,0.566700,0.100000,0.803400,0.096600,1.3148,1536,2799.9
microsoft1es@2025-06-24T07:12:19.746Z,test-control,microsoft1es,,,2025-06-24T07:12:19.746Z,0.635600,0.102200,0.780100,0.117700,1.3974,1536,2856.2
microsoft1es@2025-06-24T09:33:13.855Z,test-control,microsoft1es,,,2025-06-24T09:33:13.855Z,0.595800,0.122300,0.746800,0.130900,1.3356,1536,2896.2
microsoft1es@2025-06-24T22:45:16.071Z,test-control,microsoft1es,,,2025-06-24T22:45:16.071Z,0.590800,0.101600,0.788200,0.110200,1.2433,1536,2909.8
microsoft1es@2025-06-24T23:52:16.467Z,test-control,microsoft1es,,,2025-06-24T23:52:16.467Z,0.550400,0.110900,0.769300,0.119800,1.3521,1536,2929.5
microsoft1es@2025-06-25T01:29:27.096Z,test-control,microsoft1es,,,2025-06-25T01:29:27.096Z,0.600200,0.098400,0.798000,0.103600,1.3365,1536,2889.5
microsoft1es@2025-06-25T05:45:44.894Z,test-control,microsoft1es,,,2025-06-25T05:45:44.894Z,0.589900,0.122300,0.753200,0.124500,1.3503,1536,2912.1
microsoft1es@2025-06-26T02:18:51.067Z,test-control,microsoft1es,,,2025-06-26T02:18:51.067Z,0.574500,0.106500,0.769400,0.124100,1.3472,1536,2915.3
microsoft1es@2025-06-26T03:19:33.772Z,test-control,microsoft1es,,,2025-06-26T03:19:33.772Z,0.629700,0.092600,0.815000,0.092400,1.3274,1536,2897.7
microsoft1es@2025-06-26T06:29:50.802Z,test-control,microsoft1es,,,2025-06-26T06:29:50.802Z,0.607900,0.100800,0.794600,0.104600,1.3147,1536,2907.9
microsoft1es@2025-06-26T09:03:57.038Z,test-control,microsoft1es,,,2025-06-26T09:03:57.038Z,0.586000,0.098000,0.806200,0.095800,1.3388,1536,2900.0
microsoft1es@2025-06-26T12:18:46.383Z,test-control,microsoft1es,,,2025-06-26T12:18:46.383Z,0.701900,0.106300,0.784200,0.109500,1.4671,1536,2891.1
microsoft1es@2025-06-26T15:58:10.615Z,test-control,microsoft1es,,,2025-06-26T15:58:10.615Z,0.629700,0.107000,0.770800,0.122200,1.3021,1536,2912.5
microsoft1es@2025-06-26T17:02:41.917Z,test-control,microsoft1es,,,2025-06-26T17:02:41.917Z,0.598300,0.115900,0.759000,0.125100,1.1562,1536,2907.2
microsoft1es@2025-06-26T18:42:01.538Z,test-control,microsoft1es,,,2025-06-26T18:42:01.538Z,0.557000,0.108300,0.767100,0.124600,1.3399,1536,2886.6
microsoft1es@2025-06-26T20:28:50.457Z,test-control,microsoft1es,,,2025-06-26T20:28:50.457Z,0.542000,0.109800,0.754300,0.135900,1.2882,1536,3049.5
microsoft1es@2025-06-26T22:03:57.509Z,test-control,microsoft1es,,,2025-06-26T22:03:57.509Z,0.571600,0.089200,0.797900,0.113000,1.1764,1536,3244.5
microsoft1es@2025-06-26T23:09:42.484Z,test-control,microsoft1es,,,2025-06-26T23:09:42.484Z,0.476100,0.083900,0.817900,0.098100,1.3092,1536,3298.7
microsoft1es@2025-07-01T23:23:43.786Z,test-control,microsoft1es,,,2025-07-01T23:23:43.786Z,0.547200,0.115200,0.761200,0.123600,1.4786,1536,3265.6
microsoft1es@2025-07-02T03:26:58.489Z,test-control,microsoft1es,,,2025-07-02T03:26:58.489Z,0.594300,0.133200,0.737900,0.128900,1.5104,1536,9806.7
microsoft1es@2025-07-02T23:46:31.104Z,test-control,microsoft1es,,,2025-07-02T23:46:31.104Z,0.719500,0.136100,0.747400,0.116500,1.3990,1536,2972.4
microsoft1es@2025-07-03T01:05:40.404Z,test-control,microsoft1es,,,2025-07-03T01:05:40.404Z,0.701100,0.123300,0.771000,0.105700,1.2806,1536,2980.6
microsoft1es@2025-07-03T06:04:13.482Z,test-control,microsoft1es,,,2025-07-03T06:04:13.482Z,0.530700,0.092000,0.809500,0.098500,1.2792,1536,2931.7
microsoft1es@2025-07-03T07:15:07.396Z,test-control,microsoft1es,,,2025-07-03T07:15:07.396Z,0.645800,0.124200,0.767500,0.108300,1.4613,1536,3045.2
microsoft1es@2025-07-03T10:14:11.840Z,test-control,microsoft1es,,,2025-07-03T10:14:11.840Z,0.668000,0.163000,0.720500,0.116500,1.5310,1536,2981.5
microsoft1es@2025-07-03T12:17:42.923Z,test-control,microsoft1es,,,2025-07-03T12:17:42.923Z,0.638700,0.169800,0.715300,0.115000,1.5988,1536,2998.8
microsoft1es@2025-07-03T23:01:15.065Z,test-control,microsoft1es,,,2025-07-03T23:01:15.065Z,0.597200,0.102000,0.781500,0.116500,1.3154,1536,3595.3
microsoft1es@2025-07-04T00:30:28.605Z,test-control,microsoft1es,,,2025-07-04T00:30:28.605Z,0.649100,0.111700,0.781700,0.106600,1.4944,1536,9982.6
microsoft1es@2025-07-04T06:06:19.665Z,test-control,microsoft1es,,,2025-07-04T06:06:19.665Z,0.582000,0.122100,0.759400,0.118500,1.4905,1536,2968.9
microsoft1es@2025-07-04T07:12:50.706Z,test-control,microsoft1es,,,2025-07-04T07:12:50.706Z,0.539700,0.097700,0.799800,0.102500,1.4164,1536,2902.4
microsoft1es@2025-07-04T12:18:56.350Z,test-control,microsoft1es,,,2025-07-04T12:18:56.350Z,0.561000,0.109400,0.777800,0.112800,1.2701,1536,2816.7
microsoft1es@2025-07-07T18:39:54.943Z,test-control,microsoft1es,,,2025-07-07T18:39:54.943Z,0.650100,0.107400,0.779900,0.112700,1.3563,1536,2833.2
microsoft1es@2025-07-07T22:43:38.471Z,test-control,microsoft1es,,,2025-07-07T22:43:38.471Z,0.647200,0.106800,0.778600,0.114500,1.4017,1536,2961.3
microsoft1es@2025-07-07T23:47:55.339Z,test-control,microsoft1es,,,2025-07-07T23:47:55.339Z,0.755700,0.110200,0.780300,0.109600,1.3107,1536,2827.6
microsoft1es@2025-07-08T03:41:30.501Z,test-control,microsoft1es,,,2025-07-08T03:41:30.501Z,0.557500,0.105800,0.765700,0.128600,1.4634,1536,2839.8
microsoft1es@2025-07-08T06:03:15.241Z,test-control,microsoft1es,,,2025-07-08T06:03:15.241Z,0.578900,0.101000,0.792900,0.106100,1.2532,1536,2807.7
microsoft1es@2025-07-08T07:06:43.752Z,test-control,microsoft1es,,,2025-07-08T07:06:43.752Z,0.584000,0.092500,0.797200,0.110300,1.3191,1536,2832.2
microsoft1es@2025-07-09T01:30:38.724Z,test-control,microsoft1es,,,2025-07-09T01:30:38.724Z,0.545900,0.129500,0.757300,0.113200,1.4239,1536,3160.8
microsoft1es@2025-07-09T05:55:52.122Z,test-control,microsoft1es,,,2025-07-09T05:55:52.122Z,0.620800,0.099500,0.778300,0.122200,1.4255,1536,3220.6
microsoft1es@2025-07-09T07:09:46.469Z,test-control,microsoft1es,,,2025-07-09T07:09:46.469Z,0.506600,0.089500,0.808600,0.102000,1.3179,1536,9865.5
microsoft1es@2025-07-09T08:48:23.377Z,test-control,microsoft1es,,,2025-07-09T08:48:23.377Z,0.493300,0.082200,0.828500,0.089300,1.3275,1536,3106.2
microsoft1es@2025-07-09T20:38:24.467Z,test-control,microsoft1es,,,2025-07-09T20:38:24.467Z,0.522100,0.092400,0.797200,0.110400,1.3366,1536,2852.5
microsoft1es@2025-07-09T22:44:53.863Z,test-control,microsoft1es,,,2025-07-09T22:44:53.863Z,0.504900,0.094800,0.796400,0.108900,1.3806,1536,2818.4
microsoft1es@2025-07-09T23:47:27.442Z,test-control,microsoft1es,,,2025-07-09T23:47:27.442Z,0.492300,0.083500,0.813100,0.103400,1.4544,1536,2781.9
microsoft1es@2025-07-10T17:23:50.548Z,test-control,microsoft1es,,,2025-07-10T17:23:50.548Z,0.563900,0.113100,0.783700,0.103100,1.5893,1536,2783.0
microsoft1es@2025-07-10T18:34:47.046Z,test-control,microsoft1es,,,2025-07-10T18:34:47.046Z,0.585300,0.116100,0.770100,0.113800,1.3750,1536,2789.8
microsoft1es@2025-07-10T22:44:13.709Z,test-control,microsoft1es,,,2025-07-10T22:44:13.709Z,0.582200,0.119200,0.762000,0.118800,1.3668,1536,2787.5
microsoft1es@2025-07-11T04:58:31.766Z,test-control,microsoft1es,,,2025-07-11T04:58:31.766Z,0.620100,0.127800,0.756000,0.116200,1.5781,1536,2828.4
microsoft1es@2025-07-11T07:54:00.382Z,test-control,microsoft1es,,,2025-07-11T07:54:00.382Z,0.549100,0.101100,0.786300,0.112600,1.6487,1536,3044.5
microsoft1es@2025-07-11T18:03:45.119Z,test-control,microsoft1es,,,2025-07-11T18:03:45.119Z,0.645000,0.111000,0.775200,0.113700,1.3645,1536,3341.5
microsoft1es@2025-07-11T22:45:11.518Z,test-control,microsoft1es,,,2025-07-11T22:45:11.518Z,0.652300,0.106900,0.782800,0.110400,1.3735,1536,2829.4
microsoft1es@2025-07-14T18:15:19.313Z,test-control,microsoft1es,,,2025-07-14T18:15:19.313Z,0.586600,0.099800,0.787500,0.112700,1.4478,1536,2871.1
microsoft1es@2025-07-14T22:44:42.111Z,test-control,microsoft1es,,,2025-07-14T22:44:42.111Z,0.587000,0.096800,0.800100,0.103100,1.6982,1536,3421.0
microsoft1es@2025-07-14T23:48:33.142Z,test-control,microsoft1es,,,2025-07-14T23:48:33.142Z,0.612600,0.094100,0.799400,0.106500,1.5042,1536,9484.0
microsoft1es@2025-07-15T05:39:27.900Z,test-control,microsoft1es,,,2025-07-15T05:39:27.900Z,0.599900,0.117500,0.766100,0.116400,1.5625,1536,2833.9
microsoft1es@2025-07-15T10:16:34.480Z,test-control,microsoft1es,,,2025-07-15T10:16:34.480Z,0.598900,0.128600,0.755000,0.116400,1.4677,1536,2802.8
microsoft1es@2025-07-15T20:59:13.778Z,test-control,microsoft1es,,,2025-07-15T20:59:13.778Z,0.657700,0.120200,0.756000,0.123800,1.4199,1536,2883.4
microsoft1es@2025-07-15T22:02:40.900Z,test-control,microsoft1es,,,2025-07-15T22:02:40.900Z,0.664000,0.121200,0.754900,0.123900,1.4943,1536,2799.7
microsoft1es@2025-07-16T00:22:26.831Z,test-control,microsoft1es,,,2025-07-16T00:22:26.831Z,0.694400,0.123900,0.746900,0.129100,1.5106,1536,2852.9
microsoft1es@2025-07-16T05:55:33.259Z,test-control,microsoft1es,,,2025-07-16T05:55:33.259Z,0.556400,0.114100,0.784800,0.101100,1.5753,1536,2838.3
microsoft1es@2025-07-16T06:59:34.440Z,test-control,microsoft1es,,,2025-07-16T06:59:34.440Z,0.658700,0.119500,0.773000,0.107500,1.4388,1536,2822.8
microsoft1es@2025-07-16T13:03:40.751Z,test-control,microsoft1es,,,2025-07-16T13:03:40.751Z,0.528900,0.121900,0.747100,0.131000,1.4876,1536,2832.1
microsoft1es@2025-07-16T18:07:48.916Z,test-control,microsoft1es,,,2025-07-16T18:07:48.916Z,0.603700,0.118900,0.780100,0.100900,1.4487,1536,3031.0
microsoft1es@2025-07-16T22:37:51.422Z,test-control,microsoft1es,,,2025-07-16T22:37:51.422Z,0.522800,0.122400,0.773600,0.104000,1.4500,1536,3129.6
microsoft1es@2025-07-16T23:54:21.083Z,test-control,microsoft1es,,,2025-07-16T23:54:21.083Z,0.543100,0.120200,0.777900,0.101900,1.5554,1536,8633.0
microsoft1es@2025-07-17T03:43:27.302Z,test-control,microsoft1es,,,2025-07-17T03:43:27.302Z,0.623300,0.122400,0.761400,0.116200,1.3719,1536,4682.5
microsoft1es@2025-07-17T18:47:00.275Z,test-control,microsoft1es,,,2025-07-17T18:47:00.275Z,0.629500,0.153100,0.719300,0.127600,1.5308,1536,2871.3
microsoft1es@2025-07-17T22:28:48.693Z,test-control,microsoft1es,,,2025-07-17T22:28:48.693Z,0.571400,0.099700,0.803100,0.097200,1.4299,1536,2946.2
microsoft1es@2025-07-17T23:28:50.805Z,test-control,microsoft1es,,,2025-07-17T23:28:50.805Z,0.707200,0.173800,0.724900,0.101200,1.3517,1536,2864.8
microsoft1es@2025-07-18T00:30:24.205Z,test-control,microsoft1es,,,2025-07-18T00:30:24.205Z,0.557800,0.105500,0.779600,0.114900,1.1820,1536,2861.0
microsoft1es@2025-07-18T02:52:58.685Z,test-control,microsoft1es,,,2025-07-18T02:52:58.685Z,0.537900,0.102700,0.786700,0.110600,1.2100,1536,2851.5
microsoft1es@2025-07-18T03:58:40.515Z,test-control,microsoft1es,,,2025-07-18T03:58:40.515Z,0.545600,0.093600,0.803800,0.102600,1.1957,1536,2866.4
microsoft1es@2025-07-18T04:59:44.538Z,test-control,microsoft1es,,,2025-07-18T04:59:44.538Z,0.578000,0.136900,0.727700,0.135400,1.2609,1536,2811.2
microsoft1es@2025-07-18T06:02:12.949Z,test-control,microsoft1es,,,2025-07-18T06:02:12.949Z,0.622900,0.121800,0.764900,0.113300,1.2513,1536,2829.8
microsoft1es@2025-07-18T07:07:02.990Z,test-control,microsoft1es,,,2025-07-18T07:07:02.990Z,0.638000,0.113700,0.768600,0.117700,1.3088,1536,2922.9
microsoft1es@2025-07-18T08:15:06.647Z,test-control,microsoft1es,,,2025-07-18T08:15:06.647Z,0.560400,0.101400,0.770000,0.128600,1.2138,1536,3455.9
microsoft1es@2025-07-18T09:16:13.071Z,test-control,microsoft1es,,,2025-07-18T09:16:13.071Z,0.546100,0.111200,0.757100,0.131600,1.3403,1536,9907.0
microsoft1es@2025-07-18T10:16:26.609Z,test-control,microsoft1es,,,2025-07-18T10:16:26.609Z,0.510800,0.114300,0.751100,0.134600,1.3255,1536,3162.2
microsoft1es@2025-07-18T11:27:03.996Z,test-control,microsoft1es,,,2025-07-18T11:27:03.996Z,0.571200,0.098800,0.778100,0.123100,1.2917,1536,2893.8
microsoft1es@2025-07-18T12:29:23.973Z,test-control,microsoft1es,,,2025-07-18T12:29:23.973Z,0.568100,0.098000,0.782600,0.119400,1.2239,1536,2793.9
microsoft1es@2025-07-18T13:30:01.357Z,test-control,microsoft1es,,,2025-07-18T13:30:01.357Z,0.577600,0.113800,0.772700,0.113500,1.2932,1536,2796.4
microsoft1es@2025-07-18T14:43:21.262Z,test-control,microsoft1es,,,2025-07-18T14:43:21.262Z,0.580700,0.110900,0.760300,0.128700,1.2090,1536,2817.6
microsoft1es@2025-07-18T15:43:34.034Z,test-control,microsoft1es,,,2025-07-18T15:43:34.034Z,0.626700,0.118000,0.763000,0.119000,1.3014,1536,2854.3
microsoft1es@2025-07-18T16:43:36.925Z,test-control,microsoft1es,,,2025-07-18T16:43:36.925Z,0.605500,0.092400,0.791600,0.116000,1.1963,1536,2926.0
microsoft1es@2025-07-18T17:44:38.480Z,test-control,microsoft1es,,,2025-07-18T17:44:38.480Z,0.646900,0.102200,0.785300,0.112500,1.3352,1536,2871.8
microsoft1es@2025-07-18T18:44:43.313Z,test-control,microsoft1es,,,2025-07-18T18:44:43.313Z,0.614000,0.120200,0.760400,0.119400,1.3406,1536,2841.3
microsoft1es@2025-07-18T19:45:25.348Z,test-control,microsoft1es,,,2025-07-18T19:45:25.348Z,0.568300,0.106000,0.759100,0.134900,1.2537,1536,2821.6
microsoft1es@2025-07-18T20:59:07.744Z,test-control,microsoft1es,,,2025-07-18T20:59:07.744Z,0.617300,0.109400,0.767400,0.123200,1.2647,1536,2871.3
microsoft1es@2025-07-18T22:04:30.578Z,test-control,microsoft1es,,,2025-07-18T22:04:30.578Z,0.559000,0.108400,0.764300,0.127300,1.2911,1536,2971.0
microsoft1es@2025-07-18T23:05:16.026Z,test-control,microsoft1es,,,2025-07-18T23:05:16.026Z,0.597600,0.114200,0.760900,0.124900,1.3013,1536,3006.3
microsoft1es@2025-07-19T00:15:03.008Z,test-control,microsoft1es,,,2025-07-19T00:15:03.008Z,0.628500,0.115800,0.770300,0.113900,1.2882,1536,3423.8
microsoft1es@2025-07-19T01:15:22.510Z,test-control,microsoft1es,,,2025-07-19T01:15:22.510Z,0.625900,0.124500,0.753500,0.122000,1.3530,1536,3199.4
microsoft1es@2025-07-19T02:15:41.474Z,test-control,microsoft1es,,,2025-07-19T02:15:41.474Z,0.629800,0.117500,0.748800,0.133600,1.3963,1536,2936.2
microsoft1es@2025-07-19T03:32:58.470Z,test-control,microsoft1es,,,2025-07-19T03:32:58.470Z,0.579900,0.124200,0.732800,0.143000,1.3490,1536,2895.8
microsoft1es@2025-07-19T04:42:42.135Z,test-control,microsoft1es,,,2025-07-19T04:42:42.135Z,0.575800,0.124100,0.742400,0.133500,1.3438,1536,2902.8
microsoft1es@2025-07-19T05:44:36.469Z,test-control,microsoft1es,,,2025-07-19T05:44:36.469Z,0.596500,0.090000,0.809500,0.100500,1.2538,1536,2946.5
microsoft1es@2025-07-19T06:44:59.204Z,test-control,microsoft1es,,,2025-07-19T06:44:59.204Z,0.652700,0.110200,0.762800,0.127100,1.3917,1536,2843.9
microsoft1es@2025-07-21T07:30:55.043Z,test-control,microsoft1es,,,2025-07-21T07:30:55.043Z,0.553900,0.122000,0.708600,0.169400,1.5177,1536,2838.0
microsoft1es@2025-07-21T08:31:37.756Z,test-control,microsoft1es,,,2025-07-21T08:31:37.756Z,0.733300,0.114300,0.779500,0.106300,1.3487,1536,2891.1
microsoft1es@2025-07-21T09:32:02.824Z,test-control,microsoft1es,,,2025-07-21T09:32:02.824Z,0.584300,0.092800,0.792400,0.114800,1.3737,1536,3061.8
microsoft1es@2025-07-21T10:43:37.746Z,test-control,microsoft1es,,,2025-07-21T10:43:37.746Z,0.558400,0.111600,0.764600,0.123800,1.3999,1536,3557.4
microsoft1es@2025-07-21T11:45:02.252Z,test-control,microsoft1es,,,2025-07-21T11:45:02.252Z,0.548000,0.084900,0.804800,0.110200,1.2482,1536,9628.3
microsoft1es@2025-07-21T12:45:03.893Z,test-control,microsoft1es,,,2025-07-21T12:45:03.893Z,0.561700,0.097900,0.792100,0.110000,1.2769,1536,3190.2
microsoft1es@2025-07-21T13:45:12.519Z,test-control,microsoft1es,,,2025-07-21T13:45:12.519Z,0.512600,0.090700,0.800500,0.108800,1.2378,1536,2837.5
microsoft1es@2025-07-21T14:47:48.938Z,test-control,microsoft1es,,,2025-07-21T14:47:48.938Z,0.503400,0.101500,0.782300,0.116300,1.2620,1536,2886.3
microsoft1es@2025-07-21T15:48:16.937Z,test-control,microsoft1es,,,2025-07-21T15:48:16.937Z,0.549100,0.117200,0.763600,0.119200,1.3286,1536,2852.0
microsoft1es@2025-07-21T17:13:45.623Z,test-control,microsoft1es,,,2025-07-21T17:13:45.623Z,0.615200,0.097300,0.798700,0.104000,1.3313,1536,2844.9
microsoft1es@2025-07-21T18:16:05.708Z,test-control,microsoft1es,,,2025-07-21T18:16:05.708Z,0.647100,0.110200,0.784600,0.105300,1.4232,1536,2858.0
microsoft1es@2025-07-21T19:24:19.857Z,test-control,microsoft1es,,,2025-07-21T19:24:19.857Z,0.607900,0.103800,0.791200,0.105000,1.3799,1536,2816.3
microsoft1es@2025-07-21T20:29:00.204Z,test-control,microsoft1es,,,2025-07-21T20:29:00.204Z,0.634000,0.104100,0.791900,0.104100,1.3720,1536,2849.3
microsoft1es@2025-07-21T21:29:35.431Z,test-control,microsoft1es,,,2025-07-21T21:29:35.431Z,0.632600,0.105100,0.798900,0.096100,1.3949,1536,2821.5
microsoft1es@2025-07-21T22:43:01.589Z,test-control,microsoft1es,,,2025-07-21T22:43:01.589Z,0.531500,0.111300,0.762200,0.126500,1.3438,1536,2872.8
microsoft1es@2025-07-21T23:46:26.481Z,test-control,microsoft1es,,,2025-07-21T23:46:26.481Z,0.584700,0.113000,0.779100,0.108000,1.3850,1536,2831.7
microsoft1es@2025-07-22T00:59:39.613Z,test-control,microsoft1es,,,2025-07-22T00:59:39.613Z,0.606700,0.128800,0.746900,0.124300,1.3711,1536,2911.3
microsoft1es@2025-07-22T02:00:37.474Z,test-control,microsoft1es,,,2025-07-22T02:00:37.474Z,0.542500,0.125100,0.769600,0.105300,1.3666,1536,2804.8
microsoft1es@2025-07-22T05:30:41.353Z,test-control,microsoft1es,,,2025-07-22T05:30:41.353Z,0.546900,0.093600,0.809200,0.097300,1.3273,1536,2819.6
microsoft1es@2025-07-22T07:25:40.545Z,test-control,microsoft1es,,,2025-07-22T07:25:40.545Z,0.598900,0.108800,0.773400,0.117800,1.2983,1536,2826.6
microsoft1es@2025-07-22T11:43:18.824Z,test-control,microsoft1es,,,2025-07-22T11:43:18.824Z,0.636600,0.120200,0.764600,0.115200,1.2620,1536,2869.5
microsoft1es@2025-07-22T13:45:09.163Z,test-control,microsoft1es,,,2025-07-22T13:45:09.163Z,0.537400,0.106100,0.783000,0.110900,1.2430,1536,2971.0
microsoft1es@2025-07-22T16:29:47.684Z,test-control,microsoft1es,,,2025-07-22T16:29:47.684Z,0.608100,0.117200,0.766200,0.116600,1.3313,1536,2928.6
microsoft1es@2025-07-22T17:48:39.423Z,test-control,microsoft1es,,,2025-07-22T17:48:39.423Z,0.730500,0.112400,0.765300,0.122300,1.1689,1536,2887.1
microsoft1es@2025-07-22T19:00:29.196Z,test-control,microsoft1es,,,2025-07-22T19:00:29.196Z,0.536600,0.109200,0.787000,0.103700,1.2179,1536,3458.1
microsoft1es@2025-07-22T20:19:37.984Z,test-control,microsoft1es,,,2025-07-22T20:19:37.984Z,0.559900,0.099500,0.796700,0.103800,1.1189,1536,2954.8
microsoft1es@2025-07-22T21:33:03.031Z,test-control,microsoft1es,,,2025-07-22T21:33:03.031Z,0.559600,0.108000,0.780800,0.111200,1.1537,1536,2964.3
microsoft1es@2025-07-22T22:45:36.027Z,test-control,microsoft1es,,,2025-07-22T22:45:36.027Z,0.545900,0.111100,0.771600,0.117300,1.1174,1536,3016.6
microsoft1es@2025-07-22T23:45:49.016Z,test-control,microsoft1es,,,2025-07-22T23:45:49.016Z,0.532800,0.114000,0.782000,0.104000,1.3744,1536,2872.9
microsoft1es@2025-07-23T01:00:53.449Z,test-control,microsoft1es,,,2025-07-23T01:00:53.449Z,0.612200,0.126300,0.766500,0.107300,1.5062,1536,2887.6
microsoft1es@2025-07-23T02:06:18.049Z,test-control,microsoft1es,,,2025-07-23T02:06:18.049Z,0.605900,0.114000,0.765300,0.120700,1.4511,1536,2853.9
microsoft1es@2025-07-23T03:15:49.760Z,test-control,microsoft1es,,,2025-07-23T03:15:49.760Z,0.536900,0.129200,0.770700,0.100000,1.5246,1536,2927.2
microsoft1es@2025-07-23T05:31:50.312Z,test-control,microsoft1es,,,2025-07-23T05:31:50.312Z,0.550800,0.109100,0.773700,0.117200,1.3703,1536,3382.7
microsoft1es@2025-07-23T07:18:01.373Z,test-control,microsoft1es,,,2025-07-23T07:18:01.373Z,0.641600,0.109200,0.769600,0.121300,1.4107,1536,5548.0
microsoft1es@2025-07-23T08:32:30.215Z,test-control,microsoft1es,,,2025-07-23T08:32:30.215Z,0.575700,0.131300,0.742900,0.125800,1.3852,1536,6321.6
microsoft1es@2025-07-23T11:58:21.186Z,test-control,microsoft1es,,,2025-07-23T11:58:21.186Z,0.536300,0.106400,0.776700,0.116900,1.3257,1536,3369.3
microsoft1es@2025-07-23T13:46:01.171Z,test-control,microsoft1es,,,2025-07-23T13:46:01.171Z,0.665300,0.108100,0.774600,0.117200,1.4359,1536,2856.4
microsoft1es@2025-07-23T15:46:16.653Z,test-control,microsoft1es,,,2025-07-23T15:46:16.653Z,0.544800,0.119800,0.755200,0.125000,1.3069,1536,2847.5
microsoft1es@2025-07-23T17:00:30.033Z,test-control,microsoft1es,,,2025-07-23T17:00:30.033Z,0.515000,0.109200,0.772700,0.118100,1.2638,1536,2849.8
microsoft1es@2025-07-23T19:44:22.557Z,test-control,microsoft1es,,,2025-07-23T19:44:22.557Z,0.489300,0.111600,0.769900,0.118500,1.2234,1536,2821.5
microsoft1es@2025-07-23T23:53:45.279Z,test-control,microsoft1es,,,2025-07-23T23:53:45.279Z,0.554900,0.113800,0.769900,0.116300,1.3532,1536,2823.8
microsoft1es@2025-07-24T05:01:20.074Z,test-control,microsoft1es,,,2025-07-24T05:01:20.074Z,0.561200,0.117700,0.752000,0.130300,1.3693,1536,2846.2
microsoft1es@2025-07-24T06:51:55.959Z,test-control,microsoft1es,,,2025-07-24T06:51:55.959Z,0.619900,0.114300,0.768800,0.116900,1.3683,1536,2819.6
microsoft1es@2025-07-24T08:19:21.400Z,test-control,microsoft1es,,,2025-07-24T08:19:21.400Z,0.629200,0.113100,0.783500,0.103500,1.3831,1536,2817.7
microsoft1es@2025-07-24T10:16:30.765Z,test-control,microsoft1es,,,2025-07-24T10:16:30.765Z,0.524000,0.107800,0.782300,0.109800,1.2922,1536,2835.7
microsoft1es@2025-07-24T19:25:22.152Z,test-control,microsoft1es,,,2025-07-24T19:25:22.152Z,0.450200,0.142200,0.734000,0.123800,1.4132,1536,2831.1
microsoft1es@2025-07-24T21:29:44.331Z,test-control,microsoft1es,,,2025-07-24T21:29:44.331Z,0.444400,0.137300,0.734200,0.128500,1.4324,1536,2850.0
microsoft1es@2025-07-24T22:43:58.852Z,test-control,microsoft1es,,,2025-07-24T22:43:58.852Z,0.443000,0.122100,0.754900,0.123100,1.3281,1536,2825.0
microsoft1es@2025-07-25T00:24:28.544Z,test-control,microsoft1es,,,2025-07-25T00:24:28.544Z,0.442400,0.128000,0.760500,0.111500,1.5501,1536,2825.8
microsoft1es@2025-07-25T04:45:49.577Z,test-control,microsoft1es,,,2025-07-25T04:45:49.577Z,0.530500,0.097900,0.786300,0.115800,1.3568,1536,2835.2
microsoft1es@2025-07-25T06:09:12.842Z,test-control,microsoft1es,,,2025-07-25T06:09:12.842Z,0.592700,0.139400,0.733400,0.127200,1.4148,1536,2822.7
microsoft1es@2025-07-25T21:11:58.638Z,test-control,microsoft1es,,,2025-07-25T21:11:58.638Z,0.652600,0.116600,0.770400,0.113000,1.3058,1536,2844.6
microsoft1es@2025-07-25T22:46:00.710Z,test-control,microsoft1es,,,2025-07-25T22:46:00.710Z,0.524900,0.107100,0.782700,0.110200,1.3561,1536,2813.4
microsoft1es@2025-07-26T00:35:25.473Z,test-control,microsoft1es,,,2025-07-26T00:35:25.473Z,0.531600,0.101800,0.782500,0.115700,1.3812,1536,2822.7
microsoft1es@2025-07-26T06:09:10.434Z,test-control,microsoft1es,,,2025-07-26T06:09:10.434Z,0.492200,0.117300,0.776200,0.106500,1.3877,1536,2858.7
microsoft1es@2025-07-26T07:21:21.848Z,test-control,microsoft1es,,,2025-07-26T07:21:21.848Z,0.589300,0.092500,0.821500,0.086100,1.4242,1536,2805.4
microsoft1es@2025-07-28T13:05:39.065Z,test-control,microsoft1es,,,2025-07-28T13:05:39.065Z,0.452900,0.090500,0.818200,0.091300,1.3816,1536,2831.6
microsoft1es@2025-07-28T17:27:37.637Z,test-control,microsoft1es,,,2025-07-28T17:27:37.637Z,0.613500,0.131600,0.738200,0.130300,1.3029,1536,2847.8
microsoft1es@2025-07-28T23:30:03.789Z,test-control,microsoft1es,,,2025-07-28T23:30:03.789Z,0.592800,0.109900,0.779400,0.110700,1.3802,1536,2861.9
microsoft1es@2025-07-29T00:37:37.506Z,test-control,microsoft1es,,,2025-07-29T00:37:37.506Z,0.675200,0.129600,0.743800,0.126600,1.4038,1536,2876.0
microsoft1es@2025-07-29T02:10:49.456Z,test-control,microsoft1es,,,2025-07-29T02:10:49.456Z,0.658200,0.130400,0.751200,0.118500,1.4126,1536,2820.5
microsoft1es@2025-07-29T06:11:20.707Z,test-control,microsoft1es,,,2025-07-29T06:11:20.707Z,0.599900,0.119000,0.764700,0.116300,1.3336,1536,2838.7
microsoft1es@2025-07-29T07:16:07.031Z,test-control,microsoft1es,,,2025-07-29T07:16:07.031Z,0.546900,0.111300,0.757500,0.131200,1.4707,1536,2984.6
microsoft1es@2025-07-29T23:00:49.264Z,test-control,microsoft1es,,,2025-07-29T23:00:49.264Z,0.612100,0.118500,0.764800,0.116700,1.3580,1536,2874.0
microsoft1es@2025-07-30T00:07:23.231Z,test-control,microsoft1es,,,2025-07-30T00:07:23.231Z,0.592300,0.097600,0.801000,0.101400,1.2827,1536,2895.0
microsoft1es@2025-07-30T01:14:36.274Z,test-control,microsoft1es,,,2025-07-30T01:14:36.274Z,0.533300,0.109000,0.791100,0.099900,1.5192,1536,3024.9
microsoft1es@2025-07-30T02:15:32.576Z,test-control,microsoft1es,,,2025-07-30T02:15:32.576Z,0.535200,0.102800,0.800600,0.096600,1.4208,1536,2923.1
microsoft1es@2025-07-30T03:16:12.376Z,test-control,microsoft1es,,,2025-07-30T03:16:12.376Z,0.607800,0.128200,0.749500,0.122300,1.4497,1536,2903.3
microsoft1es@2025-07-30T04:17:20.429Z,test-control,microsoft1es,,,2025-07-30T04:17:20.429Z,0.579800,0.130500,0.744700,0.124800,1.4179,1536,2838.2
microsoft1es@2025-07-30T05:19:29.874Z,test-control,microsoft1es,,,2025-07-30T05:19:29.874Z,0.571200,0.120600,0.751800,0.127600,1.3840,1536,2961.4
microsoft1es@2025-07-30T06:29:25.450Z,test-control,microsoft1es,,,2025-07-30T06:29:25.450Z,0.603800,0.128900,0.749800,0.121200,1.3517,1536,4302.4
microsoft1es@2025-07-30T07:43:24.500Z,test-control,microsoft1es,,,2025-07-30T07:43:24.500Z,0.554100,0.121000,0.757900,0.121000,1.3906,1536,8563.8
microsoft1es@2025-07-30T08:43:50.577Z,test-control,microsoft1es,,,2025-07-30T08:43:50.577Z,0.580200,0.111600,0.769300,0.119100,1.2292,1536,2892.9
microsoft1es@2025-07-30T09:44:26.013Z,test-control,microsoft1es,,,2025-07-30T09:44:26.013Z,0.632600,0.107700,0.774000,0.118200,1.2930,1536,2828.8
microsoft1es@2025-07-30T10:45:14.891Z,test-control,microsoft1es,,,2025-07-30T10:45:14.891Z,0.666600,0.097100,0.782300,0.120700,1.2889,1536,2845.3
microsoft1es@2025-07-30T11:46:26.408Z,test-control,microsoft1es,,,2025-07-30T11:46:26.408Z,0.653900,0.113400,0.762700,0.123900,1.3237,1536,2853.5
microsoft1es@2025-07-30T12:59:32.299Z,test-control,microsoft1es,,,2025-07-30T12:59:32.299Z,0.571600,0.095100,0.801600,0.103300,1.2335,1536,2841.5
microsoft1es@2025-07-30T14:05:05.599Z,test-control,microsoft1es,,,2025-07-30T14:05:05.599Z,0.563100,0.096800,0.795600,0.107500,1.2426,1536,2861.7
microsoft1es@2025-07-30T15:13:58.814Z,test-control,microsoft1es,,,2025-07-30T15:13:58.814Z,0.557100,0.108600,0.767600,0.123800,1.2526,1536,2835.2
microsoft1es@2025-07-30T16:14:33.803Z,test-control,microsoft1es,,,2025-07-30T16:14:33.803Z,0.577200,0.087300,0.807200,0.105500,1.2041,1536,2942.8
microsoft1es@2025-07-30T17:14:35.631Z,test-control,microsoft1es,,,2025-07-30T17:14:35.631Z,0.567500,0.098200,0.779800,0.122000,1.2941,1536,2864.1
microsoft1es@2025-07-30T18:15:57.158Z,test-control,microsoft1es,,,2025-07-30T18:15:57.158Z,0.642500,0.112800,0.763700,0.123500,1.3274,1536,2828.4
microsoft1es@2025-07-30T19:29:45.100Z,test-control,microsoft1es,,,2025-07-30T19:29:45.100Z,0.651500,0.123300,0.758400,0.118300,1.3563,1536,2824.1
microsoft1es@2025-07-30T20:31:28.377Z,test-control,microsoft1es,,,2025-07-30T20:31:28.377Z,0.642800,0.122200,0.756400,0.121300,1.4191,1536,2803.6
microsoft1es@2025-07-30T21:32:18.712Z,test-control,microsoft1es,,,2025-07-30T21:32:18.712Z,0.579800,0.122500,0.739500,0.138000,1.3165,1536,2830.1
microsoft1es@2025-07-30T22:35:57.708Z,test-control,microsoft1es,,,2025-07-30T22:35:57.708Z,0.546600,0.122600,0.741200,0.136200,1.3322,1536,3158.2
microsoft1es@2025-07-30T23:44:28.935Z,test-control,microsoft1es,,,2025-07-30T23:44:28.935Z,0.596800,0.129500,0.760000,0.110500,1.4124,1536,3297.1
microsoft1es@2025-07-31T00:44:33.258Z,test-control,microsoft1es,,,2025-07-31T00:44:33.258Z,0.605000,0.124700,0.763100,0.112300,1.4099,1536,9776.6
microsoft1es@2025-07-31T03:07:40.200Z,test-control,microsoft1es,,,2025-07-31T03:07:40.200Z,0.599700,0.124400,0.765800,0.109800,1.4346,1536,2898.2
microsoft1es@2025-07-31T06:08:05.876Z,test-control,microsoft1es,,,2025-07-31T06:08:05.876Z,0.553900,0.100700,0.786100,0.113300,1.3941,1536,2839.5
microsoft1es@2025-07-31T07:15:50.298Z,test-control,microsoft1es,,,2025-07-31T07:15:50.298Z,0.626900,0.075800,0.837900,0.086300,1.3531,1536,3004.8
microsoft1es@2025-07-31T08:21:10.023Z,test-control,microsoft1es,,,2025-07-31T08:21:10.023Z,0.646100,0.081000,0.827800,0.091200,1.3527,1536,2853.5
microsoft1es@2025-07-31T09:51:13.977Z,test-control,microsoft1es,,,2025-07-31T09:51:13.977Z,0.619500,0.095900,0.782900,0.121200,1.3672,1536,2957.8
microsoft1es@2025-07-31T12:43:51.538Z,test-control,microsoft1es,,,2025-07-31T12:43:51.538Z,0.668300,0.107000,0.767400,0.125600,1.3433,1536,2891.5
microsoft1es@2025-07-31T23:50:25.445Z,test-control,microsoft1es,,,2025-07-31T23:50:25.445Z,0.619200,0.111900,0.796500,0.091600,1.5377,1536,2858.8
microsoft1es@2025-08-01T02:30:59.015Z,test-control,microsoft1es,,,2025-08-01T02:30:59.015Z,0.588500,0.118800,0.780900,0.100300,1.5028,1536,2864.1
microsoft1es@2025-08-01T03:34:43.128Z,test-control,microsoft1es,,,2025-08-01T03:34:43.128Z,0.523100,0.102400,0.792000,0.105500,1.3986,1536,2828.0
microsoft1es@2025-08-01T05:12:12.253Z,test-control,microsoft1es,,,2025-08-01T05:12:12.253Z,0.528000,0.086700,0.824600,0.088800,1.3070,1536,2831.5
microsoft1es@2025-08-02T00:27:06.355Z,test-control,microsoft1es,,,2025-08-02T00:27:06.355Z,0.656600,0.105000,0.777100,0.117900,1.3393,1536,2829.5
microsoft1es@2025-08-04T13:06:36.401Z,test-control,microsoft1es,,,2025-08-04T13:06:36.401Z,0.605100,0.106700,0.775300,0.118000,1.3984,1536,2851.7
microsoft1es@2025-08-04T17:28:45.894Z,test-control,microsoft1es,,,2025-08-04T17:28:45.894Z,0.607900,0.124100,0.759400,0.116500,1.3329,1536,2867.6
microsoft1es@2025-08-04T18:30:08.370Z,test-control,microsoft1es,,,2025-08-04T18:30:08.370Z,0.669000,0.116500,0.752300,0.131300,1.2121,1536,2846.4
microsoft1es@2025-08-04T19:30:59.726Z,test-control,microsoft1es,,,2025-08-04T19:30:59.726Z,0.668700,0.129200,0.741500,0.129200,1.2275,1536,2824.9
microsoft1es@2025-08-04T20:44:59.052Z,test-control,microsoft1es,,,2025-08-04T20:44:59.052Z,0.556800,0.109300,0.761100,0.129600,1.3006,1536,2835.2
microsoft1es@2025-08-04T21:45:14.074Z,test-control,microsoft1es,,,2025-08-04T21:45:14.074Z,0.553900,0.106800,0.770000,0.123200,1.3387,1536,2839.8
microsoft1es@2025-08-04T22:49:25.639Z,test-control,microsoft1es,,,2025-08-04T22:49:25.639Z,0.560800,0.114200,0.761000,0.124800,1.3244,1536,2847.0
microsoft1es@2025-08-04T23:49:30.479Z,test-control,microsoft1es,,,2025-08-04T23:49:30.479Z,0.539500,0.119700,0.752300,0.128000,1.2894,1536,2828.4
microsoft1es@2025-08-05T00:59:39.843Z,test-control,microsoft1es,,,2025-08-05T00:59:39.843Z,0.597900,0.128800,0.743300,0.127900,1.3016,1536,2827.4
microsoft1es@2025-08-05T01:59:41.455Z,test-control,microsoft1es,,,2025-08-05T01:59:41.455Z,0.566900,0.131500,0.730200,0.138300,1.4388,1536,2818.8
microsoft1es@2025-08-05T02:59:54.288Z,test-control,microsoft1es,,,2025-08-05T02:59:54.288Z,0.537900,0.127300,0.741400,0.131400,1.4075,1536,2826.2
microsoft1es@2025-08-05T04:00:01.997Z,test-control,microsoft1es,,,2025-08-05T04:00:01.997Z,0.581300,0.111900,0.762600,0.125500,1.3457,1536,2824.6
microsoft1es@2025-08-05T05:00:05.928Z,test-control,microsoft1es,,,2025-08-05T05:00:05.928Z,0.616800,0.123600,0.749100,0.127300,1.3719,1536,2811.8
microsoft1es@2025-08-05T06:00:16.674Z,test-control,microsoft1es,,,2025-08-05T06:00:16.674Z,0.591500,0.116300,0.755100,0.128600,1.3084,1536,2801.6
microsoft1es@2025-08-05T07:14:31.699Z,test-control,microsoft1es,,,2025-08-05T07:14:31.699Z,0.572000,0.122200,0.757300,0.120500,1.3028,1536,2797.5
microsoft1es@2025-08-05T08:16:23.898Z,test-control,microsoft1es,,,2025-08-05T08:16:23.898Z,0.591700,0.089300,0.787200,0.123400,1.3181,1536,2869.1
microsoft1es@2025-08-05T09:17:39.859Z,test-control,microsoft1es,,,2025-08-05T09:17:39.859Z,0.574100,0.093800,0.786900,0.119300,1.3570,1536,2938.8
microsoft1es@2025-08-05T10:18:34.566Z,test-control,microsoft1es,,,2025-08-05T10:18:34.566Z,0.577200,0.093300,0.794400,0.112300,1.3354,1536,3136.8
microsoft1es@2025-08-05T11:29:59.068Z,test-control,microsoft1es,,,2025-08-05T11:29:59.068Z,0.569000,0.101600,0.776700,0.121700,1.3687,1536,3013.5
microsoft1es@2025-08-05T12:30:17.203Z,test-control,microsoft1es,,,2025-08-05T12:30:17.203Z,0.551200,0.089800,0.800600,0.109600,1.2542,1536,5587.7
microsoft1es@2025-08-05T13:30:49.634Z,test-control,microsoft1es,,,2025-08-05T13:30:49.634Z,0.564700,0.104900,0.776000,0.119100,1.2781,1536,7096.4
microsoft1es@2025-08-05T14:34:10.465Z,test-control,microsoft1es,,,2025-08-05T14:34:10.465Z,0.508000,0.116600,0.768300,0.115100,1.2953,1536,2828.9
microsoft1es@2025-08-05T15:35:17.648Z,test-control,microsoft1es,,,2025-08-05T15:35:17.648Z,0.580100,0.091700,0.796700,0.111600,1.2686,1536,2813.4
microsoft1es@2025-08-05T16:45:07.160Z,test-control,microsoft1es,,,2025-08-05T16:45:07.160Z,0.594000,0.084000,0.809600,0.106400,1.2014,1536,2815.0
microsoft1es@2025-08-05T18:18:07.336Z,test-control,microsoft1es,,,2025-08-05T18:18:07.336Z,0.628100,0.097100,0.782000,0.121000,1.3232,1536,2816.9
microsoft1es@2025-08-05T20:50:12.097Z,test-control,microsoft1es,,,2025-08-05T20:50:12.097Z,0.626800,0.109200,0.771200,0.119600,1.3325,1536,2840.6
microsoft1es@2025-08-05T22:17:03.059Z,test-control,microsoft1es,,,2025-08-05T22:17:03.059Z,0.549200,0.091600,0.803900,0.104500,1.2636,1536,2805.4
microsoft1es@2025-08-05T23:45:46.833Z,test-control,microsoft1es,,,2025-08-05T23:45:46.833Z,0.484800,0.097600,0.793800,0.108600,1.3436,1536,2897.3
microsoft1es@2025-08-06T00:52:57.836Z,test-control,microsoft1es,,,2025-08-06T00:52:57.836Z,0.564400,0.114700,0.771400,0.113900,1.3356,1536,2837.0
microsoft1es@2025-08-06T02:15:08.937Z,test-control,microsoft1es,,,2025-08-06T02:15:08.937Z,0.547600,0.102600,0.792800,0.104600,1.3662,1536,2925.4
microsoft1es@2025-08-06T03:40:10.223Z,test-control,microsoft1es,,,2025-08-06T03:40:10.223Z,0.600500,0.102800,0.794400,0.102700,1.3816,1536,2872.3
microsoft1es@2025-08-06T05:21:04.865Z,test-control,microsoft1es,,,2025-08-06T05:21:04.865Z,0.554300,0.105200,0.805800,0.089000,1.3918,1536,2813.3
microsoft1es@2025-08-06T07:53:51.435Z,test-control,microsoft1es,,,2025-08-06T07:53:51.435Z,0.622700,0.079000,0.839500,0.081600,1.2883,1536,2860.1
microsoft1es@2025-08-06T10:24:47.471Z,test-control,microsoft1es,,,2025-08-06T10:24:47.471Z,0.633900,0.081900,0.820000,0.098100,1.3061,1536,2793.6
microsoft1es@2025-08-06T12:40:54.228Z,test-control,microsoft1es,,,2025-08-06T12:40:54.228Z,0.568600,0.076800,0.831400,0.091800,1.3161,1536,2833.8
microsoft1es@2025-08-07T00:43:19.478Z,test-control,microsoft1es,,,2025-08-07T00:43:19.478Z,0.521800,0.102300,0.790900,0.106800,1.3875,1536,2962.4
microsoft1es@2025-08-07T21:48:14.255Z,test-control,microsoft1es,,,2025-08-07T21:48:14.255Z,0.556300,0.122100,0.770700,0.107300,1.3944,1536,3031.0
microsoft1es@2025-08-08T00:48:35.150Z,test-control,microsoft1es,,,2025-08-08T00:48:35.150Z,0.662600,0.118200,0.759000,0.122800,1.4231,1536,2923.5
microsoft1es@2025-08-08T01:49:50.745Z,test-control,microsoft1es,,,2025-08-08T01:49:50.745Z,0.622000,0.119800,0.775500,0.104700,1.3884,1536,2916.1
microsoft1es@2025-08-08T02:50:07.902Z,test-control,microsoft1es,,,2025-08-08T02:50:07.902Z,0.589300,0.107900,0.787500,0.104600,1.3922,1536,2951.7
microsoft1es@2025-08-08T04:22:11.946Z,test-control,microsoft1es,,,2025-08-08T04:22:11.946Z,0.574500,0.122500,0.765400,0.112100,1.4324,1536,4313.7
microsoft1es@2025-08-08T06:09:33.053Z,test-control,microsoft1es,,,2025-08-08T06:09:33.053Z,0.582700,0.121600,0.769100,0.109300,1.4002,1536,5206.7
microsoft1es@2025-08-08T07:16:42.855Z,test-control,microsoft1es,,,2025-08-08T07:16:42.855Z,0.567100,0.124400,0.757100,0.118600,1.5506,1536,5699.3
microsoft1es@2025-08-08T08:18:08.347Z,test-control,microsoft1es,,,2025-08-08T08:18:08.347Z,0.595300,0.121800,0.762300,0.115900,1.5250,1536,3474.2
microsoft1es@2025-08-08T09:39:57.025Z,test-control,microsoft1es,,,2025-08-08T09:39:57.025Z,0.635800,0.094800,0.796800,0.108500,1.6520,1536,2832.4
microsoft1es@2025-08-08T14:31:48.402Z,test-control,microsoft1es,,,2025-08-08T14:31:48.402Z,0.690100,0.131300,0.763800,0.104900,1.4467,1536,2844.8
microsoft1es@2025-08-08T17:55:42.604Z,test-control,microsoft1es,,,2025-08-08T17:55:42.604Z,0.732700,0.136700,0.760800,0.102500,1.4751,1536,2800.4
microsoft1es@2025-08-08T19:15:45.797Z,test-control,microsoft1es,,,2025-08-08T19:15:45.797Z,0.678000,0.137900,0.764600,0.097600,1.3604,1536,2865.9
microsoft1es@2025-08-08T22:48:11.347Z,test-control,microsoft1es,,,2025-08-08T22:48:11.347Z,0.623600,0.144900,0.730500,0.124600,1.3910,1536,2844.6
microsoft1es@2025-08-08T23:54:16.666Z,test-control,microsoft1es,,,2025-08-08T23:54:16.666Z,0.647300,0.134900,0.748400,0.116700,1.4739,1536,2815.2
microsoft1es@2025-08-09T01:02:56.763Z,test-control,microsoft1es,,,2025-08-09T01:02:56.763Z,0.525500,0.108700,0.789600,0.101700,1.3281,1536,2855.1
microsoft1es@2025-08-09T02:03:26.746Z,test-control,microsoft1es,,,2025-08-09T02:03:26.746Z,0.560800,0.103700,0.791900,0.104300,1.3188,1536,2801.9
microsoft1es@2025-08-11T12:28:36.596Z,test-control,microsoft1es,,,2025-08-11T12:28:36.596Z,0.559600,0.100100,0.792000,0.107800,1.3170,1536,2870.7
microsoft1es@2025-08-11T15:34:01.063Z,test-control,microsoft1es,,,2025-08-11T15:34:01.063Z,0.514700,0.096400,0.778600,0.125000,1.3910,1536,2780.0
microsoft1es@2025-08-12T21:45:25.956Z,test-control,microsoft1es,,,2025-08-12T21:45:25.956Z,0.540800,0.130000,0.735300,0.134700,1.5627,1536,2835.5
microsoft1es@2025-08-12T22:51:39.987Z,test-control,microsoft1es,,,2025-08-12T22:51:39.987Z,0.561800,0.132600,0.716400,0.151000,1.4000,1536,2803.4
microsoft1es@2025-08-13T11:35:54.121Z,test-control,microsoft1es,,,2025-08-13T11:35:54.121Z,0.702100,0.140800,0.736800,0.122300,1.3789,1536,2809.1
microsoft1es@2025-08-13T13:11:00.681Z,test-control,microsoft1es,,,2025-08-13T13:11:00.681Z,0.743500,0.123800,0.758700,0.117600,1.4209,1536,2810.4
microsoft1es@2025-08-13T15:48:59.209Z,test-control,microsoft1es,,,2025-08-13T15:48:59.209Z,0.734000,0.127100,0.760100,0.112800,1.4858,1536,2801.1
microsoft1es@2025-08-14T17:37:17.344Z,test-control,microsoft1es,,,2025-08-14T17:37:17.344Z,0.523500,0.111300,0.763600,0.125100,1.2943,1536,2839.4
microsoft1es@2025-08-14T18:41:21.866Z,test-control,microsoft1es,,,2025-08-14T18:41:21.866Z,0.714300,0.133900,0.746900,0.119200,1.2680,1536,2813.7
microsoft1es@2025-08-14T19:43:19.368Z,test-control,microsoft1es,,,2025-08-14T19:43:19.368Z,0.596600,0.131600,0.760900,0.107500,1.3711,1536,2809.0
microsoft1es@2025-08-14T20:56:17.880Z,test-control,microsoft1es,,,2025-08-14T20:56:17.880Z,0.550800,0.118900,0.774700,0.106500,1.3235,1536,2783.2
microsoft1es@2025-08-14T22:11:23.680Z,test-control,microsoft1es,,,2025-08-14T22:11:23.680Z,0.568400,0.117600,0.785300,0.097100,1.3499,1536,2836.9
microsoft1es@2025-08-14T23:20:31.084Z,test-control,microsoft1es,,,2025-08-14T23:20:31.084Z,0.563300,0.101700,0.797700,0.100500,1.4741,1536,2793.3
microsoft1es@2025-08-15T00:21:59.118Z,test-control,microsoft1es,,,2025-08-15T00:21:59.118Z,0.571300,0.104100,0.796600,0.099300,1.4028,1536,2805.1
microsoft1es@2025-08-15T01:23:17.330Z,test-control,microsoft1es,,,2025-08-15T01:23:17.330Z,0.565800,0.093800,0.815700,0.090500,1.3532,1536,2828.9
microsoft1es@2025-08-15T02:25:44.374Z,test-control,microsoft1es,,,2025-08-15T02:25:44.374Z,0.545600,0.094500,0.792000,0.113500,1.3531,1536,2817.8
microsoft1es@2025-08-15T03:37:32.910Z,test-control,microsoft1es,,,2025-08-15T03:37:32.910Z,0.544600,0.089100,0.797900,0.113000,1.3565,1536,2820.4
microsoft1es@2025-08-15T04:37:51.887Z,test-control,microsoft1es,,,2025-08-15T04:37:51.887Z,0.533100,0.093000,0.794600,0.112400,1.3237,1536,2888.3
microsoft1es@2025-08-15T05:48:18.184Z,test-control,microsoft1es,,,2025-08-15T05:48:18.184Z,0.622600,0.098000,0.790900,0.111100,1.4560,1536,3127.0
microsoft1es@2025-08-15T06:50:50.656Z,test-control,microsoft1es,,,2025-08-15T06:50:50.656Z,0.541000,0.089400,0.801600,0.109000,1.4685,1536,2933.4
microsoft1es@2025-08-15T07:52:49.834Z,test-control,microsoft1es,,,2025-08-15T07:52:49.834Z,0.583400,0.089100,0.799200,0.111700,1.4548,1536,2911.5
microsoft1es@2025-08-15T09:05:24.310Z,test-control,microsoft1es,,,2025-08-15T09:05:24.310Z,0.557700,0.086700,0.800800,0.112500,1.3785,1536,2910.2
microsoft1es@2025-08-15T10:22:10.311Z,test-control,microsoft1es,,,2025-08-15T10:22:10.311Z,0.547100,0.090400,0.796800,0.112800,1.4207,1536,2828.3
microsoft1es@2025-08-15T11:22:21.769Z,test-control,microsoft1es,,,2025-08-15T11:22:21.769Z,0.611600,0.093300,0.797000,0.109800,1.2593,1536,2966.5
microsoft1es@2025-08-15T12:37:15.987Z,test-control,microsoft1es,,,2025-08-15T12:37:15.987Z,0.561500,0.108600,0.763800,0.127600,1.1816,1536,9057.6
microsoft1es@2025-08-15T13:51:56.058Z,test-control,microsoft1es,,,2025-08-15T13:51:56.058Z,0.556600,0.148500,0.699700,0.151800,1.2195,1536,4172.6
microsoft1es@2025-08-15T14:52:29.146Z,test-control,microsoft1es,,,2025-08-15T14:52:29.146Z,0.549500,0.123700,0.755100,0.121200,1.3032,1536,3007.9
microsoft1es@2025-08-15T15:53:47.881Z,test-control,microsoft1es,,,2025-08-15T15:53:47.881Z,0.620300,0.130000,0.743900,0.126000,1.4198,1536,2911.2
microsoft1es@2025-08-15T18:02:26.666Z,test-control,microsoft1es,,,2025-08-15T18:02:26.666Z,0.527700,0.101600,0.784300,0.114100,1.2540,1536,2845.5
microsoft1es@2025-08-15T20:12:59.911Z,test-control,microsoft1es,,,2025-08-15T20:12:59.911Z,0.558500,0.108100,0.776100,0.115700,1.1406,1536,2864.3
microsoft1es@2025-08-15T21:20:33.932Z,test-control,microsoft1es,,,2025-08-15T21:20:33.932Z,0.588400,0.114800,0.769700,0.115500,1.1536,1536,2830.5
microsoft1es@2025-08-15T23:57:33.424Z,test-control,microsoft1es,,,2025-08-15T23:57:33.424Z,0.605100,0.091300,0.810600,0.098100,1.3258,1536,2952.3
microsoft1es@2025-08-18T15:47:56.332Z,test-control,microsoft1es,,,2025-08-18T15:47:56.332Z,0.585100,0.108700,0.770000,0.121300,1.3545,1536,2994.3
microsoft1es@2025-08-19T18:08:36.291Z,test-control,microsoft1es,,,2025-08-19T18:08:36.291Z,0.571600,0.114100,0.768000,0.117900,1.4477,1536,3017.7
microsoft1es@2025-08-19T21:38:53.052Z,test-control,microsoft1es,,,2025-08-19T21:38:53.052Z,0.579100,0.110800,0.787300,0.101900,1.4022,1536,2875.6
microsoft1es@2025-08-19T22:51:40.684Z,test-control,microsoft1es,,,2025-08-19T22:51:40.684Z,0.639600,0.099200,0.794700,0.106200,1.4395,1536,2959.0
microsoft1es@2025-08-19T23:53:41.257Z,test-control,microsoft1es,,,2025-08-19T23:53:41.257Z,0.669100,0.137800,0.740700,0.121500,1.3975,1536,2907.1
microsoft1es@2025-08-20T02:55:58.045Z,test-control,microsoft1es,,,2025-08-20T02:55:58.045Z,0.582000,0.102400,0.800000,0.097600,1.4374,1536,2925.0
microsoft1es@2025-08-20T06:07:57.384Z,test-control,microsoft1es,,,2025-08-20T06:07:57.384Z,0.537500,0.115700,0.757900,0.126400,1.3149,1536,2887.2
microsoft1es@2025-08-20T07:22:30.023Z,test-control,microsoft1es,,,2025-08-20T07:22:30.023Z,0.536700,0.125500,0.770400,0.104100,1.3160,1536,2858.1
microsoft1es@2025-08-20T09:20:21.107Z,test-control,microsoft1es,,,2025-08-20T09:20:21.107Z,0.617200,0.121300,0.766800,0.111900,1.3687,1536,2850.2
microsoft1es@2025-08-20T18:14:44.117Z,test-control,microsoft1es,,,2025-08-20T18:14:44.117Z,0.572400,0.125600,0.757500,0.116900,1.5734,1536,2950.0
microsoft1es@2025-08-20T20:34:57.714Z,test-control,microsoft1es,,,2025-08-20T20:34:57.714Z,0.689900,0.122900,0.751600,0.125500,1.3015,1536,3016.0
microsoft1es@2025-08-20T22:50:16.765Z,test-control,microsoft1es,,,2025-08-20T22:50:16.765Z,0.685500,0.116400,0.763400,0.120200,1.3144,1536,2842.1
microsoft1es@2025-08-21T03:25:08.484Z,test-control,microsoft1es,,,2025-08-21T03:25:08.484Z,0.499600,0.104900,0.761900,0.133200,1.3779,1536,2847.3
microsoft1es@2025-08-21T07:18:05.759Z,test-control,microsoft1es,,,2025-08-21T07:18:05.759Z,0.584600,0.114300,0.772800,0.112900,1.4603,1536,2833.5
microsoft1es@2025-08-21T08:36:02.658Z,test-control,microsoft1es,,,2025-08-21T08:36:02.658Z,0.484200,0.098100,0.792500,0.109400,1.4905,1536,2847.5
microsoft1es@2025-08-21T22:06:52.509Z,test-control,microsoft1es,,,2025-08-21T22:06:52.509Z,0.569200,0.121900,0.768500,0.109600,1.3851,1536,2866.9
microsoft1es@2025-08-21T23:10:30.785Z,test-control,microsoft1es,,,2025-08-21T23:10:30.785Z,0.516500,0.118300,0.782300,0.099400,1.3290,1536,2944.2
microsoft1es@2025-08-22T00:19:03.521Z,test-control,microsoft1es,,,2025-08-22T00:19:03.521Z,0.614500,0.099000,0.808500,0.092500,1.2258,1536,3054.8
microsoft1es@2025-08-22T01:32:50.312Z,test-control,microsoft1es,,,2025-08-22T01:32:50.312Z,0.509900,0.108600,0.795800,0.095600,1.5044,1536,2927.1
microsoft1es@2025-08-22T02:33:50.860Z,test-control,microsoft1es,,,2025-08-22T02:33:50.860Z,0.481600,0.089500,0.806000,0.104500,1.4608,1536,2908.7
microsoft1es@2025-08-22T03:35:57.422Z,test-control,microsoft1es,,,2025-08-22T03:35:57.422Z,0.558900,0.134100,0.751900,0.114000,1.6911,1536,2917.9
microsoft1es@2025-08-22T05:03:37.851Z,test-control,microsoft1es,,,2025-08-22T05:03:37.851Z,0.575900,0.131900,0.751800,0.116300,1.6507,1536,2927.2
microsoft1es@2025-08-22T06:42:49.818Z,test-control,microsoft1es,,,2025-08-22T06:42:49.818Z,0.583600,0.125700,0.769400,0.104900,1.6964,1536,3079.1
microsoft1es@2025-08-22T07:50:45.545Z,test-control,microsoft1es,,,2025-08-22T07:50:45.545Z,0.547600,0.156400,0.719500,0.124000,1.6734,1536,9253.1
microsoft1es@2025-08-22T08:51:15.322Z,test-control,microsoft1es,,,2025-08-22T08:51:15.322Z,0.549300,0.154200,0.721000,0.124800,1.6740,1536,3788.8
microsoft1es@2025-08-22T10:09:11.993Z,test-control,microsoft1es,,,2025-08-22T10:09:11.993Z,0.631800,0.123800,0.762000,0.114200,1.5178,1536,2981.9
microsoft1es@2025-08-22T11:19:19.255Z,test-control,microsoft1es,,,2025-08-22T11:19:19.255Z,0.598600,0.125500,0.754300,0.120200,1.5563,1536,2996.7
microsoft1es@2025-08-22T12:32:38.996Z,test-control,microsoft1es,,,2025-08-22T12:32:38.996Z,0.541800,0.119800,0.770800,0.109400,1.6138,1536,2939.2
microsoft1es@2025-08-22T13:34:51.617Z,test-control,microsoft1es,,,2025-08-22T13:34:51.617Z,0.623800,0.103500,0.803500,0.093000,1.3659,1536,3213.0
microsoft1es@2025-08-22T14:37:13.680Z,test-control,microsoft1es,,,2025-08-22T14:37:13.680Z,0.630300,0.102500,0.807700,0.089800,1.3638,1536,3496.9
microsoft1es@2025-08-22T15:37:15.353Z,test-control,microsoft1es,,,2025-08-22T15:37:15.353Z,0.590900,0.116400,0.784500,0.099100,1.5503,1536,10246.7
microsoft1es@2025-08-22T16:48:21.807Z,test-control,microsoft1es,,,2025-08-22T16:48:21.807Z,0.580300,0.120200,0.782400,0.097400,1.5491,1536,2965.0
microsoft1es@2025-08-22T17:55:21.030Z,test-control,microsoft1es,,,2025-08-22T17:55:21.030Z,0.592700,0.122100,0.763800,0.114100,1.6829,1536,2877.6
microsoft1es@2025-08-22T19:05:58.911Z,test-control,microsoft1es,,,2025-08-22T19:05:58.911Z,0.588100,0.113800,0.768600,0.117600,1.6556,1536,2834.8
microsoft1es@2025-08-22T20:11:01.876Z,test-control,microsoft1es,,,2025-08-22T20:11:01.876Z,0.523300,0.098900,0.799700,0.101400,1.7701,1536,2842.2
microsoft1es@2025-08-22T21:19:51.181Z,test-control,microsoft1es,,,2025-08-22T21:19:51.181Z,0.541300,0.106200,0.790900,0.102900,1.7287,1536,2807.2
microsoft1es@2025-08-22T22:21:33.055Z,test-control,microsoft1es,,,2025-08-22T22:21:33.055Z,0.488200,0.115700,0.751400,0.132900,1.5909,1536,2977.4
microsoft1es@2025-08-22T23:30:26.955Z,test-control,microsoft1es,,,2025-08-22T23:30:26.955Z,0.521100,0.114100,0.763100,0.122800,1.6847,1536,3094.2
microsoft1es@2025-08-23T00:33:33.489Z,test-control,microsoft1es,,,2025-08-23T00:33:33.489Z,0.513400,0.115000,0.767100,0.117900,1.6428,1536,5858.5
microsoft1es@2025-08-23T01:33:49.206Z,test-control,microsoft1es,,,2025-08-23T01:33:49.206Z,0.512100,0.103800,0.793900,0.102300,1.6415,1536,7385.3
microsoft1es@2025-08-23T02:47:37.368Z,test-control,microsoft1es,,,2025-08-23T02:47:37.368Z,0.681900,0.101000,0.799100,0.099900,1.4161,1536,2817.1
microsoft1es@2025-08-23T03:48:25.141Z,test-control,microsoft1es,,,2025-08-23T03:48:25.141Z,0.624300,0.150000,0.728900,0.121000,1.5355,1536,2867.0
microsoft1es@2025-08-23T04:48:54.535Z,test-control,microsoft1es,,,2025-08-23T04:48:54.535Z,0.586500,0.139600,0.727900,0.132400,1.4816,1536,2881.8
microsoft1es@2025-08-23T05:49:25.259Z,test-control,microsoft1es,,,2025-08-23T05:49:25.259Z,0.605300,0.144800,0.730600,0.124600,1.5583,1536,2993.3
microsoft1es@2025-08-23T06:50:09.419Z,test-control,microsoft1es,,,2025-08-23T06:50:09.419Z,0.653700,0.128300,0.754800,0.116800,1.5147,1536,3170.2
microsoft1es@2025-08-23T08:14:43.324Z,test-control,microsoft1es,,,2025-08-23T08:14:43.324Z,0.585700,0.119300,0.744600,0.136200,1.5582,1536,3207.0
microsoft1es@2025-08-25T07:19:42.792Z,test-control,microsoft1es,,,2025-08-25T07:19:42.792Z,0.573100,0.140000,0.693200,0.166800,1.4600,1536,4331.0
microsoft1es@2025-08-25T08:21:05.880Z,test-control,microsoft1es,,,2025-08-25T08:21:05.880Z,0.744400,0.109500,0.803800,0.086800,1.4116,1536,7894.2
microsoft1es@2025-08-25T09:22:00.973Z,test-control,microsoft1es,,,2025-08-25T09:22:00.973Z,0.588800,0.097900,0.807900,0.094200,1.3622,1536,3266.7
microsoft1es@2025-08-25T10:22:01.349Z,test-control,microsoft1es,,,2025-08-25T10:22:01.349Z,0.551800,0.092500,0.803900,0.103600,1.3388,1536,2867.1
microsoft1es@2025-08-25T11:32:48.744Z,test-control,microsoft1es,,,2025-08-25T11:32:48.744Z,0.572000,0.089900,0.803300,0.106900,1.3084,1536,2854.9
microsoft1es@2025-08-25T12:37:24.161Z,test-control,microsoft1es,,,2025-08-25T12:37:24.161Z,0.528700,0.095300,0.787300,0.117400,1.2389,1536,2912.7
microsoft1es@2025-08-25T13:49:43.976Z,test-control,microsoft1es,,,2025-08-25T13:49:43.976Z,0.533700,0.100400,0.784500,0.115100,1.2708,1536,2944.6
microsoft1es@2025-08-25T14:49:56.856Z,test-control,microsoft1es,,,2025-08-25T14:49:56.856Z,0.528200,0.102800,0.792600,0.104600,1.4762,1536,2869.6
microsoft1es@2025-08-25T15:52:48.175Z,test-control,microsoft1es,,,2025-08-25T15:52:48.175Z,0.684900,0.097800,0.781200,0.121000,1.4079,1536,2914.4
microsoft1es@2025-08-25T16:56:22.253Z,test-control,microsoft1es,,,2025-08-25T16:56:22.253Z,0.674200,0.100000,0.775300,0.124700,1.4180,1536,2907.9
microsoft1es@2025-08-25T17:57:11.735Z,test-control,microsoft1es,,,2025-08-25T17:57:11.735Z,0.655500,0.091000,0.792900,0.116000,1.4007,1536,2848.6
microsoft1es@2025-08-25T19:09:17.561Z,test-control,microsoft1es,,,2025-08-25T19:09:17.561Z,0.739400,0.096600,0.808900,0.094500,1.5206,1536,2849.3
microsoft1es@2025-08-25T20:19:08.615Z,test-control,microsoft1es,,,2025-08-25T20:19:08.615Z,0.704000,0.104700,0.780900,0.114400,1.4480,1536,2867.8
microsoft1es@2025-08-25T21:19:39.203Z,test-control,microsoft1es,,,2025-08-25T21:19:39.203Z,0.714300,0.099800,0.787400,0.112700,1.4608,1536,3039.6
microsoft1es@2025-08-25T22:20:08.030Z,test-control,microsoft1es,,,2025-08-25T22:20:08.030Z,0.601500,0.107400,0.778100,0.114500,1.4291,1536,2896.3
microsoft1es@2025-08-25T23:21:16.732Z,test-control,microsoft1es,,,2025-08-25T23:21:16.732Z,0.500700,0.124900,0.750300,0.124800,1.4939,1536,2910.8
microsoft1es@2025-08-26T00:22:31.980Z,test-control,microsoft1es,,,2025-08-26T00:22:31.980Z,0.584000,0.124900,0.756600,0.118500,1.4105,1536,2938.4
microsoft1es@2025-08-26T01:34:21.314Z,test-control,microsoft1es,,,2025-08-26T01:34:21.314Z,0.536500,0.130900,0.738800,0.130200,1.4090,1536,2861.8
microsoft1es@2025-08-26T02:35:22.521Z,test-control,microsoft1es,,,2025-08-26T02:35:22.521Z,0.555700,0.140900,0.737300,0.121800,1.4125,1536,2844.6
microsoft1es@2025-08-26T03:39:55.599Z,test-control,microsoft1es,,,2025-08-26T03:39:55.599Z,0.627900,0.110300,0.774600,0.115100,1.4169,1536,2839.3
microsoft1es@2025-08-26T04:48:05.742Z,test-control,microsoft1es,,,2025-08-26T04:48:05.742Z,0.611800,0.123900,0.742000,0.134100,1.4291,1536,2862.8
microsoft1es@2025-08-26T05:49:36.832Z,test-control,microsoft1es,,,2025-08-26T05:49:36.832Z,0.621500,0.122200,0.747900,0.129800,1.4537,1536,2861.7
microsoft1es@2025-08-26T06:50:14.907Z,test-control,microsoft1es,,,2025-08-26T06:50:14.907Z,0.597100,0.105300,0.759900,0.134800,1.4203,1536,2840.1
microsoft1es@2025-08-26T07:51:02.026Z,test-control,microsoft1es,,,2025-08-26T07:51:02.026Z,0.588300,0.110500,0.763000,0.126500,1.4159,1536,2916.2
microsoft1es@2025-08-26T09:05:16.947Z,test-control,microsoft1es,,,2025-08-26T09:05:16.947Z,0.585700,0.091300,0.790000,0.118700,1.3128,1536,3023.0
microsoft1es@2025-08-26T10:05:44.807Z,test-control,microsoft1es,,,2025-08-26T10:05:44.807Z,0.563100,0.100200,0.784500,0.115300,1.3677,1536,3079.3
microsoft1es@2025-08-26T11:16:57.705Z,test-control,microsoft1es,,,2025-08-26T11:16:57.705Z,0.565000,0.086500,0.798900,0.114600,1.2944,1536,3400.3
microsoft1es@2025-08-26T12:20:38.563Z,test-control,microsoft1es,,,2025-08-26T12:20:38.563Z,0.578000,0.093400,0.786600,0.120000,1.1888,1536,11016.3
microsoft1es@2025-08-26T13:22:30.992Z,test-control,microsoft1es,,,2025-08-26T13:22:30.992Z,0.543000,0.083700,0.805000,0.111200,1.2229,1536,2962.2
microsoft1es@2025-08-26T14:33:10.861Z,test-control,microsoft1es,,,2025-08-26T14:33:10.861Z,0.540100,0.105500,0.772600,0.121900,1.2293,1536,2942.9
microsoft1es@2025-08-26T15:35:28.868Z,test-control,microsoft1es,,,2025-08-26T15:35:28.868Z,0.553200,0.096000,0.776500,0.127500,1.2115,1536,3011.3
microsoft1es@2025-08-26T16:35:59.290Z,test-control,microsoft1es,,,2025-08-26T16:35:59.290Z,0.627600,0.080700,0.820200,0.099100,1.2382,1536,2924.8
microsoft1es@2025-08-26T17:37:00.405Z,test-control,microsoft1es,,,2025-08-26T17:37:00.405Z,0.631900,0.093900,0.802000,0.104100,1.2727,1536,2947.4
microsoft1es@2025-08-26T18:41:25.447Z,test-control,microsoft1es,,,2025-08-26T18:41:25.447Z,0.698800,0.106800,0.782500,0.110700,1.3677,1536,2949.7
microsoft1es@2025-08-26T19:41:57.275Z,test-control,microsoft1es,,,2025-08-26T19:41:57.275Z,0.646100,0.097500,0.790800,0.111600,1.3591,1536,2997.8
microsoft1es@2025-08-26T20:47:52.161Z,test-control,microsoft1es,,,2025-08-26T20:47:52.161Z,0.671600,0.114900,0.763500,0.121600,1.3861,1536,3098.6
microsoft1es@2025-08-26T21:49:53.656Z,test-control,microsoft1es,,,2025-08-26T21:49:53.656Z,0.578300,0.118400,0.734500,0.147100,1.3272,1536,3047.4
microsoft1es@2025-08-26T22:54:49.158Z,test-control,microsoft1es,,,2025-08-26T22:54:49.158Z,0.584600,0.105000,0.759700,0.135300,1.2474,1536,3340.6
microsoft1es@2025-08-26T23:55:16.624Z,test-control,microsoft1es,,,2025-08-26T23:55:16.624Z,0.639900,0.108800,0.769000,0.122200,1.2966,1536,5074.5
microsoft1es@2025-08-27T01:03:21.852Z,test-control,microsoft1es,,,2025-08-27T01:03:21.852Z,0.534100,0.116900,0.741500,0.141600,1.3160,1536,5250.2
microsoft1es@2025-08-27T02:03:49.914Z,test-control,microsoft1es,,,2025-08-27T02:03:49.914Z,0.582400,0.108400,0.767300,0.124300,1.2538,1536,4275.0
microsoft1es@2025-08-27T03:05:42.814Z,test-control,microsoft1es,,,2025-08-27T03:05:42.814Z,0.599500,0.122400,0.754200,0.123400,1.3253,1536,3323.8
microsoft1es@2025-08-27T04:06:54.823Z,test-control,microsoft1es,,,2025-08-27T04:06:54.823Z,0.607800,0.108400,0.762600,0.129000,1.2380,1536,2844.6
microsoft1es@2025-08-27T05:19:52.665Z,test-control,microsoft1es,,,2025-08-27T05:19:52.665Z,0.615800,0.106200,0.769100,0.124700,1.3363,1536,2966.5
microsoft1es@2025-08-27T06:32:06.038Z,test-control,microsoft1es,,,2025-08-27T06:32:06.038Z,0.610700,0.119300,0.739800,0.140900,1.3570,1536,2944.1
microsoft1es@2025-08-27T07:47:48.377Z,test-control,microsoft1es,,,2025-08-27T07:47:48.377Z,0.572700,0.093900,0.790200,0.115900,1.3096,1536,2949.0
microsoft1es@2025-08-27T08:48:08.833Z,test-control,microsoft1es,,,2025-08-27T08:48:08.833Z,0.563900,0.084500,0.800000,0.115600,1.2357,1536,2922.8
microsoft1es@2025-08-27T09:48:18.181Z,test-control,microsoft1es,,,2025-08-27T09:48:18.181Z,0.598000,0.095000,0.793400,0.111600,1.1731,1536,2885.5
microsoft1es@2025-08-27T10:48:39.535Z,test-control,microsoft1es,,,2025-08-27T10:48:39.535Z,0.640300,0.098800,0.791900,0.109300,1.2632,1536,2823.6
microsoft1es@2025-08-27T11:49:34.875Z,test-control,microsoft1es,,,2025-08-27T11:49:34.875Z,0.610400,0.100300,0.786300,0.113300,1.2651,1536,2870.3
microsoft1es@2025-08-27T12:49:35.163Z,test-control,microsoft1es,,,2025-08-27T12:49:35.163Z,0.506700,0.084600,0.799400,0.116000,1.1015,1536,2890.4
microsoft1es@2025-08-27T13:49:46.369Z,test-control,microsoft1es,,,2025-08-27T13:49:46.369Z,0.528400,0.103900,0.785700,0.110400,1.2196,1536,2874.5
microsoft1es@2025-08-27T14:51:16.723Z,test-control,microsoft1es,,,2025-08-27T14:51:16.723Z,0.534000,0.094700,0.783300,0.122000,1.1455,1536,2943.5
microsoft1es@2025-08-27T16:05:34.261Z,test-control,microsoft1es,,,2025-08-27T16:05:34.261Z,0.553800,0.088800,0.798300,0.112900,1.2777,1536,3037.4
microsoft1es@2025-08-27T17:10:00.596Z,test-control,microsoft1es,,,2025-08-27T17:10:00.596Z,0.615200,0.095200,0.789900,0.114900,1.2572,1536,3138.7
microsoft1es@2025-08-27T18:15:04.889Z,test-control,microsoft1es,,,2025-08-27T18:15:04.889Z,0.634800,0.108800,0.766500,0.124800,1.3058,1536,2922.7
microsoft1es@2025-08-27T19:20:26.454Z,test-control,microsoft1es,,,2025-08-27T19:20:26.454Z,0.632400,0.105500,0.788000,0.106400,1.2995,1536,2929.1
microsoft1es@2025-08-27T20:21:15.281Z,test-control,microsoft1es,,,2025-08-27T20:21:15.281Z,0.614400,0.117200,0.756600,0.126200,1.3125,1536,3059.6
microsoft1es@2025-08-27T21:23:57.853Z,test-control,microsoft1es,,,2025-08-27T21:23:57.853Z,0.658800,0.114200,0.768100,0.117700,1.3976,1536,2989.6
microsoft1es@2025-08-27T22:34:58.779Z,test-control,microsoft1es,,,2025-08-27T22:34:58.779Z,0.517800,0.114100,0.747300,0.138600,1.2953,1536,3061.7
microsoft1es@2025-08-27T23:37:34.898Z,test-control,microsoft1es,,,2025-08-27T23:37:34.898Z,0.550700,0.104200,0.777400,0.118400,1.2354,1536,3132.4
microsoft1es@2025-08-28T00:38:29.167Z,test-control,microsoft1es,,,2025-08-28T00:38:29.167Z,0.606400,0.115500,0.763100,0.121400,1.3043,1536,2900.7
microsoft1es@2025-08-28T01:46:06.554Z,test-control,microsoft1es,,,2025-08-28T01:46:06.554Z,0.592900,0.119200,0.771700,0.109100,1.4752,1536,3074.3
microsoft1es@2025-08-28T02:53:23.343Z,test-control,microsoft1es,,,2025-08-28T02:53:23.343Z,0.616700,0.099300,0.780300,0.120400,1.2019,1536,3191.5
microsoft1es@2025-08-28T04:02:43.746Z,test-control,microsoft1es,,,2025-08-28T04:02:43.746Z,0.612500,0.117400,0.746400,0.136200,1.4121,1536,3106.6
microsoft1es@2025-08-28T05:29:29.253Z,test-control,microsoft1es,,,2025-08-28T05:29:29.253Z,0.591300,0.119600,0.753800,0.126500,1.3506,1536,3140.7
microsoft1es@2025-08-28T06:35:20.379Z,test-control,microsoft1es,,,2025-08-28T06:35:20.379Z,0.584900,0.105600,0.754300,0.140100,1.3318,1536,3149.5
microsoft1es@2025-08-28T07:48:57.340Z,test-control,microsoft1es,,,2025-08-28T07:48:57.340Z,0.596600,0.111500,0.742800,0.145700,1.3942,1536,3388.6
microsoft1es@2025-08-28T08:55:30.931Z,test-control,microsoft1es,,,2025-08-28T08:55:30.931Z,0.579000,0.093500,0.784100,0.122400,1.2922,1536,3393.3
microsoft1es@2025-08-28T10:07:17.329Z,test-control,microsoft1es,,,2025-08-28T10:07:17.329Z,0.562000,0.084500,0.810900,0.104600,1.2979,1536,3329.9
microsoft1es@2025-08-28T11:17:26.754Z,test-control,microsoft1es,,,2025-08-28T11:17:26.754Z,0.560500,0.089600,0.801500,0.108900,1.2687,1536,3462.9
microsoft1es@2025-08-28T12:20:00.962Z,test-control,microsoft1es,,,2025-08-28T12:20:00.962Z,0.568800,0.106900,0.774400,0.118600,1.1773,1536,3480.7
microsoft1es@2025-08-28T13:21:08.507Z,test-control,microsoft1es,,,2025-08-28T13:21:08.507Z,0.542300,0.088900,0.797200,0.113900,1.1875,1536,3631.5
microsoft1es@2025-08-28T14:36:34.284Z,test-control,microsoft1es,,,2025-08-28T14:36:34.284Z,0.543900,0.108800,0.759100,0.132100,1.1509,1536,3846.8
microsoft1es@2025-08-28T15:48:19.059Z,test-control,microsoft1es,,,2025-08-28T15:48:19.059Z,0.536600,0.103300,0.781600,0.115100,1.3701,1536,5721.8
microsoft1es@2025-08-28T16:49:18.614Z,test-control,microsoft1es,,,2025-08-28T16:49:18.614Z,0.540700,0.099500,0.791000,0.109600,1.3768,1536,13468.8
microsoft1es@2025-08-28T17:49:24.888Z,test-control,microsoft1es,,,2025-08-28T17:49:24.888Z,0.588600,0.094000,0.786100,0.119900,1.2876,1536,3167.7
microsoft1es@2025-08-28T18:51:18.344Z,test-control,microsoft1es,,,2025-08-28T18:51:18.344Z,0.671800,0.096900,0.789400,0.113700,1.3614,1536,3437.6
microsoft1es@2025-08-28T19:55:31.113Z,test-control,microsoft1es,,,2025-08-28T19:55:31.113Z,0.598900,0.099100,0.774900,0.125900,1.3105,1536,2889.6
microsoft1es@2025-08-28T21:02:51.102Z,test-control,microsoft1es,,,2025-08-28T21:02:51.102Z,0.658100,0.112000,0.762600,0.125400,1.3203,1536,2876.5
microsoft1es@2025-08-28T22:03:21.869Z,test-control,microsoft1es,,,2025-08-28T22:03:21.869Z,0.564000,0.105100,0.756900,0.138000,1.2794,1536,2912.3
microsoft1es@2025-08-28T23:04:21.757Z,test-control,microsoft1es,,,2025-08-28T23:04:21.757Z,0.579200,0.110200,0.756100,0.133800,1.3051,1536,2932.4
microsoft1es@2025-08-29T00:05:26.177Z,test-control,microsoft1es,,,2025-08-29T00:05:26.177Z,0.577100,0.108900,0.767800,0.123300,1.3206,1536,2919.7
microsoft1es@2025-08-29T01:06:49.837Z,test-control,microsoft1es,,,2025-08-29T01:06:49.837Z,0.548700,0.101500,0.752200,0.146300,1.2046,1536,2861.6
microsoft1es@2025-08-29T02:10:33.812Z,test-control,microsoft1es,,,2025-08-29T02:10:33.812Z,0.604200,0.120500,0.752500,0.127000,1.3894,1536,2851.4
microsoft1es@2025-08-29T03:21:51.334Z,test-control,microsoft1es,,,2025-08-29T03:21:51.334Z,0.644000,0.135000,0.742600,0.122400,1.5044,1536,2807.2
microsoft1es@2025-08-29T04:37:03.989Z,test-control,microsoft1es,,,2025-08-29T04:37:03.989Z,0.630900,0.102700,0.762800,0.134500,1.3240,1536,2819.1
microsoft1es@2025-08-29T05:49:20.387Z,test-control,microsoft1es,,,2025-08-29T05:49:20.387Z,0.596000,0.100600,0.772300,0.127200,1.3255,1536,2842.2
microsoft1es@2025-08-29T06:51:24.596Z,test-control,microsoft1es,,,2025-08-29T06:51:24.596Z,0.607100,0.106500,0.769200,0.124300,1.4158,1536,2862.3
microsoft1es@2025-08-29T07:57:51.124Z,test-control,microsoft1es,,,2025-08-29T07:57:51.124Z,0.599300,0.108500,0.755800,0.135700,1.3757,1536,3023.0
microsoft1es@2025-08-29T09:01:52.597Z,test-control,microsoft1es,,,2025-08-29T09:01:52.597Z,0.624400,0.091500,0.784600,0.123900,1.2741,1536,3025.9
microsoft1es@2025-08-29T10:03:43.564Z,test-control,microsoft1es,,,2025-08-29T10:03:43.564Z,0.585800,0.099400,0.777700,0.122900,1.2940,1536,2875.2
microsoft1es@2025-08-29T11:19:48.042Z,test-control,microsoft1es,,,2025-08-29T11:19:48.042Z,0.580900,0.119100,0.750200,0.130700,1.2917,1536,2857.8
microsoft1es@2025-08-29T12:33:47.723Z,test-control,microsoft1es,,,2025-08-29T12:33:47.723Z,0.587300,0.094000,0.790800,0.115300,1.2594,1536,2874.6
microsoft1es@2025-08-29T13:45:17.221Z,test-control,microsoft1es,,,2025-08-29T13:45:17.221Z,0.588800,0.099700,0.786200,0.114100,1.2997,1536,2880.0
microsoft1es@2025-08-29T14:47:30.056Z,test-control,microsoft1es,,,2025-08-29T14:47:30.056Z,0.563000,0.088700,0.787700,0.123600,1.2257,1536,2872.0
microsoft1es@2025-08-29T15:48:58.717Z,test-control,microsoft1es,,,2025-08-29T15:48:58.717Z,0.638500,0.096100,0.780700,0.123300,1.3423,1536,2869.7
microsoft1es@2025-08-29T16:49:52.309Z,test-control,microsoft1es,,,2025-08-29T16:49:52.309Z,0.606900,0.103300,0.779400,0.117300,1.2655,1536,2894.4
microsoft1es@2025-08-29T17:52:30.387Z,test-control,microsoft1es,,,2025-08-29T17:52:30.387Z,0.569400,0.094900,0.790500,0.114600,1.3878,1536,2908.6
microsoft1es@2025-08-29T19:04:33.109Z,test-control,microsoft1es,,,2025-08-29T19:04:33.109Z,0.660200,0.108900,0.778300,0.112800,1.3697,1536,2839.8
microsoft1es@2025-08-29T20:04:37.032Z,test-control,microsoft1es,,,2025-08-29T20:04:37.032Z,0.675300,0.093800,0.798400,0.107800,1.3216,1536,2875.0
microsoft1es@2025-08-29T21:05:45.057Z,test-control,microsoft1es,,,2025-08-29T21:05:45.057Z,0.661100,0.098100,0.780500,0.121300,1.3057,1536,2858.4
microsoft1es@2025-08-29T22:06:05.115Z,test-control,microsoft1es,,,2025-08-29T22:06:05.115Z,0.588700,0.107500,0.754000,0.138600,1.2962,1536,2846.0
microsoft1es@2025-08-29T23:19:25.716Z,test-control,microsoft1es,,,2025-08-29T23:19:25.716Z,0.561300,0.101400,0.761200,0.137400,1.2693,1536,2865.6
microsoft1es@2025-08-30T00:21:52.497Z,test-control,microsoft1es,,,2025-08-30T00:21:52.497Z,0.657600,0.069200,0.832800,0.098000,1.2810,1536,2945.9
microsoft1es@2025-08-30T01:31:37.528Z,test-control,microsoft1es,,,2025-08-30T01:31:37.528Z,0.637900,0.137200,0.724600,0.138200,1.3967,1536,2968.7
microsoft1es@2025-08-30T02:36:11.268Z,test-control,microsoft1es,,,2025-08-30T02:36:11.268Z,0.655500,0.112300,0.755600,0.132100,1.4212,1536,2855.9
microsoft1es@2025-08-30T03:39:27.352Z,test-control,microsoft1es,,,2025-08-30T03:39:27.352Z,0.639200,0.092100,0.777300,0.130600,1.3571,1536,2885.3
microsoft1es@2025-08-30T04:41:05.920Z,test-control,microsoft1es,,,2025-08-30T04:41:05.920Z,0.647400,0.104500,0.755000,0.140600,1.4094,1536,2961.5
microsoft1es@2025-08-30T05:47:36.257Z,test-control,microsoft1es,,,2025-08-30T05:47:36.257Z,0.656400,0.105400,0.762700,0.131800,1.3662,1536,2892.6
microsoft1es@2025-08-30T06:50:03.788Z,test-control,microsoft1es,,,2025-08-30T06:50:03.788Z,0.664400,0.101900,0.748900,0.149200,1.3918,1536,2843.7
microsoft1es@2025-09-01T07:52:35.692Z,test-control,microsoft1es,,,2025-09-01T07:52:35.692Z,0.589200,0.120200,0.746000,0.133700,1.3569,1536,2851.2
microsoft1es@2025-09-01T09:09:28.276Z,test-control,microsoft1es,,,2025-09-01T09:09:28.276Z,0.740800,0.148000,0.737100,0.114800,1.3772,1536,2904.7
microsoft1es@2025-09-01T10:13:48.462Z,test-control,microsoft1es,,,2025-09-01T10:13:48.462Z,0.582200,0.131200,0.730000,0.138900,1.3638,1536,2906.2
microsoft1es@2025-09-01T11:24:16.512Z,test-control,microsoft1es,,,2025-09-01T11:24:16.512Z,0.580500,0.138700,0.721900,0.139300,1.3855,1536,2885.3
microsoft1es@2025-09-01T12:24:34.214Z,test-control,microsoft1es,,,2025-09-01T12:24:34.214Z,0.641200,0.131500,0.751900,0.116600,1.3923,1536,2945.9
microsoft1es@2025-09-01T13:34:06.928Z,test-control,microsoft1es,,,2025-09-01T13:34:06.928Z,0.620800,0.134600,0.752700,0.112700,1.3583,1536,2900.9
microsoft1es@2025-09-01T14:39:54.300Z,test-control,microsoft1es,,,2025-09-01T14:39:54.300Z,0.652700,0.109500,0.772100,0.118400,1.2052,1536,2975.6
microsoft1es@2025-09-01T15:52:02.178Z,test-control,microsoft1es,,,2025-09-01T15:52:02.178Z,0.654400,0.107000,0.768000,0.124900,1.3856,1536,3280.9
microsoft1es@2025-09-01T17:11:00.954Z,test-control,microsoft1es,,,2025-09-01T17:11:00.954Z,0.625300,0.111800,0.761600,0.126600,1.3226,1536,3137.2
microsoft1es@2025-09-01T18:15:03.082Z,test-control,microsoft1es,,,2025-09-01T18:15:03.082Z,0.686400,0.110700,0.767900,0.121400,1.3628,1536,3039.8
microsoft1es@2025-09-01T19:17:22.189Z,test-control,microsoft1es,,,2025-09-01T19:17:22.189Z,0.678100,0.103100,0.778700,0.118200,1.3457,1536,3170.6
microsoft1es@2025-09-01T20:18:39.623Z,test-control,microsoft1es,,,2025-09-01T20:18:39.623Z,0.628200,0.098000,0.782500,0.119600,1.2872,1536,3050.0
microsoft1es@2025-09-01T21:19:48.243Z,test-control,microsoft1es,,,2025-09-01T21:19:48.243Z,0.673800,0.111200,0.765600,0.123100,1.3877,1536,3120.0
microsoft1es@2025-09-01T22:31:22.176Z,test-control,microsoft1es,,,2025-09-01T22:31:22.176Z,0.566100,0.104400,0.767500,0.128100,1.2978,1536,3078.5
microsoft1es@2025-09-01T23:32:30.446Z,test-control,microsoft1es,,,2025-09-01T23:32:30.446Z,0.623500,0.118800,0.749100,0.132100,1.3414,1536,3832.8
microsoft1es@2025-09-02T00:36:02.003Z,test-control,microsoft1es,,,2025-09-02T00:36:02.003Z,0.622600,0.107300,0.770600,0.122100,1.3899,1536,4102.2
microsoft1es@2025-09-02T01:38:01.877Z,test-control,microsoft1es,,,2025-09-02T01:38:01.877Z,0.538800,0.102600,0.772400,0.125000,1.3053,1536,4186.0
microsoft1es@2025-09-02T02:52:51.544Z,test-control,microsoft1es,,,2025-09-02T02:52:51.544Z,0.583600,0.119400,0.758200,0.122400,1.3371,1536,3050.9
microsoft1es@2025-09-02T03:55:11.282Z,test-control,microsoft1es,,,2025-09-02T03:55:11.282Z,0.651800,0.105500,0.784300,0.110300,1.4293,1536,3992.8
microsoft1es@2025-09-02T05:05:13.687Z,test-control,microsoft1es,,,2025-09-02T05:05:13.687Z,0.620000,0.094600,0.791700,0.113700,1.3642,1536,4110.7
microsoft1es@2025-09-02T06:05:51.051Z,test-control,microsoft1es,,,2025-09-02T06:05:51.051Z,0.614200,0.103900,0.764800,0.131300,1.3385,1536,4135.1
microsoft1es@2025-09-02T07:07:28.395Z,test-control,microsoft1es,,,2025-09-02T07:07:28.395Z,0.635600,0.124800,0.735500,0.139700,1.5305,1536,3620.6
microsoft1es@2025-09-02T08:08:26.217Z,test-control,microsoft1es,,,2025-09-02T08:08:26.217Z,0.569400,0.095800,0.768700,0.135500,1.4411,1536,3210.0
microsoft1es@2025-09-02T09:13:02.270Z,test-control,microsoft1es,,,2025-09-02T09:13:02.270Z,0.629500,0.107600,0.750800,0.141700,1.3651,1536,3577.0
microsoft1es@2025-09-02T10:14:09.659Z,test-control,microsoft1es,,,2025-09-02T10:14:09.659Z,0.581400,0.098900,0.785200,0.115900,1.3428,1536,3000.5
microsoft1es@2025-09-02T11:26:13.969Z,test-control,microsoft1es,,,2025-09-02T11:26:13.969Z,0.516900,0.099600,0.778000,0.122400,1.3291,1536,2876.6
microsoft1es@2025-09-02T12:35:35.251Z,test-control,microsoft1es,,,2025-09-02T12:35:35.251Z,0.545200,0.103700,0.783100,0.113200,1.3347,1536,2976.9
microsoft1es@2025-09-02T13:49:30.296Z,test-control,microsoft1es,,,2025-09-02T13:49:30.296Z,0.575300,0.097800,0.786600,0.115700,1.3376,1536,3103.6
microsoft1es@2025-09-02T14:53:12.582Z,test-control,microsoft1es,,,2025-09-02T14:53:12.582Z,0.642000,0.115300,0.761300,0.123400,1.2689,1536,2880.7
microsoft1es@2025-09-02T15:56:47.821Z,test-control,microsoft1es,,,2025-09-02T15:56:47.821Z,0.662000,0.117900,0.754200,0.127900,1.2284,1536,2875.2
microsoft1es@2025-09-02T17:03:40.668Z,test-control,microsoft1es,,,2025-09-02T17:03:40.668Z,0.596400,0.122400,0.759100,0.118500,1.2341,1536,2840.3
microsoft1es@2025-09-02T18:03:44.334Z,test-control,microsoft1es,,,2025-09-02T18:03:44.334Z,0.545600,0.102300,0.760300,0.137400,1.2344,1536,2912.3
microsoft1es@2025-09-02T19:04:04.966Z,test-control,microsoft1es,,,2025-09-02T19:04:04.966Z,0.554800,0.104700,0.757900,0.137400,1.2525,1536,2894.4
microsoft1es@2025-09-02T20:04:53.925Z,test-control,microsoft1es,,,2025-09-02T20:04:53.925Z,0.574200,0.110100,0.756900,0.133000,1.3389,1536,2898.6
microsoft1es@2025-09-02T21:05:09.101Z,test-control,microsoft1es,,,2025-09-02T21:05:09.101Z,0.573500,0.105400,0.760500,0.134100,1.2834,1536,2905.6
microsoft1es@2025-09-02T22:07:38.267Z,test-control,microsoft1es,,,2025-09-02T22:07:38.267Z,0.550100,0.117300,0.751600,0.131100,1.2652,1536,2938.0
microsoft1es@2025-09-02T23:21:23.890Z,test-control,microsoft1es,,,2025-09-02T23:21:23.890Z,0.562500,0.103300,0.768700,0.128000,1.2861,1536,2880.6
microsoft1es@2025-09-03T00:23:37.614Z,test-control,microsoft1es,,,2025-09-03T00:23:37.614Z,0.555500,0.113600,0.759700,0.126700,1.3264,1536,2896.6
microsoft1es@2025-09-03T01:32:17.585Z,test-control,microsoft1es,,,2025-09-03T01:32:17.585Z,0.564500,0.125900,0.748000,0.126100,1.2932,1536,2846.6
microsoft1es@2025-09-03T02:32:48.883Z,test-control,microsoft1es,,,2025-09-03T02:32:48.883Z,0.589300,0.123500,0.755800,0.120700,1.3512,1536,2880.3
microsoft1es@2025-09-03T03:35:12.498Z,test-control,microsoft1es,,,2025-09-03T03:35:12.498Z,0.607000,0.102600,0.773300,0.124100,1.3877,1536,2893.1
microsoft1es@2025-09-03T04:41:10.058Z,test-control,microsoft1es,,,2025-09-03T04:41:10.058Z,0.593600,0.109900,0.762700,0.127500,1.3808,1536,2943.9
microsoft1es@2025-09-03T05:47:45.488Z,test-control,microsoft1es,,,2025-09-03T05:47:45.488Z,0.601800,0.107700,0.767500,0.124800,1.3157,1536,2885.8
microsoft1es@2025-09-03T06:51:14.571Z,test-control,microsoft1es,,,2025-09-03T06:51:14.571Z,0.656400,0.128300,0.739500,0.132200,1.3777,1536,2851.0
microsoft1es@2025-09-03T07:52:52.115Z,test-control,microsoft1es,,,2025-09-03T07:52:52.115Z,0.555500,0.100300,0.759600,0.140100,1.3308,1536,2893.1
microsoft1es@2025-09-03T09:05:38.302Z,test-control,microsoft1es,,,2025-09-03T09:05:38.302Z,0.552900,0.099100,0.749300,0.151600,1.2745,1536,2825.9
microsoft1es@2025-09-03T10:09:29.481Z,test-control,microsoft1es,,,2025-09-03T10:09:29.481Z,0.580900,0.093100,0.784900,0.121900,1.3489,1536,2858.7
microsoft1es@2025-09-03T11:17:18.761Z,test-control,microsoft1es,,,2025-09-03T11:17:18.761Z,0.582800,0.095500,0.796100,0.108300,1.3658,1536,2943.5
microsoft1es@2025-09-03T12:22:59.172Z,test-control,microsoft1es,,,2025-09-03T12:22:59.172Z,0.503700,0.084900,0.800500,0.114600,1.3125,1536,2869.1
microsoft1es@2025-09-03T13:36:07.088Z,test-control,microsoft1es,,,2025-09-03T13:36:07.088Z,0.485500,0.100900,0.784900,0.114100,1.3556,1536,2885.1
microsoft1es@2025-09-03T14:48:44.073Z,test-control,microsoft1es,,,2025-09-03T14:48:44.073Z,0.655200,0.101900,0.765300,0.132900,1.2725,1536,2917.1
microsoft1es@2025-09-03T15:52:05.812Z,test-control,microsoft1es,,,2025-09-03T15:52:05.812Z,0.608000,0.113000,0.751300,0.135700,1.3309,1536,2895.2
microsoft1es@2025-09-03T16:55:38.057Z,test-control,microsoft1es,,,2025-09-03T16:55:38.057Z,0.570300,0.110800,0.750000,0.139100,1.3450,1536,2855.4
microsoft1es@2025-09-03T17:55:57.826Z,test-control,microsoft1es,,,2025-09-03T17:55:57.826Z,0.573700,0.131600,0.733100,0.135300,1.4446,1536,2893.6
microsoft1es@2025-09-03T19:07:05.498Z,test-control,microsoft1es,,,2025-09-03T19:07:05.498Z,0.613600,0.105200,0.763900,0.130900,1.3342,1536,2832.3
microsoft1es@2025-09-03T20:13:42.426Z,test-control,microsoft1es,,,2025-09-03T20:13:42.426Z,0.578600,0.101200,0.750400,0.148300,1.3797,1536,2937.6
microsoft1es@2025-09-03T21:20:16.286Z,test-control,microsoft1es,,,2025-09-03T21:20:16.286Z,0.633900,0.110100,0.746400,0.143400,1.4311,1536,3000.0
microsoft1es@2025-09-03T22:29:41.589Z,test-control,microsoft1es,,,2025-09-03T22:29:41.589Z,0.557400,0.088000,0.782600,0.129500,1.2620,1536,3034.2
microsoft1es@2025-09-03T23:38:43.253Z,test-control,microsoft1es,,,2025-09-03T23:38:43.253Z,0.614400,0.119800,0.761900,0.118400,1.3185,1536,2959.2
microsoft1es@2025-09-04T00:39:01.913Z,test-control,microsoft1es,,,2025-09-04T00:39:01.913Z,0.589100,0.106800,0.775000,0.118300,1.2850,1536,2891.8
microsoft1es@2025-09-04T01:47:11.947Z,test-control,microsoft1es,,,2025-09-04T01:47:11.947Z,0.540300,0.117700,0.744300,0.138100,1.2796,1536,2875.7
microsoft1es@2025-09-04T02:50:59.548Z,test-control,microsoft1es,,,2025-09-04T02:50:59.548Z,0.560500,0.099300,0.785200,0.115500,1.3415,1536,8525.2
microsoft1es@2025-09-04T04:02:34.845Z,test-control,microsoft1es,,,2025-09-04T04:02:34.845Z,0.572500,0.112700,0.740900,0.146300,1.3261,1536,4325.3
microsoft1es@2025-09-04T05:14:10.287Z,test-control,microsoft1es,,,2025-09-04T05:14:10.287Z,0.605100,0.113800,0.744800,0.141400,1.3500,1536,2955.8
microsoft1es@2025-09-04T08:26:23.418Z,test-control,microsoft1es,,,2025-09-04T08:26:23.418Z,0.605600,0.109000,0.745500,0.145600,1.4494,1536,2848.8
microsoft1es@2025-09-04T12:08:14.367Z,test-control,microsoft1es,,,2025-09-04T12:08:14.367Z,0.620700,0.106300,0.783400,0.110300,1.2979,1536,2835.9
microsoft1es@2025-09-04T13:08:58.596Z,test-control,microsoft1es,,,2025-09-04T13:08:58.596Z,0.682600,0.130800,0.750700,0.118500,1.2730,1536,2975.6
microsoft1es@2025-09-04T14:37:59.560Z,test-control,microsoft1es,,,2025-09-04T14:37:59.560Z,0.668600,0.116100,0.754500,0.129400,1.2570,1536,2895.6
microsoft1es@2025-09-04T15:38:13.206Z,test-control,microsoft1es,,,2025-09-04T15:38:13.206Z,0.672700,0.120000,0.762000,0.117900,1.2780,1536,2941.6
microsoft1es@2025-09-04T16:42:00.144Z,test-control,microsoft1es,,,2025-09-04T16:42:00.144Z,0.553900,0.099200,0.789900,0.110900,1.3087,1536,2949.6
microsoft1es@2025-09-04T17:48:23.567Z,test-control,microsoft1es,,,2025-09-04T17:48:23.567Z,0.535000,0.093200,0.794100,0.112800,1.3105,1536,2911.3
microsoft1es@2025-09-04T18:50:54.282Z,test-control,microsoft1es,,,2025-09-04T18:50:54.282Z,0.607900,0.113500,0.742800,0.143700,1.3410,1536,3048.5
microsoft1es@2025-09-04T19:51:21.578Z,test-control,microsoft1es,,,2025-09-04T19:51:21.578Z,0.584600,0.089300,0.782300,0.128400,1.2639,1536,2861.4
microsoft1es@2025-09-04T20:52:47.231Z,test-control,microsoft1es,,,2025-09-04T20:52:47.231Z,0.598500,0.099300,0.770600,0.130100,1.2807,1536,2923.2
microsoft1es@2025-09-04T22:03:06.082Z,test-control,microsoft1es,,,2025-09-04T22:03:06.082Z,0.504600,0.112400,0.745200,0.142400,1.2930,1536,3033.0
microsoft1es@2025-09-04T23:12:18.130Z,test-control,microsoft1es,,,2025-09-04T23:12:18.130Z,0.502600,0.100800,0.772100,0.127100,1.2581,1536,2973.0
microsoft1es@2025-09-05T00:12:42.581Z,test-control,microsoft1es,,,2025-09-05T00:12:42.581Z,0.560800,0.127700,0.739300,0.133000,1.2864,1536,3512.6
microsoft1es@2025-09-05T01:13:28.193Z,test-control,microsoft1es,,,2025-09-05T01:13:28.193Z,0.521300,0.118000,0.745800,0.136200,1.2983,1536,3030.6
microsoft1es@2025-09-05T02:20:11.793Z,test-control,microsoft1es,,,2025-09-05T02:20:11.793Z,0.555500,0.117000,0.743400,0.139600,1.3836,1536,3046.0
microsoft1es@2025-09-05T03:22:45.153Z,test-control,microsoft1es,,,2025-09-05T03:22:45.153Z,0.605100,0.128700,0.723300,0.148000,1.2939,1536,9818.7
microsoft1es@2025-09-05T04:26:33.767Z,test-control,microsoft1es,,,2025-09-05T04:26:33.767Z,0.577400,0.115000,0.745600,0.139400,1.2665,1536,3464.0
microsoft1es@2025-09-05T05:39:19.164Z,test-control,microsoft1es,,,2025-09-05T05:39:19.164Z,0.581200,0.107800,0.776900,0.115200,1.2868,1536,2902.7
microsoft1es@2025-09-05T07:09:08.632Z,test-control,microsoft1es,,,2025-09-05T07:09:08.632Z,0.568100,0.113900,0.744900,0.141100,1.3173,1536,2904.8
microsoft1es@2025-09-05T08:18:07.845Z,test-control,microsoft1es,,,2025-09-05T08:18:07.845Z,0.581600,0.120200,0.739000,0.140900,1.3412,1536,2927.8
microsoft1es@2025-09-05T09:29:49.276Z,test-control,microsoft1es,,,2025-09-05T09:29:49.276Z,0.580400,0.094400,0.791900,0.113700,1.2791,1536,2930.0
microsoft1es@2025-09-05T10:43:08.487Z,test-control,microsoft1es,,,2025-09-05T10:43:08.487Z,0.542500,0.095100,0.784300,0.120500,1.2520,1536,2857.8
microsoft1es@2025-09-05T11:44:14.995Z,test-control,microsoft1es,,,2025-09-05T11:44:14.995Z,0.568000,0.108900,0.760900,0.130200,1.2980,1536,2988.8
microsoft1es@2025-09-05T12:57:15.740Z,test-control,microsoft1es,,,2025-09-05T12:57:15.740Z,0.510300,0.105800,0.765300,0.129000,1.2774,1536,2876.6
microsoft1es@2025-09-05T13:58:32.917Z,test-control,microsoft1es,,,2025-09-05T13:58:32.917Z,0.527500,0.100600,0.774500,0.124800,1.2940,1536,2954.7
microsoft1es@2025-09-05T14:58:55.446Z,test-control,microsoft1es,,,2025-09-05T14:58:55.446Z,0.504900,0.106500,0.770600,0.122800,1.2858,1536,2928.5
microsoft1es@2025-09-05T16:00:50.736Z,test-control,microsoft1es,,,2025-09-05T16:00:50.736Z,0.476400,0.102500,0.763400,0.134100,1.2270,1536,3015.7
microsoft1es@2025-09-05T17:04:13.571Z,test-control,microsoft1es,,,2025-09-05T17:04:13.571Z,0.480900,0.101300,0.763100,0.135600,1.2294,1536,3016.6
microsoft1es@2025-09-05T18:04:38.397Z,test-control,microsoft1es,,,2025-09-05T18:04:38.397Z,0.549300,0.114700,0.767400,0.117900,1.2820,1536,2846.5
microsoft1es@2025-09-05T19:13:08.346Z,test-control,microsoft1es,,,2025-09-05T19:13:08.346Z,0.572000,0.108300,0.769300,0.122300,1.2296,1536,2853.2
microsoft1es@2025-09-05T20:14:24.336Z,test-control,microsoft1es,,,2025-09-05T20:14:24.336Z,0.522500,0.100500,0.764700,0.134800,1.2327,1536,2889.8
microsoft1es@2025-09-05T21:28:10.797Z,test-control,microsoft1es,,,2025-09-05T21:28:10.797Z,0.522700,0.107900,0.760900,0.131200,1.2184,1536,2889.9
microsoft1es@2025-09-05T22:28:56.431Z,test-control,microsoft1es,,,2025-09-05T22:28:56.431Z,0.514800,0.114900,0.739000,0.146100,1.2285,1536,2948.6
microsoft1es@2025-09-05T23:29:45.674Z,test-control,microsoft1es,,,2025-09-05T23:29:45.674Z,0.614600,0.110200,0.763300,0.126500,1.2436,1536,2929.3
microsoft1es@2025-09-06T00:30:36.207Z,test-control,microsoft1es,,,2025-09-06T00:30:36.207Z,0.582000,0.104800,0.749700,0.145600,1.2152,1536,3009.6
microsoft1es@2025-09-06T01:42:05.437Z,test-control,microsoft1es,,,2025-09-06T01:42:05.437Z,0.582800,0.115000,0.767200,0.117900,1.3157,1536,2956.8
microsoft1es@2025-09-06T02:58:04.284Z,test-control,microsoft1es,,,2025-09-06T02:58:04.284Z,0.614200,0.118400,0.758900,0.122600,1.2848,1536,2848.2
microsoft1es@2025-09-06T04:10:55.111Z,test-control,microsoft1es,,,2025-09-06T04:10:55.111Z,0.642400,0.102300,0.771000,0.126700,1.2349,1536,2949.7
microsoft1es@2025-09-06T05:12:59.981Z,test-control,microsoft1es,,,2025-09-06T05:12:59.981Z,0.578000,0.102100,0.769700,0.128200,1.2297,1536,2859.1
microsoft1es@2025-09-06T06:47:23.370Z,test-control,microsoft1es,,,2025-09-06T06:47:23.370Z,0.617500,0.103100,0.771200,0.125700,1.3306,1536,2868.6
microsoft1es@2025-09-08T07:43:14.530Z,test-control,microsoft1es,,,2025-09-08T07:43:14.530Z,0.643100,0.120400,0.751400,0.128100,1.3222,1536,2948.2
microsoft1es@2025-09-08T09:00:04.135Z,test-control,microsoft1es,,,2025-09-08T09:00:04.135Z,0.785700,0.121100,0.750800,0.128100,1.4083,1536,3017.0
microsoft1es@2025-09-08T10:11:16.828Z,test-control,microsoft1es,,,2025-09-08T10:11:16.828Z,0.661000,0.117600,0.735300,0.147100,1.3460,1536,3095.3
microsoft1es@2025-09-08T11:13:05.295Z,test-control,microsoft1es,,,2025-09-08T11:13:05.295Z,0.681700,0.126800,0.725900,0.147400,1.3770,1536,3046.1
microsoft1es@2025-09-08T12:18:33.952Z,test-control,microsoft1es,,,2025-09-08T12:18:33.952Z,0.570900,0.097100,0.781400,0.121500,1.2814,1536,3003.1
microsoft1es@2025-09-08T13:29:30.501Z,test-control,microsoft1es,,,2025-09-08T13:29:30.501Z,0.565500,0.115100,0.772000,0.112900,1.3674,1536,3143.8
microsoft1es@2025-09-08T14:44:14.746Z,test-control,microsoft1es,,,2025-09-08T14:44:14.746Z,0.686600,0.120200,0.756800,0.123100,1.2773,1536,3240.6
microsoft1es@2025-09-08T16:00:43.236Z,test-control,microsoft1es,,,2025-09-08T16:00:43.236Z,0.591800,0.108000,0.756100,0.135900,1.3224,1536,9502.3
microsoft1es@2025-09-08T17:02:56.521Z,test-control,microsoft1es,,,2025-09-08T17:02:56.521Z,0.612500,0.105200,0.768100,0.126600,1.2928,1536,3815.9
microsoft1es@2025-09-08T18:08:08.844Z,test-control,microsoft1es,,,2025-09-08T18:08:08.844Z,0.629500,0.107500,0.769500,0.122900,1.3903,1536,2888.6
microsoft1es@2025-09-08T19:14:30.209Z,test-control,microsoft1es,,,2025-09-08T19:14:30.209Z,0.625800,0.116600,0.760500,0.122900,1.4143,1536,2866.8
microsoft1es@2025-09-08T20:25:04.516Z,test-control,microsoft1es,,,2025-09-08T20:25:04.516Z,0.632000,0.100000,0.777600,0.122400,1.3310,1536,2890.1
microsoft1es@2025-09-08T21:30:33.660Z,test-control,microsoft1es,,,2025-09-08T21:30:33.660Z,0.605600,0.108100,0.765300,0.126700,1.3565,1536,2951.2
microsoft1es@2025-09-08T22:42:20.252Z,test-control,microsoft1es,,,2025-09-08T22:42:20.252Z,0.528400,0.100900,0.776000,0.123100,1.3330,1536,2872.0
microsoft1es@2025-09-08T23:43:45.218Z,test-control,microsoft1es,,,2025-09-08T23:43:45.218Z,0.617400,0.107800,0.762600,0.129600,1.3706,1536,2897.5
microsoft1es@2025-09-09T00:44:10.874Z,test-control,microsoft1es,,,2025-09-09T00:44:10.874Z,0.569200,0.110700,0.755400,0.133800,1.3805,1536,2876.0
microsoft1es@2025-09-09T01:56:44.015Z,test-control,microsoft1es,,,2025-09-09T01:56:44.015Z,0.592600,0.107100,0.766000,0.126800,1.3912,1536,2890.3
microsoft1es@2025-09-09T02:57:28.721Z,test-control,microsoft1es,,,2025-09-09T02:57:28.721Z,0.539600,0.091200,0.787200,0.121600,1.3880,1536,2957.0
microsoft1es@2025-09-09T03:58:34.603Z,test-control,microsoft1es,,,2025-09-09T03:58:34.603Z,0.590200,0.118300,0.750600,0.131100,1.3481,1536,2926.2
microsoft1es@2025-09-09T05:13:52.302Z,test-control,microsoft1es,,,2025-09-09T05:13:52.302Z,0.638400,0.096100,0.771800,0.132100,1.3562,1536,2886.2
microsoft1es@2025-09-09T06:14:10.585Z,test-control,microsoft1es,,,2025-09-09T06:14:10.585Z,0.606200,0.098200,0.784700,0.117100,1.3369,1536,2910.5
microsoft1es@2025-09-09T07:14:30.071Z,test-control,microsoft1es,,,2025-09-09T07:14:30.071Z,0.564200,0.122100,0.752100,0.125700,1.4715,1536,2981.1
microsoft1es@2025-09-09T08:14:38.721Z,test-control,microsoft1es,,,2025-09-09T08:14:38.721Z,0.580600,0.106800,0.767300,0.125900,1.3878,1536,3005.0
microsoft1es@2025-09-09T09:16:07.231Z,test-control,microsoft1es,,,2025-09-09T09:16:07.231Z,0.531700,0.096800,0.789100,0.114200,1.3874,1536,2961.9
microsoft1es@2025-09-09T10:16:15.759Z,test-control,microsoft1es,,,2025-09-09T10:16:15.759Z,0.549400,0.091800,0.794500,0.113700,1.3639,1536,2916.8
microsoft1es@2025-09-09T11:28:25.804Z,test-control,microsoft1es,,,2025-09-09T11:28:25.804Z,0.540700,0.099000,0.788900,0.112100,1.4236,1536,2951.7
microsoft1es@2025-09-09T12:30:18.295Z,test-control,microsoft1es,,,2025-09-09T12:30:18.295Z,0.554300,0.102100,0.770800,0.127100,1.2969,1536,3041.6
microsoft1es@2025-09-09T13:43:55.411Z,test-control,microsoft1es,,,2025-09-09T13:43:55.411Z,0.579200,0.090500,0.796700,0.112800,1.2819,1536,2878.7
microsoft1es@2025-09-09T14:44:51.226Z,test-control,microsoft1es,,,2025-09-09T14:44:51.226Z,0.644600,0.110500,0.776600,0.112900,1.3182,1536,2981.2
microsoft1es@2025-09-09T15:58:20.673Z,test-control,microsoft1es,,,2025-09-09T15:58:20.673Z,0.602800,0.109700,0.762800,0.127400,1.2943,1536,3064.0
microsoft1es@2025-09-09T17:04:16.538Z,test-control,microsoft1es,,,2025-09-09T17:04:16.538Z,0.598400,0.109300,0.766200,0.124600,1.2803,1536,3961.2
microsoft1es@2025-09-09T18:05:27.510Z,test-control,microsoft1es,,,2025-09-09T18:05:27.510Z,0.643500,0.111600,0.763400,0.125000,1.4004,1536,4527.7
microsoft1es@2025-09-09T19:11:17.684Z,test-control,microsoft1es,,,2025-09-09T19:11:17.684Z,0.602500,0.109700,0.762100,0.128200,1.4211,1536,7384.5
microsoft1es@2025-09-09T20:18:04.199Z,test-control,microsoft1es,,,2025-09-09T20:18:04.199Z,0.650000,0.105600,0.786200,0.108300,1.3712,1536,3170.3
microsoft1es@2025-09-09T21:25:35.145Z,test-control,microsoft1es,,,2025-09-09T21:25:35.145Z,0.658700,0.111700,0.774300,0.114000,1.3813,1536,2881.3
microsoft1es@2025-09-09T22:35:16.100Z,test-control,microsoft1es,,,2025-09-09T22:35:16.100Z,0.591400,0.127800,0.748400,0.123800,1.3559,1536,2879.5
microsoft1es@2025-09-09T23:43:22.917Z,test-control,microsoft1es,,,2025-09-09T23:43:22.917Z,0.601800,0.132400,0.750900,0.116700,1.3524,1536,2913.0
microsoft1es@2025-09-10T00:43:24.842Z,test-control,microsoft1es,,,2025-09-10T00:43:24.842Z,0.599600,0.136900,0.745100,0.118000,1.4070,1536,2882.9
microsoft1es@2025-09-10T01:46:22.104Z,test-control,microsoft1es,,,2025-09-10T01:46:22.104Z,0.532800,0.115000,0.747200,0.137800,1.3424,1536,2826.4
microsoft1es@2025-09-10T03:01:22.984Z,test-control,microsoft1es,,,2025-09-10T03:01:22.984Z,0.598300,0.131600,0.737600,0.130900,1.4185,1536,2864.7
microsoft1es@2025-09-10T04:13:17.433Z,test-control,microsoft1es,,,2025-09-10T04:13:17.433Z,0.552000,0.115800,0.752100,0.132100,1.2925,1536,2873.1
microsoft1es@2025-09-10T05:27:46.659Z,test-control,microsoft1es,,,2025-09-10T05:27:46.659Z,0.545500,0.111300,0.752400,0.136300,1.3534,1536,2869.8
microsoft1es@2025-09-10T06:48:42.012Z,test-control,microsoft1es,,,2025-09-10T06:48:42.012Z,0.597200,0.112500,0.751900,0.135600,1.4432,1536,2864.7
microsoft1es@2025-09-10T07:57:54.762Z,test-control,microsoft1es,,,2025-09-10T07:57:54.762Z,0.583800,0.109400,0.768300,0.122300,1.4549,1536,2854.1
microsoft1es@2025-09-10T09:03:07.135Z,test-control,microsoft1es,,,2025-09-10T09:03:07.135Z,0.549100,0.097200,0.765200,0.137600,1.4081,1536,2866.4
microsoft1es@2025-09-10T10:15:16.568Z,test-control,microsoft1es,,,2025-09-10T10:15:16.568Z,0.565000,0.118000,0.753400,0.128600,1.3281,1536,2828.7
microsoft1es@2025-09-10T11:16:31.534Z,test-control,microsoft1es,,,2025-09-10T11:16:31.534Z,0.564000,0.103500,0.774700,0.121800,1.3522,1536,2822.9
microsoft1es@2025-09-10T12:30:06.948Z,test-control,microsoft1es,,,2025-09-10T12:30:06.948Z,0.604600,0.127900,0.748600,0.123600,1.2917,1536,2816.4
microsoft1es@2025-09-10T14:01:11.223Z,test-control,microsoft1es,,,2025-09-10T14:01:11.223Z,0.622000,0.109400,0.770800,0.119800,1.4531,1536,2829.8
microsoft1es@2025-09-10T15:18:59.570Z,test-control,microsoft1es,,,2025-09-10T15:18:59.570Z,0.625300,0.097700,0.770100,0.132200,1.3758,1536,2843.5
microsoft1es@2025-09-10T16:22:15.641Z,test-control,microsoft1es,,,2025-09-10T16:22:15.641Z,0.659800,0.105300,0.776800,0.117800,1.2174,1536,3094.1
microsoft1es@2025-09-10T17:43:22.739Z,test-control,microsoft1es,,,2025-09-10T17:43:22.739Z,0.544700,0.117600,0.770100,0.112300,1.3982,1536,3015.7
microsoft1es@2025-09-10T18:45:54.191Z,test-control,microsoft1es,,,2025-09-10T18:45:54.191Z,0.561000,0.100000,0.766700,0.133300,1.2747,1536,2950.4
microsoft1es@2025-09-10T19:46:24.251Z,test-control,microsoft1es,,,2025-09-10T19:46:24.251Z,0.572800,0.115400,0.743100,0.141500,1.3648,1536,2986.6
microsoft1es@2025-09-10T20:47:47.904Z,test-control,microsoft1es,,,2025-09-10T20:47:47.904Z,0.575900,0.122700,0.741900,0.135400,1.3428,1536,2998.3
microsoft1es@2025-09-10T22:01:46.666Z,test-control,microsoft1es,,,2025-09-10T22:01:46.666Z,0.491800,0.104900,0.743500,0.151600,1.2176,1536,4335.6
microsoft1es@2025-09-10T23:03:53.246Z,test-control,microsoft1es,,,2025-09-10T23:03:53.246Z,0.523000,0.104200,0.764400,0.131400,1.2684,1536,8162.9
microsoft1es@2025-09-11T00:15:24.912Z,test-control,microsoft1es,,,2025-09-11T00:15:24.912Z,0.620500,0.101000,0.775300,0.123700,1.2503,1536,3345.3
microsoft1es@2025-09-11T01:17:17.368Z,test-control,microsoft1es,,,2025-09-11T01:17:17.368Z,0.577500,0.135400,0.722700,0.141900,1.4084,1536,2835.0
microsoft1es@2025-09-11T02:30:33.711Z,test-control,microsoft1es,,,2025-09-11T02:30:33.711Z,0.557000,0.132300,0.741600,0.126100,1.3782,1536,2879.5
microsoft1es@2025-09-11T03:44:36.407Z,test-control,microsoft1es,,,2025-09-11T03:44:36.407Z,0.581500,0.134800,0.732700,0.132500,1.5112,1536,2850.8
microsoft1es@2025-09-11T04:45:01.023Z,test-control,microsoft1es,,,2025-09-11T04:45:01.023Z,0.638400,0.134200,0.737200,0.128500,1.5041,1536,2903.4
microsoft1es@2025-09-11T05:57:00.002Z,test-control,microsoft1es,,,2025-09-11T05:57:00.002Z,0.580300,0.128600,0.723500,0.147800,1.4194,1536,2849.7
microsoft1es@2025-09-11T06:57:43.704Z,test-control,microsoft1es,,,2025-09-11T06:57:43.704Z,0.583900,0.123000,0.728500,0.148600,1.3824,1536,2881.5
microsoft1es@2025-09-11T07:58:37.500Z,test-control,microsoft1es,,,2025-09-11T07:58:37.500Z,0.572300,0.129900,0.716600,0.153500,1.3789,1536,2853.6
microsoft1es@2025-09-11T09:04:23.911Z,test-control,microsoft1es,,,2025-09-11T09:04:23.911Z,0.536400,0.110400,0.736900,0.152700,1.3948,1536,2820.5
microsoft1es@2025-09-11T10:11:01.542Z,test-control,microsoft1es,,,2025-09-11T10:11:01.542Z,0.581300,0.099500,0.779300,0.121200,1.2633,1536,2976.5
microsoft1es@2025-09-11T11:13:03.620Z,test-control,microsoft1es,,,2025-09-11T11:13:03.620Z,0.561400,0.105600,0.769800,0.124600,1.2987,1536,3053.8
microsoft1es@2025-09-11T12:13:48.347Z,test-control,microsoft1es,,,2025-09-11T12:13:48.347Z,0.485300,0.097500,0.765600,0.136900,1.2324,1536,3057.6
microsoft1es@2025-09-11T13:15:24.645Z,test-control,microsoft1es,,,2025-09-11T13:15:24.645Z,0.491200,0.096100,0.779000,0.124900,1.2524,1536,3102.6
microsoft1es@2025-09-11T14:28:49.597Z,test-control,microsoft1es,,,2025-09-11T14:28:49.597Z,0.533000,0.104100,0.756500,0.139300,1.2041,1536,3072.1
microsoft1es@2025-09-11T15:35:29.527Z,test-control,microsoft1es,,,2025-09-11T15:35:29.527Z,0.518600,0.095300,0.769400,0.135300,1.2106,1536,3065.6
microsoft1es@2025-09-11T16:44:12.186Z,test-control,microsoft1es,,,2025-09-11T16:44:12.186Z,0.547200,0.087300,0.797800,0.114900,1.2059,1536,3088.4
microsoft1es@2025-09-11T17:44:51.730Z,test-control,microsoft1es,,,2025-09-11T17:44:51.730Z,0.579400,0.091900,0.794800,0.113200,1.2783,1536,3040.3
microsoft1es@2025-09-11T18:45:10.791Z,test-control,microsoft1es,,,2025-09-11T18:45:10.791Z,0.628200,0.115500,0.769300,0.115300,1.3663,1536,3175.4
microsoft1es@2025-09-11T19:45:25.353Z,test-control,microsoft1es,,,2025-09-11T19:45:25.353Z,0.585600,0.119000,0.753300,0.127600,1.3433,1536,3019.4
microsoft1es@2025-09-11T20:46:29.305Z,test-control,microsoft1es,,,2025-09-11T20:46:29.305Z,0.594600,0.116600,0.747200,0.136100,1.3675,1536,8794.5
microsoft1es@2025-09-11T21:47:10.329Z,test-control,microsoft1es,,,2025-09-11T21:47:10.329Z,0.536700,0.112200,0.759300,0.128600,1.3622,1536,3953.8
microsoft1es@2025-09-11T22:51:07.393Z,test-control,microsoft1es,,,2025-09-11T22:51:07.393Z,0.482600,0.110800,0.758700,0.130500,1.2237,1536,2820.8
microsoft1es@2025-09-11T23:57:48.038Z,test-control,microsoft1es,,,2025-09-11T23:57:48.038Z,0.595600,0.140100,0.727300,0.132600,1.2722,1536,2836.1
microsoft1es@2025-09-12T01:00:07.365Z,test-control,microsoft1es,,,2025-09-12T01:00:07.365Z,0.637200,0.104000,0.772500,0.123500,1.3024,1536,2899.0
microsoft1es@2025-09-12T02:01:26.828Z,test-control,microsoft1es,,,2025-09-12T02:01:26.828Z,0.574400,0.114800,0.760300,0.124900,1.3492,1536,2805.0
microsoft1es@2025-09-12T03:17:38.095Z,test-control,microsoft1es,,,2025-09-12T03:17:38.095Z,0.576200,0.130300,0.740400,0.129300,1.3086,1536,2811.4
microsoft1es@2025-09-12T04:41:35.205Z,test-control,microsoft1es,,,2025-09-12T04:41:35.205Z,0.609300,0.109900,0.787500,0.102600,1.3015,1536,2813.6
microsoft1es@2025-09-12T05:42:44.239Z,test-control,microsoft1es,,,2025-09-12T05:42:44.239Z,0.586700,0.109800,0.779300,0.110900,1.2760,1536,2821.9
microsoft1es@2025-09-12T06:43:07.185Z,test-control,microsoft1es,,,2025-09-12T06:43:07.185Z,0.573300,0.091600,0.790600,0.117800,1.3357,1536,2866.0
microsoft1es@2025-09-12T07:45:29.181Z,test-control,microsoft1es,,,2025-09-12T07:45:29.181Z,0.564900,0.104900,0.767700,0.127300,1.3351,1536,3034.8
microsoft1es@2025-09-12T09:00:17.478Z,test-control,microsoft1es,,,2025-09-12T09:00:17.478Z,0.601000,0.118900,0.756300,0.124800,1.4181,1536,3217.9
microsoft1es@2025-09-12T10:13:59.521Z,test-control,microsoft1es,,,2025-09-12T10:13:59.521Z,0.554000,0.095900,0.794900,0.109200,1.3334,1536,3056.5
microsoft1es@2025-09-12T11:14:07.143Z,test-control,microsoft1es,,,2025-09-12T11:14:07.143Z,0.570000,0.092200,0.803300,0.104500,1.3314,1536,2941.2
microsoft1es@2025-09-12T12:18:11.617Z,test-control,microsoft1es,,,2025-09-12T12:18:11.617Z,0.507800,0.081900,0.820600,0.097400,1.3172,1536,2918.8
microsoft1es@2025-09-12T13:28:35.500Z,test-control,microsoft1es,,,2025-09-12T13:28:35.500Z,0.498300,0.091300,0.803000,0.105700,1.2799,1536,6054.0
microsoft1es@2025-09-12T14:30:57.047Z,test-control,microsoft1es,,,2025-09-12T14:30:57.047Z,0.658800,0.102300,0.791000,0.106600,1.1819,1536,6441.6
microsoft1es@2025-09-12T15:38:28.505Z,test-control,microsoft1es,,,2025-09-12T15:38:28.505Z,0.647700,0.104100,0.789200,0.106700,1.1443,1536,3158.4
microsoft1es@2025-09-12T16:41:53.744Z,test-control,microsoft1es,,,2025-09-12T16:41:53.744Z,0.536000,0.088200,0.804700,0.107100,1.2309,1536,2919.5
microsoft1es@2025-09-12T17:46:01.810Z,test-control,microsoft1es,,,2025-09-12T17:46:01.810Z,0.641400,0.089200,0.808300,0.102400,1.2720,1536,2841.9
microsoft1es@2025-09-12T19:03:23.942Z,test-control,microsoft1es,,,2025-09-12T19:03:23.942Z,0.652700,0.089800,0.810700,0.099500,1.2750,1536,2836.0
microsoft1es@2025-09-12T20:14:11.017Z,test-control,microsoft1es,,,2025-09-12T20:14:11.017Z,0.616000,0.092800,0.798800,0.108400,1.2509,1536,2822.3
microsoft1es@2025-09-12T21:27:17.444Z,test-control,microsoft1es,,,2025-09-12T21:27:17.444Z,0.627100,0.083000,0.821100,0.095900,1.2195,1536,2819.4
microsoft1es@2025-09-12T22:27:24.161Z,test-control,microsoft1es,,,2025-09-12T22:27:24.161Z,0.525000,0.102800,0.768400,0.128700,1.2973,1536,2827.9
microsoft1es@2025-09-12T23:34:05.614Z,test-control,microsoft1es,,,2025-09-12T23:34:05.614Z,0.562900,0.092600,0.789500,0.118000,1.2566,1536,2836.6
microsoft1es@2025-09-13T00:34:18.616Z,test-control,microsoft1es,,,2025-09-13T00:34:18.616Z,0.578700,0.103700,0.773800,0.122600,1.2207,1536,2813.0
microsoft1es@2025-09-13T01:35:00.175Z,test-control,microsoft1es,,,2025-09-13T01:35:00.175Z,0.554800,0.099500,0.785700,0.114700,1.1893,1536,2815.7
microsoft1es@2025-09-13T02:36:21.653Z,test-control,microsoft1es,,,2025-09-13T02:36:21.653Z,0.612900,0.106900,0.782100,0.111000,1.3039,1536,2798.8
microsoft1es@2025-09-13T03:37:55.051Z,test-control,microsoft1es,,,2025-09-13T03:37:55.051Z,0.616100,0.092400,0.789900,0.117700,1.2700,1536,2786.5
microsoft1es@2025-09-13T04:49:21.036Z,test-control,microsoft1es,,,2025-09-13T04:49:21.036Z,0.621300,0.092200,0.789500,0.118300,1.2207,1536,2814.1
microsoft1es@2025-09-13T05:54:57.643Z,test-control,microsoft1es,,,2025-09-13T05:54:57.643Z,0.608600,0.090900,0.805200,0.103900,1.2216,1536,2821.4
microsoft1es@2025-09-13T06:58:56.348Z,test-control,microsoft1es,,,2025-09-13T06:58:56.348Z,0.560900,0.114700,0.748800,0.136500,1.3649,1536,2800.5
microsoft1es@2025-09-15T07:13:59.696Z,test-control,microsoft1es,,,2025-09-15T07:13:59.696Z,0.573200,0.113800,0.765800,0.120400,1.4111,1536,2814.3
microsoft1es@2025-09-15T08:15:22.866Z,test-control,microsoft1es,,,2025-09-15T08:15:22.866Z,0.633300,0.108100,0.786900,0.105000,1.3625,1536,2801.9
microsoft1es@2025-09-15T09:26:53.029Z,test-control,microsoft1es,,,2025-09-15T09:26:53.029Z,0.617700,0.105600,0.785400,0.109000,1.3394,1536,2821.6
microsoft1es@2025-09-15T10:57:00.883Z,test-control,microsoft1es,,,2025-09-15T10:57:00.883Z,0.629600,0.106100,0.783500,0.110400,1.3157,1536,2808.3
microsoft1es@2025-09-15T11:57:52.303Z,test-control,microsoft1es,,,2025-09-15T11:57:52.303Z,0.534700,0.092100,0.800500,0.107400,1.2452,1536,2810.5
microsoft1es@2025-09-15T12:59:30.164Z,test-control,microsoft1es,,,2025-09-15T12:59:30.164Z,0.555500,0.109400,0.773100,0.117500,1.2487,1536,2796.5
microsoft1es@2025-09-15T14:29:09.067Z,test-control,microsoft1es,,,2025-09-15T14:29:09.067Z,0.463400,0.102600,0.795800,0.101600,1.3376,1536,2838.1
microsoft1es@2025-09-15T15:41:57.595Z,test-control,microsoft1es,,,2025-09-15T15:41:57.595Z,0.596500,0.108300,0.782600,0.109100,1.3168,1536,2811.2
microsoft1es@2025-09-15T16:42:59.182Z,test-control,microsoft1es,,,2025-09-15T16:42:59.182Z,0.563000,0.098400,0.782100,0.119500,1.3496,1536,2817.0
microsoft1es@2025-09-15T17:43:42.029Z,test-control,microsoft1es,,,2025-09-15T17:43:42.029Z,0.595900,0.098200,0.789600,0.112100,1.3116,1536,2843.1
microsoft1es@2025-09-15T18:46:04.484Z,test-control,microsoft1es,,,2025-09-15T18:46:04.484Z,0.645100,0.112600,0.777700,0.109600,1.3984,1536,2799.7
microsoft1es@2025-09-15T19:47:13.848Z,test-control,microsoft1es,,,2025-09-15T19:47:13.848Z,0.615700,0.126700,0.753100,0.120200,1.4065,1536,2838.7
microsoft1es@2025-09-15T20:57:54.155Z,test-control,microsoft1es,,,2025-09-15T20:57:54.155Z,0.644400,0.116300,0.784000,0.099700,1.4685,1536,2798.9
microsoft1es@2025-09-15T21:58:57.988Z,test-control,microsoft1es,,,2025-09-15T21:58:57.988Z,0.530300,0.115700,0.757900,0.126400,1.3849,1536,2804.0
microsoft1es@2025-09-15T23:12:40.257Z,test-control,microsoft1es,,,2025-09-15T23:12:40.257Z,0.586800,0.110700,0.762700,0.126600,1.2903,1536,2813.4
microsoft1es@2025-09-16T00:12:42.750Z,test-control,microsoft1es,,,2025-09-16T00:12:42.750Z,0.609500,0.123300,0.753300,0.123400,1.3410,1536,2911.1
microsoft1es@2025-09-16T01:13:20.871Z,test-control,microsoft1es,,,2025-09-16T01:13:20.871Z,0.480800,0.115500,0.734800,0.149700,1.3348,1536,2817.6
microsoft1es@2025-09-16T02:16:10.382Z,test-control,microsoft1es,,,2025-09-16T02:16:10.382Z,0.575900,0.110400,0.774200,0.115400,1.2968,1536,2803.2
microsoft1es@2025-09-16T03:27:45.607Z,test-control,microsoft1es,,,2025-09-16T03:27:45.607Z,0.616900,0.115400,0.763600,0.121100,1.4207,1536,2794.9
microsoft1es@2025-09-16T04:42:48.518Z,test-control,microsoft1es,,,2025-09-16T04:42:48.518Z,0.629300,0.121200,0.756800,0.122000,1.4517,1536,2803.7
microsoft1es@2025-09-16T05:56:13.841Z,test-control,microsoft1es,,,2025-09-16T05:56:13.841Z,0.583600,0.102500,0.789800,0.107700,1.2949,1536,2799.3
microsoft1es@2025-09-16T06:56:24.168Z,test-control,microsoft1es,,,2025-09-16T06:56:24.168Z,0.581800,0.105900,0.771000,0.123200,1.4324,1536,2944.7
microsoft1es@2025-09-16T07:56:36.045Z,test-control,microsoft1es,,,2025-09-16T07:56:36.045Z,0.586300,0.103600,0.780900,0.115500,1.4634,1536,2993.7
microsoft1es@2025-09-16T09:01:08.044Z,test-control,microsoft1es,,,2025-09-16T09:01:08.044Z,0.591200,0.102800,0.781800,0.115400,1.3175,1536,2906.5
microsoft1es@2025-09-16T10:12:42.993Z,test-control,microsoft1es,,,2025-09-16T10:12:42.993Z,0.592600,0.103600,0.786300,0.110100,1.3683,1536,3081.8
microsoft1es@2025-09-16T11:14:41.819Z,test-control,microsoft1es,,,2025-09-16T11:14:41.819Z,0.566000,0.086100,0.813500,0.100400,1.3403,1536,3039.6
microsoft1es@2025-09-16T12:26:47.690Z,test-control,microsoft1es,,,2025-09-16T12:26:47.690Z,0.572800,0.097200,0.782700,0.120100,1.1640,1536,9636.9
microsoft1es@2025-09-16T13:28:22.622Z,test-control,microsoft1es,,,2025-09-16T13:28:22.622Z,0.516400,0.090600,0.795100,0.114300,1.1724,1536,2902.8
microsoft1es@2025-09-16T14:43:49.200Z,test-control,microsoft1es,,,2025-09-16T14:43:49.200Z,0.521300,0.101500,0.764300,0.134300,1.1213,1536,2809.1
microsoft1es@2025-09-16T15:56:40.300Z,test-control,microsoft1es,,,2025-09-16T15:56:40.300Z,0.593500,0.102600,0.781500,0.115900,1.2522,1536,3067.8
microsoft1es@2025-09-16T17:04:13.756Z,test-control,microsoft1es,,,2025-09-16T17:04:13.756Z,0.574000,0.100800,0.788100,0.111200,1.2656,1536,3438.9
microsoft1es@2025-09-16T18:07:28.156Z,test-control,microsoft1es,,,2025-09-16T18:07:28.156Z,0.650800,0.109600,0.779000,0.111400,1.3251,1536,3162.4
microsoft1es@2025-09-16T19:12:18.278Z,test-control,microsoft1es,,,2025-09-16T19:12:18.278Z,0.644800,0.105200,0.783600,0.111200,1.3018,1536,3101.1
microsoft1es@2025-09-16T20:13:36.295Z,test-control,microsoft1es,,,2025-09-16T20:13:36.295Z,0.640600,0.109500,0.775000,0.115600,1.3081,1536,3109.3
microsoft1es@2025-09-16T21:28:32.210Z,test-control,microsoft1es,,,2025-09-16T21:28:32.210Z,0.530100,0.108200,0.763700,0.128100,1.2720,1536,3067.5
microsoft1es@2025-09-16T22:28:53.562Z,test-control,microsoft1es,,,2025-09-16T22:28:53.562Z,0.530600,0.116300,0.757600,0.126100,1.2887,1536,3144.4
microsoft1es@2025-09-16T23:28:59.307Z,test-control,microsoft1es,,,2025-09-16T23:28:59.307Z,0.527300,0.131600,0.735300,0.133100,1.2574,1536,3053.8
microsoft1es@2025-09-17T00:31:13.971Z,test-control,microsoft1es,,,2025-09-17T00:31:13.971Z,0.554800,0.126800,0.740600,0.132600,1.2682,1536,3125.3
microsoft1es@2025-09-17T01:42:10.670Z,test-control,microsoft1es,,,2025-09-17T01:42:10.670Z,0.574100,0.125000,0.759500,0.115500,1.2465,1536,3090.2
microsoft1es@2025-09-17T02:59:10.088Z,test-control,microsoft1es,,,2025-09-17T02:59:10.088Z,0.592000,0.138600,0.758100,0.103300,1.3044,1536,3113.1
microsoft1es@2025-09-17T04:02:56.219Z,test-control,microsoft1es,,,2025-09-17T04:02:56.219Z,0.578900,0.115500,0.762200,0.122300,1.3195,1536,3082.0
microsoft1es@2025-09-17T05:19:53.888Z,test-control,microsoft1es,,,2025-09-17T05:19:53.888Z,0.587700,0.090300,0.810200,0.099500,1.2285,1536,3056.7
microsoft1es@2025-09-17T06:31:47.790Z,test-control,microsoft1es,,,2025-09-17T06:31:47.790Z,0.627300,0.127900,0.730600,0.141500,1.3445,1536,3042.6
microsoft1es@2025-09-17T07:42:19.953Z,test-control,microsoft1es,,,2025-09-17T07:42:19.953Z,0.575700,0.102400,0.761400,0.136200,1.3514,1536,2997.9
microsoft1es@2025-09-17T08:44:15.605Z,test-control,microsoft1es,,,2025-09-17T08:44:15.605Z,0.575800,0.099500,0.774800,0.125700,1.2183,1536,3041.0
microsoft1es@2025-09-17T09:44:32.994Z,test-control,microsoft1es,,,2025-09-17T09:44:32.994Z,0.550800,0.088800,0.801800,0.109300,1.2141,1536,3089.3
microsoft1es@2025-09-17T11:15:19.598Z,test-control,microsoft1es,,,2025-09-17T11:15:19.598Z,0.541900,0.109300,0.764800,0.125900,1.2397,1536,3048.6
microsoft1es@2025-09-17T12:17:09.178Z,test-control,microsoft1es,,,2025-09-17T12:17:09.178Z,0.500100,0.095100,0.786200,0.118800,1.1783,1536,3110.8
microsoft1es@2025-09-17T13:31:00.662Z,test-control,microsoft1es,,,2025-09-17T13:31:00.662Z,0.501800,0.094400,0.784500,0.121100,1.1901,1536,3137.1
microsoft1es@2025-09-17T14:43:46.175Z,test-control,microsoft1es,,,2025-09-17T14:43:46.175Z,0.511500,0.103100,0.775800,0.121100,1.1843,1536,3134.5
microsoft1es@2025-09-17T15:45:43.113Z,test-control,microsoft1es,,,2025-09-17T15:45:43.113Z,0.574800,0.087300,0.804200,0.108600,1.1961,1536,3137.7
microsoft1es@2025-09-17T17:05:42.804Z,test-control,microsoft1es,,,2025-09-17T17:05:42.804Z,0.536500,0.099400,0.799600,0.101000,1.3059,1536,3169.5
microsoft1es@2025-09-17T18:07:24.948Z,test-control,microsoft1es,,,2025-09-17T18:07:24.948Z,0.638200,0.105100,0.777700,0.117200,1.2770,1536,3319.3
microsoft1es@2025-09-17T19:17:08.484Z,test-control,microsoft1es,,,2025-09-17T19:17:08.484Z,0.654100,0.095300,0.797400,0.107300,1.2668,1536,3341.0
microsoft1es@2025-09-17T20:28:19.210Z,test-control,microsoft1es,,,2025-09-17T20:28:19.210Z,0.624300,0.098400,0.787100,0.114500,1.2497,1536,3463.2
microsoft1es@2025-09-17T21:31:08.109Z,test-control,microsoft1es,,,2025-09-17T21:31:08.109Z,0.677000,0.101000,0.781100,0.117900,1.2539,1536,10648.4
microsoft1es@2025-09-17T22:34:11.926Z,test-control,microsoft1es,,,2025-09-17T22:34:11.926Z,0.513200,0.109600,0.741200,0.149200,1.2222,1536,2880.2
microsoft1es@2025-09-17T23:35:23.813Z,test-control,microsoft1es,,,2025-09-17T23:35:23.813Z,0.557200,0.115600,0.764400,0.119900,1.3169,1536,2843.7
microsoft1es@2025-09-18T00:42:08.445Z,test-control,microsoft1es,,,2025-09-18T00:42:08.445Z,0.554700,0.123500,0.726700,0.149800,1.3003,1536,2866.3
microsoft1es@2025-09-18T01:44:53.560Z,test-control,microsoft1es,,,2025-09-18T01:44:53.560Z,0.530300,0.108300,0.757000,0.134800,1.2062,1536,2801.2
microsoft1es@2025-09-18T02:45:25.013Z,test-control,microsoft1es,,,2025-09-18T02:45:25.013Z,0.560100,0.118200,0.755100,0.126700,1.2690,1536,2889.3
microsoft1es@2025-09-18T03:50:07.253Z,test-control,microsoft1es,,,2025-09-18T03:50:07.253Z,0.591300,0.098400,0.770800,0.130800,1.2401,1536,2812.5
microsoft1es@2025-09-18T04:53:38.618Z,test-control,microsoft1es,,,2025-09-18T04:53:38.618Z,0.586600,0.098200,0.776400,0.125400,1.3138,1536,2897.8
microsoft1es@2025-09-18T06:01:04.051Z,test-control,microsoft1es,,,2025-09-18T06:01:04.051Z,0.608000,0.103300,0.787600,0.109000,1.2987,1536,2844.0
microsoft1es@2025-09-18T07:03:30.110Z,test-control,microsoft1es,,,2025-09-18T07:03:30.110Z,0.581300,0.107000,0.778800,0.114200,1.3647,1536,2858.4
microsoft1es@2025-09-18T08:21:40.108Z,test-control,microsoft1es,,,2025-09-18T08:21:40.108Z,0.568100,0.114200,0.760900,0.124900,1.3690,1536,2835.5
microsoft1es@2025-09-18T09:33:02.229Z,test-control,microsoft1es,,,2025-09-18T09:33:02.229Z,0.545500,0.107800,0.760200,0.132100,1.1914,1536,2832.4
microsoft1es@2025-09-18T11:04:07.089Z,test-control,microsoft1es,,,2025-09-18T11:04:07.089Z,0.595500,0.125000,0.746800,0.128200,1.2483,1536,2835.6
microsoft1es@2025-09-18T12:12:53.360Z,test-control,microsoft1es,,,2025-09-18T12:12:53.360Z,0.550400,0.110300,0.771600,0.118100,1.2559,1536,2834.6
microsoft1es@2025-09-18T13:27:38.114Z,test-control,microsoft1es,,,2025-09-18T13:27:38.114Z,0.681300,0.125000,0.751400,0.123600,1.1282,1536,2814.1
microsoft1es@2025-09-18T14:31:56.627Z,test-control,microsoft1es,,,2025-09-18T14:31:56.627Z,0.682900,0.115600,0.767200,0.117200,1.1958,1536,2762.7
microsoft1es@2025-09-18T15:41:57.485Z,test-control,microsoft1es,,,2025-09-18T15:41:57.485Z,0.629800,0.088100,0.801600,0.110300,1.2698,1536,2805.7
microsoft1es@2025-09-18T16:45:24.411Z,test-control,microsoft1es,,,2025-09-18T16:45:24.411Z,0.596700,0.098200,0.787400,0.114400,1.2644,1536,2771.4
microsoft1es@2025-09-18T17:45:41.963Z,test-control,microsoft1es,,,2025-09-18T17:45:41.963Z,0.562200,0.112200,0.769700,0.118100,1.2729,1536,2916.0
microsoft1es@2025-09-18T18:47:42.846Z,test-control,microsoft1es,,,2025-09-18T18:47:42.846Z,0.584600,0.102900,0.785800,0.111300,1.2699,1536,2854.5
microsoft1es@2025-09-18T19:48:05.201Z,test-control,microsoft1es,,,2025-09-18T19:48:05.201Z,0.567600,0.117000,0.766500,0.116500,1.3628,1536,2812.1
microsoft1es@2025-09-18T21:00:08.530Z,test-control,microsoft1es,,,2025-09-18T21:00:08.530Z,0.532800,0.107200,0.767600,0.125200,1.2994,1536,2876.4
microsoft1es@2025-09-18T22:04:37.351Z,test-control,microsoft1es,,,2025-09-18T22:04:37.351Z,0.510800,0.110000,0.744300,0.145600,1.2748,1536,2853.4
microsoft1es@2025-09-18T23:13:12.001Z,test-control,microsoft1es,,,2025-09-18T23:13:12.001Z,0.536200,0.112900,0.764300,0.122800,1.3187,1536,3026.3
microsoft1es@2025-09-19T00:15:49.358Z,test-control,microsoft1es,,,2025-09-19T00:15:49.358Z,0.535400,0.110200,0.757600,0.132200,1.2651,1536,2821.4
microsoft1es@2025-09-19T01:28:03.128Z,test-control,microsoft1es,,,2025-09-19T01:28:03.128Z,0.521400,0.115800,0.757500,0.126700,1.2549,1536,2934.9
microsoft1es@2025-09-19T02:31:55.506Z,test-control,microsoft1es,,,2025-09-19T02:31:55.506Z,0.539400,0.118800,0.752500,0.128800,1.2896,1536,3055.8
microsoft1es@2025-09-19T03:42:40.366Z,test-control,microsoft1es,,,2025-09-19T03:42:40.366Z,0.614500,0.108200,0.772700,0.119100,1.2364,1536,4488.8
microsoft1es@2025-09-19T04:43:42.842Z,test-control,microsoft1es,,,2025-09-19T04:43:42.842Z,0.568800,0.114400,0.748900,0.136600,1.2205,1536,8531.4
microsoft1es@2025-09-19T05:58:03.652Z,test-control,microsoft1es,,,2025-09-19T05:58:03.652Z,0.576400,0.097600,0.774100,0.128300,1.1696,1536,3245.4
microsoft1es@2025-09-19T06:58:06.683Z,test-control,microsoft1es,,,2025-09-19T06:58:06.683Z,0.588000,0.108500,0.751100,0.140300,1.3011,1536,2787.8
microsoft1es@2025-09-19T08:15:38.909Z,test-control,microsoft1es,,,2025-09-19T08:15:38.909Z,0.559600,0.094500,0.781200,0.124300,1.2490,1536,2748.1
microsoft1es@2025-09-19T09:20:02.097Z,test-control,microsoft1es,,,2025-09-19T09:20:02.097Z,0.537700,0.104800,0.765200,0.130000,1.2357,1536,2799.3
microsoft1es@2025-09-19T10:27:21.069Z,test-control,microsoft1es,,,2025-09-19T10:27:21.069Z,0.545500,0.116600,0.748100,0.135300,1.2628,1536,2744.4
microsoft1es@2025-09-19T11:43:57.140Z,test-control,microsoft1es,,,2025-09-19T11:43:57.140Z,0.577900,0.102000,0.774900,0.123100,1.2669,1536,2765.9
microsoft1es@2025-09-19T12:44:08.206Z,test-control,microsoft1es,,,2025-09-19T12:44:08.206Z,0.526400,0.093600,0.778400,0.128000,1.2172,1536,2738.4
microsoft1es@2025-09-19T13:44:18.525Z,test-control,microsoft1es,,,2025-09-19T13:44:18.525Z,0.552600,0.106600,0.775800,0.117500,1.2566,1536,2822.4
microsoft1es@2025-09-19T14:45:03.041Z,test-control,microsoft1es,,,2025-09-19T14:45:03.041Z,0.647300,0.107800,0.769300,0.122800,1.1514,1536,2789.7
microsoft1es@2025-09-22T07:17:41.908Z,test-control,microsoft1es,,,2025-09-22T07:17:41.908Z,0.566600,0.140200,0.683000,0.176800,1.5422,1536,2750.2
microsoft1es@2025-09-22T08:25:58.854Z,test-control,microsoft1es,,,2025-09-22T08:25:58.854Z,0.555000,0.084700,0.837000,0.078300,1.4453,1536,2796.3
microsoft1es@2025-09-22T09:31:53.214Z,test-control,microsoft1es,,,2025-09-22T09:31:53.214Z,0.531600,0.088000,0.819500,0.092500,1.4809,1536,2811.0
microsoft1es@2025-09-22T10:41:23.466Z,test-control,microsoft1es,,,2025-09-22T10:41:23.466Z,0.524200,0.093100,0.814300,0.092600,1.5062,1536,2761.2
microsoft1es@2025-09-22T11:43:30.634Z,test-control,microsoft1es,,,2025-09-22T11:43:30.634Z,0.525400,0.100000,0.780600,0.119400,1.2320,1536,2792.5
microsoft1es@2025-09-22T12:57:29.577Z,test-control,microsoft1es,,,2025-09-22T12:57:29.577Z,0.549000,0.101800,0.779400,0.118800,1.2807,1536,2781.8
microsoft1es@2025-09-22T14:29:26.697Z,test-control,microsoft1es,,,2025-09-22T14:29:26.697Z,0.541100,0.106200,0.768500,0.125300,1.3008,1536,2724.3
microsoft1es@2025-09-22T15:42:41.638Z,test-control,microsoft1es,,,2025-09-22T15:42:41.638Z,0.573500,0.101100,0.779500,0.119400,1.3289,1536,2750.1
microsoft1es@2025-09-22T16:42:58.495Z,test-control,microsoft1es,,,2025-09-22T16:42:58.495Z,0.567600,0.096500,0.782700,0.120800,1.3142,1536,2737.9
microsoft1es@2025-09-22T17:43:02.702Z,test-control,microsoft1es,,,2025-09-22T17:43:02.702Z,0.568300,0.101300,0.792400,0.106300,1.3540,1536,2780.5
microsoft1es@2025-09-22T18:43:27.342Z,test-control,microsoft1es,,,2025-09-22T18:43:27.342Z,0.641300,0.110400,0.779100,0.110500,1.3248,1536,2827.0
microsoft1es@2025-09-22T19:43:55.896Z,test-control,microsoft1es,,,2025-09-22T19:43:55.896Z,0.652500,0.113700,0.786100,0.100200,1.3789,1536,2826.1
microsoft1es@2025-09-22T20:57:38.431Z,test-control,microsoft1es,,,2025-09-22T20:57:38.431Z,0.652500,0.116000,0.774100,0.110000,1.3623,1536,3003.0
microsoft1es@2025-09-22T21:58:31.623Z,test-control,microsoft1es,,,2025-09-22T21:58:31.623Z,0.573600,0.139300,0.733100,0.127700,1.3375,1536,3163.7
microsoft1es@2025-09-22T23:00:36.548Z,test-control,microsoft1es,,,2025-09-22T23:00:36.548Z,0.591800,0.115100,0.775200,0.109700,1.3281,1536,5230.2
microsoft1es@2025-09-23T00:00:45.564Z,test-control,microsoft1es,,,2025-09-23T00:00:45.564Z,0.657200,0.128000,0.738800,0.133200,1.3769,1536,6470.9
microsoft1es@2025-09-23T01:13:27.939Z,test-control,microsoft1es,,,2025-09-23T01:13:27.939Z,0.539000,0.117300,0.745200,0.137500,1.3066,1536,3184.2
microsoft1es@2025-09-23T02:15:47.640Z,test-control,microsoft1es,,,2025-09-23T02:15:47.640Z,0.550800,0.115100,0.753300,0.131600,1.3614,1536,3330.2
microsoft1es@2025-09-23T03:26:44.302Z,test-control,microsoft1es,,,2025-09-23T03:26:44.302Z,0.592700,0.117200,0.760300,0.122500,1.3585,1536,2753.8
microsoft1es@2025-09-23T04:28:24.793Z,test-control,microsoft1es,,,2025-09-23T04:28:24.793Z,0.574900,0.116000,0.756500,0.127500,1.3198,1536,2801.9
microsoft1es@2025-09-23T05:28:44.585Z,test-control,microsoft1es,,,2025-09-23T05:28:44.585Z,0.573900,0.114800,0.750200,0.134900,1.2768,1536,2837.2
microsoft1es@2025-09-23T06:30:31.261Z,test-control,microsoft1es,,,2025-09-23T06:30:31.261Z,0.577400,0.101700,0.763900,0.134500,1.3833,1536,2798.4
microsoft1es@2025-09-23T07:42:11.152Z,test-control,microsoft1es,,,2025-09-23T07:42:11.152Z,0.607700,0.098800,0.790600,0.110600,1.3430,1536,2790.8
microsoft1es@2025-09-23T08:42:24.910Z,test-control,microsoft1es,,,2025-09-23T08:42:24.910Z,0.583700,0.103600,0.785700,0.110600,1.3223,1536,2823.1
microsoft1es@2025-09-23T09:42:32.069Z,test-control,microsoft1es,,,2025-09-23T09:42:32.069Z,0.539400,0.099800,0.794500,0.105700,1.2984,1536,3073.5
microsoft1es@2025-09-23T10:45:36.429Z,test-control,microsoft1es,,,2025-09-23T10:45:36.429Z,0.541600,0.110900,0.780700,0.108400,1.3406,1536,2806.5
microsoft1es@2025-09-23T11:47:43.641Z,test-control,microsoft1es,,,2025-09-23T11:47:43.641Z,0.519400,0.116100,0.765500,0.118400,1.2197,1536,2893.7
microsoft1es@2025-09-23T12:56:42.733Z,test-control,microsoft1es,,,2025-09-23T12:56:42.733Z,0.548900,0.116400,0.762900,0.120700,1.1995,1536,2785.3
microsoft1es@2025-09-23T14:28:42.041Z,test-control,microsoft1es,,,2025-09-23T14:28:42.041Z,0.648600,0.119500,0.772800,0.107700,1.2487,1536,2874.8
microsoft1es@2025-09-23T15:31:02.968Z,test-control,microsoft1es,,,2025-09-23T15:31:02.968Z,0.590200,0.102900,0.780800,0.116300,1.2700,1536,2785.1
microsoft1es@2025-09-23T16:42:43.334Z,test-control,microsoft1es,,,2025-09-23T16:42:43.334Z,0.565600,0.090000,0.794700,0.115300,1.2200,1536,2784.4
microsoft1es@2025-09-23T17:42:58.459Z,test-control,microsoft1es,,,2025-09-23T17:42:58.459Z,0.609600,0.115500,0.762000,0.122500,1.3736,1536,2893.7
microsoft1es@2025-09-23T18:43:14.525Z,test-control,microsoft1es,,,2025-09-23T18:43:14.525Z,0.638400,0.126700,0.755200,0.118100,1.3859,1536,2770.5
microsoft1es@2025-09-23T19:43:15.507Z,test-control,microsoft1es,,,2025-09-23T19:43:15.507Z,0.635800,0.121200,0.763600,0.115300,1.3538,1536,2792.1
microsoft1es@2025-09-23T20:57:00.556Z,test-control,microsoft1es,,,2025-09-23T20:57:00.556Z,0.688200,0.122700,0.761100,0.116200,1.4511,1536,2985.4
microsoft1es@2025-09-23T22:00:45.051Z,test-control,microsoft1es,,,2025-09-23T22:00:45.051Z,0.546800,0.120800,0.767200,0.112000,1.3333,1536,2934.6
microsoft1es@2025-09-23T23:12:39.631Z,test-control,microsoft1es,,,2025-09-23T23:12:39.631Z,0.610100,0.129000,0.741500,0.129500,1.3144,1536,2762.5
microsoft1es@2025-09-24T00:12:47.195Z,test-control,microsoft1es,,,2025-09-24T00:12:47.195Z,0.640200,0.103500,0.777300,0.119200,1.3006,1536,2876.4
microsoft1es@2025-09-24T01:13:02.867Z,test-control,microsoft1es,,,2025-09-24T01:13:02.867Z,0.500300,0.111900,0.747300,0.140800,1.2347,1536,2788.4
microsoft1es@2025-09-24T02:27:18.843Z,test-control,microsoft1es,,,2025-09-24T02:27:18.843Z,0.562900,0.121600,0.751100,0.127200,1.3053,1536,2792.5
microsoft1es@2025-09-24T03:27:37.889Z,test-control,microsoft1es,,,2025-09-24T03:27:37.889Z,0.573400,0.096000,0.787800,0.116200,1.3241,1536,2768.3
microsoft1es@2025-09-24T04:27:48.900Z,test-control,microsoft1es,,,2025-09-24T04:27:48.900Z,0.573600,0.120000,0.758800,0.121100,1.3150,1536,2707.1
microsoft1es@2025-09-24T05:29:45.106Z,test-control,microsoft1es,,,2025-09-24T05:29:45.106Z,0.561800,0.097100,0.785700,0.117100,1.2229,1536,2730.5
microsoft1es@2025-09-24T06:42:51.515Z,test-control,microsoft1es,,,2025-09-24T06:42:51.515Z,0.568200,0.111800,0.754200,0.134000,1.3970,1536,2725.9
microsoft1es@2025-09-24T07:43:01.431Z,test-control,microsoft1es,,,2025-09-24T07:43:01.431Z,0.569500,0.114300,0.743400,0.142300,1.4084,1536,2790.9
microsoft1es@2025-09-24T09:13:18.790Z,test-control,microsoft1es,,,2025-09-24T09:13:18.790Z,0.532400,0.103100,0.774600,0.122400,1.3650,1536,2816.3
microsoft1es@2025-09-24T10:17:04.424Z,test-control,microsoft1es,,,2025-09-24T10:17:04.424Z,0.573500,0.122800,0.748100,0.129200,1.3136,1536,2874.5
microsoft1es@2025-09-24T11:27:08.916Z,test-control,microsoft1es,,,2025-09-24T11:27:08.916Z,0.569300,0.119800,0.752200,0.128000,1.2983,1536,6140.1
microsoft1es@2025-09-24T12:27:19.524Z,test-control,microsoft1es,,,2025-09-24T12:27:19.524Z,0.521200,0.106900,0.784400,0.108700,1.2138,1536,6956.0
microsoft1es@2025-09-24T13:28:59.333Z,test-control,microsoft1es,,,2025-09-24T13:28:59.333Z,0.534900,0.108700,0.778100,0.113200,1.1569,1536,2859.4
microsoft1es@2025-09-24T14:29:34.849Z,test-control,microsoft1es,,,2025-09-24T14:29:34.849Z,0.523300,0.098500,0.766400,0.135100,1.2768,1536,2857.5
microsoft1es@2025-09-24T15:45:36.199Z,test-control,microsoft1es,,,2025-09-24T15:45:36.199Z,0.554900,0.094000,0.787500,0.118500,1.2127,1536,2834.3
microsoft1es@2025-09-24T17:03:49.387Z,test-control,microsoft1es,,,2025-09-24T17:03:49.387Z,0.514900,0.104200,0.785500,0.110300,1.3012,1536,2947.0
microsoft1es@2025-09-24T18:07:35.341Z,test-control,microsoft1es,,,2025-09-24T18:07:35.341Z,0.609100,0.111400,0.763900,0.124700,1.3262,1536,2911.5
microsoft1es@2025-09-24T19:14:29.363Z,test-control,microsoft1es,,,2025-09-24T19:14:29.363Z,0.602400,0.103600,0.778400,0.118000,1.3239,1536,2880.6
microsoft1es@2025-09-24T20:23:49.546Z,test-control,microsoft1es,,,2025-09-24T20:23:49.546Z,0.594000,0.114000,0.758300,0.127700,1.2909,1536,2950.9
microsoft1es@2025-09-24T21:27:18.532Z,test-control,microsoft1es,,,2025-09-24T21:27:18.532Z,0.581100,0.118100,0.756500,0.125500,1.3293,1536,2991.5
microsoft1es@2025-09-24T22:41:58.238Z,test-control,microsoft1es,,,2025-09-24T22:41:58.238Z,0.536200,0.121100,0.758500,0.120500,1.2528,1536,2928.4
microsoft1es@2025-09-24T23:42:35.033Z,test-control,microsoft1es,,,2025-09-24T23:42:35.033Z,0.555500,0.105100,0.785500,0.109300,1.2760,1536,3041.8
microsoft1es@2025-09-25T00:42:44.284Z,test-control,microsoft1es,,,2025-09-25T00:42:44.284Z,0.528900,0.115400,0.753500,0.131100,1.2519,1536,2917.3
microsoft1es@2025-09-25T01:57:30.860Z,test-control,microsoft1es,,,2025-09-25T01:57:30.860Z,0.550900,0.111600,0.782200,0.106100,1.2383,1536,3005.7
microsoft1es@2025-09-25T02:58:22.318Z,test-control,microsoft1es,,,2025-09-25T02:58:22.318Z,0.559400,0.119000,0.763700,0.117300,1.2990,1536,3430.6
microsoft1es@2025-09-25T03:59:19.180Z,test-control,microsoft1es,,,2025-09-25T03:59:19.180Z,0.589100,0.100800,0.786600,0.112600,1.4602,1536,9688.5
microsoft1es@2025-09-25T05:28:43.218Z,test-control,microsoft1es,,,2025-09-25T05:28:43.218Z,0.565100,0.093400,0.794700,0.111800,1.3589,1536,2878.9
microsoft1es@2025-09-25T06:43:45.263Z,test-control,microsoft1es,,,2025-09-25T06:43:45.263Z,0.568100,0.108700,0.763500,0.127800,1.4619,1536,2853.8
microsoft1es@2025-09-25T07:43:53.259Z,test-control,microsoft1es,,,2025-09-25T07:43:53.259Z,0.582100,0.101300,0.770400,0.128300,1.4277,1536,2869.8
microsoft1es@2025-09-25T08:45:18.824Z,test-control,microsoft1es,,,2025-09-25T08:45:18.824Z,0.599900,0.096500,0.796500,0.107000,1.3456,1536,2918.7
microsoft1es@2025-09-25T09:46:31.604Z,test-control,microsoft1es,,,2025-09-25T09:46:31.604Z,0.559600,0.097200,0.792200,0.110500,1.2644,1536,2980.0
microsoft1es@2025-09-25T10:56:30.374Z,test-control,microsoft1es,,,2025-09-25T10:56:30.374Z,0.552000,0.116400,0.759100,0.124400,1.3031,1536,2939.3
microsoft1es@2025-09-25T11:58:02.403Z,test-control,microsoft1es,,,2025-09-25T11:58:02.403Z,0.507200,0.090500,0.792900,0.116600,1.1531,1536,2887.6
microsoft1es@2025-09-25T13:03:17.376Z,test-control,microsoft1es,,,2025-09-25T13:03:17.376Z,0.517100,0.096100,0.790900,0.113000,1.2345,1536,2888.9
microsoft1es@2025-09-25T14:29:04.043Z,test-control,microsoft1es,,,2025-09-25T14:29:04.043Z,0.539900,0.103700,0.778300,0.118000,1.3738,1536,3068.4
microsoft1es@2025-09-25T15:29:09.774Z,test-control,microsoft1es,,,2025-09-25T15:29:09.774Z,0.544100,0.094100,0.784800,0.121100,1.3168,1536,2987.1
microsoft1es@2025-09-25T16:29:41.545Z,test-control,microsoft1es,,,2025-09-25T16:29:41.545Z,0.579400,0.092300,0.794300,0.113400,1.2631,1536,2926.1
microsoft1es@2025-09-25T17:43:36.333Z,test-control,microsoft1es,,,2025-09-25T17:43:36.333Z,0.632200,0.109800,0.769700,0.120500,1.3660,1536,2864.9
microsoft1es@2025-09-25T18:46:11.463Z,test-control,microsoft1es,,,2025-09-25T18:46:11.463Z,0.666400,0.100600,0.782000,0.117500,1.3196,1536,3006.0
microsoft1es@2025-09-25T19:58:01.125Z,test-control,microsoft1es,,,2025-09-25T19:58:01.125Z,0.605300,0.100300,0.777100,0.122700,1.3155,1536,3024.2
microsoft1es@2025-09-25T20:59:23.092Z,test-control,microsoft1es,,,2025-09-25T20:59:23.092Z,0.637000,0.101100,0.774800,0.124100,1.3042,1536,3091.2
microsoft1es@2025-09-25T22:12:20.968Z,test-control,microsoft1es,,,2025-09-25T22:12:20.968Z,0.499300,0.108200,0.757900,0.133800,1.2091,1536,9630.9
microsoft1es@2025-09-25T23:24:24.743Z,test-control,microsoft1es,,,2025-09-25T23:24:24.743Z,0.500100,0.111800,0.761900,0.126300,1.2814,1536,3450.7
microsoft1es@2025-09-26T00:26:55.096Z,test-control,microsoft1es,,,2025-09-26T00:26:55.096Z,0.552400,0.111100,0.751700,0.137200,1.2910,1536,2769.0
microsoft1es@2025-09-26T01:28:00.119Z,test-control,microsoft1es,,,2025-09-26T01:28:00.119Z,0.581500,0.125000,0.761300,0.113700,1.3101,1536,2767.8
microsoft1es@2025-09-26T02:41:13.011Z,test-control,microsoft1es,,,2025-09-26T02:41:13.011Z,0.590900,0.120500,0.765600,0.113900,1.4150,1536,2762.1
microsoft1es@2025-09-26T03:42:02.576Z,test-control,microsoft1es,,,2025-09-26T03:42:02.576Z,0.578400,0.093000,0.792400,0.114600,1.4646,1536,2753.7
microsoft1es@2025-09-26T04:42:39.995Z,test-control,microsoft1es,,,2025-09-26T04:42:39.995Z,0.607400,0.105600,0.775600,0.118700,1.4935,1536,2805.3
microsoft1es@2025-09-26T05:43:56.446Z,test-control,microsoft1es,,,2025-09-26T05:43:56.446Z,0.590100,0.109700,0.773000,0.117200,1.4630,1536,2787.2
microsoft1es@2025-09-26T06:45:12.640Z,test-control,microsoft1es,,,2025-09-26T06:45:12.640Z,0.552300,0.110900,0.759500,0.129700,1.4207,1536,2786.5
microsoft1es@2025-09-26T07:56:39.929Z,test-control,microsoft1es,,,2025-09-26T07:56:39.929Z,0.550100,0.106300,0.766900,0.126800,1.4971,1536,2904.3
microsoft1es@2025-09-26T09:00:01.307Z,test-control,microsoft1es,,,2025-09-26T09:00:01.307Z,0.566400,0.111200,0.761000,0.127800,1.3643,1536,3113.3
microsoft1es@2025-09-26T10:09:35.621Z,test-control,microsoft1es,,,2025-09-26T10:09:35.621Z,0.498200,0.108000,0.774700,0.117300,1.3544,1536,3364.7
microsoft1es@2025-09-26T11:11:05.927Z,test-control,microsoft1es,,,2025-09-26T11:11:05.927Z,0.538000,0.110000,0.763100,0.126900,1.3606,1536,9717.5
microsoft1es@2025-09-26T12:17:34.464Z,test-control,microsoft1es,,,2025-09-26T12:17:34.464Z,0.534500,0.103100,0.782900,0.114000,1.2231,1536,2774.7
microsoft1es@2025-09-26T13:31:21.973Z,test-control,microsoft1es,,,2025-09-26T13:31:21.973Z,0.546200,0.103100,0.784400,0.112500,1.1654,1536,2830.1
microsoft1es@2025-09-26T14:41:26.145Z,test-control,microsoft1es,,,2025-09-26T14:41:26.145Z,0.529200,0.114800,0.755400,0.129800,1.3392,1536,2822.6
microsoft1es@2025-09-26T15:42:44.115Z,test-control,microsoft1es,,,2025-09-26T15:42:44.115Z,0.597300,0.093300,0.792700,0.114000,1.2269,1536,2755.8
microsoft1es@2025-09-26T17:04:58.409Z,test-control,microsoft1es,,,2025-09-26T17:04:58.409Z,0.606400,0.100100,0.780600,0.119300,1.2776,1536,2784.4
microsoft1es@2025-09-26T18:07:13.323Z,test-control,microsoft1es,,,2025-09-26T18:07:13.323Z,0.655600,0.101800,0.777700,0.120500,1.3130,1536,2762.5
microsoft1es@2025-09-26T19:14:58.697Z,test-control,microsoft1es,,,2025-09-26T19:14:58.697Z,0.633700,0.112800,0.762300,0.125000,1.3407,1536,2831.3
microsoft1es@2025-09-26T20:16:21.465Z,test-control,microsoft1es,,,2025-09-26T20:16:21.465Z,0.635000,0.108100,0.762000,0.129900,1.2604,1536,2773.6
microsoft1es@2025-09-26T21:27:06.503Z,test-control,microsoft1es,,,2025-09-26T21:27:06.503Z,0.640200,0.121000,0.747600,0.131400,1.2625,1536,2749.2
microsoft1es@2025-09-26T22:44:53.472Z,test-control,microsoft1es,,,2025-09-26T22:44:53.472Z,0.506800,0.105400,0.765000,0.129600,1.4049,1536,2738.9
microsoft1es@2025-09-26T23:45:32.135Z,test-control,microsoft1es,,,2025-09-26T23:45:32.135Z,0.633500,0.113500,0.756500,0.129900,1.4107,1536,2752.9
microsoft1es@2025-09-27T00:56:55.564Z,test-control,microsoft1es,,,2025-09-27T00:56:55.564Z,0.570400,0.114900,0.758500,0.126600,1.4044,1536,2753.1
microsoft1es@2025-09-27T01:57:40.949Z,test-control,microsoft1es,,,2025-09-27T01:57:40.949Z,0.570600,0.122000,0.758300,0.119700,1.2903,1536,2772.6
microsoft1es@2025-09-27T02:58:23.323Z,test-control,microsoft1es,,,2025-09-27T02:58:23.323Z,0.602900,0.120000,0.765800,0.114200,1.3773,1536,2746.6
microsoft1es@2025-09-27T03:58:28.479Z,test-control,microsoft1es,,,2025-09-27T03:58:28.479Z,0.593000,0.097200,0.797200,0.105600,1.3411,1536,2738.6
microsoft1es@2025-09-27T04:59:51.030Z,test-control,microsoft1es,,,2025-09-27T04:59:51.030Z,0.578600,0.094100,0.795800,0.110100,1.3571,1536,2712.2
microsoft1es@2025-09-27T06:00:47.366Z,test-control,microsoft1es,,,2025-09-27T06:00:47.366Z,0.627700,0.109200,0.757400,0.133500,1.3527,1536,2796.4
microsoft1es@2025-09-27T07:05:13.176Z,test-control,microsoft1es,,,2025-09-27T07:05:13.176Z,0.569100,0.097500,0.783200,0.119300,1.3855,1536,2802.3
microsoft1es@2025-09-29T07:15:59.205Z,test-control,microsoft1es,,,2025-09-29T07:15:59.205Z,0.555900,0.107800,0.773700,0.118600,1.3057,1536,2734.0
microsoft1es@2025-09-29T08:26:41.104Z,test-control,microsoft1es,,,2025-09-29T08:26:41.104Z,0.615300,0.125100,0.751800,0.123100,1.3299,1536,2968.6
microsoft1es@2025-09-29T09:26:51.299Z,test-control,microsoft1es,,,2025-09-29T09:26:51.299Z,0.613800,0.112700,0.780300,0.107000,1.3872,1536,2911.0
microsoft1es@2025-09-29T10:29:12.583Z,test-control,microsoft1es,,,2025-09-29T10:29:12.583Z,0.597300,0.110000,0.775800,0.114300,1.4120,1536,2909.5
microsoft1es@2025-09-29T11:43:27.193Z,test-control,microsoft1es,,,2025-09-29T11:43:27.193Z,0.613700,0.115100,0.769900,0.115000,1.4078,1536,2976.4
microsoft1es@2025-09-29T12:45:07.695Z,test-control,microsoft1es,,,2025-09-29T12:45:07.695Z,0.637900,0.114700,0.768000,0.117200,1.3464,1536,5318.8
microsoft1es@2025-09-29T13:45:10.823Z,test-control,microsoft1es,,,2025-09-29T13:45:10.823Z,0.594000,0.106600,0.778000,0.115400,1.3438,1536,6846.6
microsoft1es@2025-09-29T14:57:10.926Z,test-control,microsoft1es,,,2025-09-29T14:57:10.926Z,0.632100,0.119400,0.744900,0.135700,1.4606,1536,3370.2
microsoft1es@2025-09-29T15:58:49.751Z,test-control,microsoft1es,,,2025-09-29T15:58:49.751Z,0.667000,0.125800,0.762500,0.111700,1.4621,1536,2838.8
microsoft1es@2025-09-29T17:08:50.818Z,test-control,microsoft1es,,,2025-09-29T17:08:50.818Z,0.646200,0.105400,0.773700,0.121000,1.4714,1536,2839.4
microsoft1es@2025-09-29T18:13:53.906Z,test-control,microsoft1es,,,2025-09-29T18:13:53.906Z,0.644300,0.114600,0.759200,0.126100,1.4572,1536,2824.9
microsoft1es@2025-09-29T19:14:31.223Z,test-control,microsoft1es,,,2025-09-29T19:14:31.223Z,0.645100,0.121500,0.747100,0.131400,1.4998,1536,2783.7
microsoft1es@2025-09-29T20:14:35.131Z,test-control,microsoft1es,,,2025-09-29T20:14:35.131Z,0.640700,0.103300,0.770900,0.125800,1.4529,1536,2800.2
microsoft1es@2025-09-29T21:16:21.389Z,test-control,microsoft1es,,,2025-09-29T21:16:21.389Z,0.617100,0.113800,0.757800,0.128500,1.4506,1536,2910.4
microsoft1es@2025-09-29T22:28:26.896Z,test-control,microsoft1es,,,2025-09-29T22:28:26.896Z,0.540300,0.119700,0.754600,0.125700,1.3504,1536,2768.8
microsoft1es@2025-09-29T23:28:55.783Z,test-control,microsoft1es,,,2025-09-29T23:28:55.783Z,0.522300,0.104500,0.766700,0.128900,1.4284,1536,2766.8
microsoft1es@2025-09-30T00:28:59.399Z,test-control,microsoft1es,,,2025-09-30T00:28:59.399Z,0.573200,0.120900,0.748800,0.130300,1.4381,1536,2838.8
microsoft1es@2025-09-30T01:42:42.234Z,test-control,microsoft1es,,,2025-09-30T01:42:42.234Z,0.544700,0.107600,0.767100,0.125300,1.3267,1536,2833.7
microsoft1es@2025-09-30T02:44:02.832Z,test-control,microsoft1es,,,2025-09-30T02:44:02.832Z,0.607200,0.135900,0.739400,0.124700,1.4035,1536,2954.7
microsoft1es@2025-09-30T03:51:32.463Z,test-control,microsoft1es,,,2025-09-30T03:51:32.463Z,0.631000,0.120200,0.746500,0.133200,1.4949,1536,2915.9
microsoft1es@2025-09-30T05:02:13.344Z,test-control,microsoft1es,,,2025-09-30T05:02:13.344Z,0.601900,0.098800,0.778900,0.122400,1.4207,1536,2861.5
microsoft1es@2025-09-30T06:03:06.098Z,test-control,microsoft1es,,,2025-09-30T06:03:06.098Z,0.589800,0.090600,0.792800,0.116500,1.3956,1536,2790.8
microsoft1es@2025-09-30T07:12:26.263Z,test-control,microsoft1es,,,2025-09-30T07:12:26.263Z,0.547400,0.105400,0.767100,0.127500,1.3697,1536,2812.4
microsoft1es@2025-09-30T08:14:09.861Z,test-control,microsoft1es,,,2025-09-30T08:14:09.861Z,0.563200,0.093600,0.783900,0.122500,1.3571,1536,2817.7
microsoft1es@2025-09-30T09:14:46.731Z,test-control,microsoft1es,,,2025-09-30T09:14:46.731Z,0.532500,0.100900,0.773600,0.125500,1.3150,1536,2854.9
microsoft1es@2025-09-30T10:42:47.686Z,test-control,microsoft1es,,,2025-09-30T10:42:47.686Z,0.557800,0.119600,0.750100,0.130300,1.3906,1536,2841.6
microsoft1es@2025-09-30T11:47:32.031Z,test-control,microsoft1es,,,2025-09-30T11:47:32.031Z,0.562300,0.116900,0.750000,0.133100,1.2515,1536,2781.6
microsoft1es@2025-09-30T12:58:42.763Z,test-control,microsoft1es,,,2025-09-30T12:58:42.763Z,0.557100,0.101400,0.777800,0.120700,1.2419,1536,2821.9
microsoft1es@2025-09-30T14:27:53.302Z,test-control,microsoft1es,,,2025-09-30T14:27:53.302Z,0.489900,0.101600,0.773200,0.125200,1.2660,1536,2858.9
microsoft1es@2025-09-30T15:41:58.354Z,test-control,microsoft1es,,,2025-09-30T15:41:58.354Z,0.576500,0.092200,0.783200,0.124500,1.2578,1536,2847.3
microsoft1es@2025-09-30T16:42:15.780Z,test-control,microsoft1es,,,2025-09-30T16:42:15.780Z,0.586800,0.100700,0.770600,0.128700,1.3153,1536,2805.2
microsoft1es@2025-09-30T17:42:22.434Z,test-control,microsoft1es,,,2025-09-30T17:42:22.434Z,0.673600,0.107000,0.765600,0.127400,1.2991,1536,2794.4
microsoft1es@2025-09-30T18:43:40.663Z,test-control,microsoft1es,,,2025-09-30T18:43:40.663Z,0.665800,0.106900,0.766600,0.126500,1.2987,1536,2790.6
microsoft1es@2025-09-30T19:45:23.646Z,test-control,microsoft1es,,,2025-09-30T19:45:23.646Z,0.649400,0.110100,0.759100,0.130800,1.3443,1536,2791.0
microsoft1es@2025-09-30T20:45:32.996Z,test-control,microsoft1es,,,2025-09-30T20:45:32.996Z,0.652800,0.129000,0.736800,0.134200,1.3122,1536,2819.2
microsoft1es@2025-09-30T21:45:43.021Z,test-control,microsoft1es,,,2025-09-30T21:45:43.021Z,0.557400,0.116900,0.756500,0.126600,1.2982,1536,2807.0
microsoft1es@2025-09-30T22:45:52.007Z,test-control,microsoft1es,,,2025-09-30T22:45:52.007Z,0.557500,0.115600,0.760700,0.123700,1.3055,1536,2796.1
microsoft1es@2025-09-30T23:46:56.153Z,test-control,microsoft1es,,,2025-09-30T23:46:56.153Z,0.576200,0.117000,0.769700,0.113300,1.3131,1536,2819.2
microsoft1es@2025-10-01T00:52:03.084Z,test-control,microsoft1es,,,2025-10-01T00:52:03.084Z,0.525800,0.121700,0.758600,0.119700,1.3308,1536,2888.7
microsoft1es@2025-10-01T01:56:50.813Z,test-control,microsoft1es,,,2025-10-01T01:56:50.813Z,0.553900,0.128000,0.752300,0.119700,1.2409,1536,2869.9
microsoft1es@2025-10-01T02:56:53.717Z,test-control,microsoft1es,,,2025-10-01T02:56:53.717Z,0.599700,0.119800,0.768500,0.111600,1.3980,1536,2793.7
microsoft1es@2025-10-01T03:57:17.522Z,test-control,microsoft1es,,,2025-10-01T03:57:17.522Z,0.600500,0.096200,0.789500,0.114300,1.4126,1536,2838.5
microsoft1es@2025-10-01T05:15:05.688Z,test-control,microsoft1es,,,2025-10-01T05:15:05.688Z,0.600000,0.099200,0.780400,0.120400,1.4338,1536,2789.5
microsoft1es@2025-10-01T06:37:14.599Z,test-control,microsoft1es,,,2025-10-01T06:37:14.599Z,0.620300,0.113000,0.754500,0.132400,1.4284,1536,2807.4
microsoft1es@2025-10-01T10:11:39.497Z,test-control,microsoft1es,,,2025-10-01T10:11:39.497Z,0.583900,0.100600,0.777700,0.121700,1.3156,1536,2790.0
microsoft1es@2025-10-01T11:30:21.505Z,test-control,microsoft1es,,,2025-10-01T11:30:21.505Z,0.579900,0.109900,0.761200,0.128800,1.3415,1536,2830.9
microsoft1es@2025-10-01T12:37:07.104Z,test-control,microsoft1es,,,2025-10-01T12:37:07.104Z,0.525400,0.128400,0.737900,0.133600,1.5180,1536,2884.2
microsoft1es@2025-10-01T13:38:03.011Z,test-control,microsoft1es,,,2025-10-01T13:38:03.011Z,0.543600,0.085300,0.812800,0.101900,1.3580,1536,2865.4
microsoft1es@2025-10-01T14:42:56.734Z,test-control,microsoft1es,,,2025-10-01T14:42:56.734Z,0.621000,0.125300,0.748500,0.126200,1.3070,1536,2888.8
microsoft1es@2025-10-01T15:43:19.141Z,test-control,microsoft1es,,,2025-10-01T15:43:19.141Z,0.619400,0.096400,0.779200,0.124400,1.3575,1536,2833.9
microsoft1es@2025-10-01T16:44:36.699Z,test-control,microsoft1es,,,2025-10-01T16:44:36.699Z,0.619300,0.095400,0.786100,0.118600,1.2701,1536,2864.2
microsoft1es@2025-10-01T17:44:39.032Z,test-control,microsoft1es,,,2025-10-01T17:44:39.032Z,0.648300,0.101000,0.769900,0.129100,1.3023,1536,2881.7
microsoft1es@2025-10-01T18:45:35.045Z,test-control,microsoft1es,,,2025-10-01T18:45:35.045Z,0.651400,0.117600,0.753000,0.129500,1.3254,1536,3029.9
microsoft1es@2025-10-01T19:56:43.007Z,test-control,microsoft1es,,,2025-10-01T19:56:43.007Z,0.669500,0.111500,0.772600,0.115900,1.3352,1536,2875.3
microsoft1es@2025-10-01T20:58:01.077Z,test-control,microsoft1es,,,2025-10-01T20:58:01.077Z,0.691100,0.106000,0.775500,0.118600,1.3562,1536,3282.6
microsoft1es@2025-10-01T21:59:03.203Z,test-control,microsoft1es,,,2025-10-01T21:59:03.203Z,0.527400,0.108300,0.771100,0.120500,1.3048,1536,3228.2
microsoft1es@2025-10-01T22:59:56.700Z,test-control,microsoft1es,,,2025-10-01T22:59:56.700Z,0.566500,0.126400,0.744100,0.129400,1.2744,1536,2987.8
microsoft1es@2025-10-02T00:13:24.146Z,test-control,microsoft1es,,,2025-10-02T00:13:24.146Z,0.618800,0.097700,0.782700,0.119700,1.2686,1536,2906.0
microsoft1es@2025-10-02T01:26:27.765Z,test-control,microsoft1es,,,2025-10-02T01:26:27.765Z,0.559800,0.121800,0.736100,0.142100,1.3030,1536,2832.5
microsoft1es@2025-10-02T02:26:48.687Z,test-control,microsoft1es,,,2025-10-02T02:26:48.687Z,0.597200,0.123000,0.753400,0.123600,1.3181,1536,2860.9
microsoft1es@2025-10-02T03:27:01.610Z,test-control,microsoft1es,,,2025-10-02T03:27:01.610Z,0.631200,0.105000,0.775800,0.119300,1.4615,1536,2961.4
microsoft1es@2025-10-02T04:42:47.712Z,test-control,microsoft1es,,,2025-10-02T04:42:47.712Z,0.603400,0.092400,0.781300,0.126300,1.4170,1536,2853.7
microsoft1es@2025-10-02T05:55:49.297Z,test-control,microsoft1es,,,2025-10-02T05:55:49.297Z,0.574800,0.093000,0.781900,0.125100,1.4565,1536,2923.5
microsoft1es@2025-10-02T06:56:43.420Z,test-control,microsoft1es,,,2025-10-02T06:56:43.420Z,0.603700,0.122900,0.742000,0.135000,1.4941,1536,2877.9
microsoft1es@2025-10-02T07:59:41.104Z,test-control,microsoft1es,,,2025-10-02T07:59:41.104Z,0.619900,0.104400,0.771100,0.124500,1.4974,1536,3125.0
microsoft1es@2025-10-02T09:10:52.065Z,test-control,microsoft1es,,,2025-10-02T09:10:52.065Z,0.576300,0.098200,0.762200,0.139600,1.4717,1536,10154.0
microsoft1es@2025-10-02T10:12:24.248Z,test-control,microsoft1es,,,2025-10-02T10:12:24.248Z,0.531300,0.091800,0.789900,0.118300,1.3516,1536,2827.4
microsoft1es@2025-10-02T11:13:04.625Z,test-control,microsoft1es,,,2025-10-02T11:13:04.625Z,0.573800,0.091600,0.787300,0.121100,1.3319,1536,2994.1
microsoft1es@2025-10-02T12:15:58.019Z,test-control,microsoft1es,,,2025-10-02T12:15:58.019Z,0.556700,0.103000,0.767100,0.129800,1.2380,1536,2806.3
microsoft1es@2025-10-02T13:29:07.125Z,test-control,microsoft1es,,,2025-10-02T13:29:07.125Z,0.499000,0.089000,0.792000,0.119000,1.2522,1536,2964.8
microsoft1es@2025-10-02T14:44:12.580Z,test-control,microsoft1es,,,2025-10-02T14:44:12.580Z,0.719100,0.110400,0.770000,0.119600,1.3338,1536,2876.0
microsoft1es@2025-10-02T15:56:42.213Z,test-control,microsoft1es,,,2025-10-02T15:56:42.213Z,0.582300,0.104900,0.766500,0.128700,1.3136,1536,2809.8
microsoft1es@2025-10-02T17:02:44.789Z,test-control,microsoft1es,,,2025-10-02T17:02:44.789Z,0.559000,0.102200,0.771700,0.126100,1.3730,1536,2880.0
microsoft1es@2025-10-02T18:12:33.920Z,test-control,microsoft1es,,,2025-10-02T18:12:33.920Z,0.696600,0.104400,0.773600,0.122000,1.3752,1536,2766.2
microsoft1es@2025-10-02T19:13:54.045Z,test-control,microsoft1es,,,2025-10-02T19:13:54.045Z,0.624700,0.108200,0.757500,0.134300,1.3580,1536,2749.4
microsoft1es@2025-10-02T21:33:36.811Z,test-control,microsoft1es,,,2025-10-02T21:33:36.811Z,0.580300,0.144200,0.711000,0.144800,1.3368,1536,2889.0
microsoft1es@2025-10-02T22:34:39.579Z,test-control,microsoft1es,,,2025-10-02T22:34:39.579Z,0.551900,0.139800,0.715500,0.144700,1.2994,1536,3030.3
microsoft1es@2025-10-02T23:48:20.439Z,test-control,microsoft1es,,,2025-10-02T23:48:20.439Z,0.539200,0.101500,0.773500,0.125000,1.1481,1536,2943.4
microsoft1es@2025-10-03T00:50:57.052Z,test-control,microsoft1es,,,2025-10-03T00:50:57.052Z,0.557500,0.125000,0.725900,0.149000,1.3355,1536,3350.2
microsoft1es@2025-10-03T01:55:58.176Z,test-control,microsoft1es,,,2025-10-03T01:55:58.176Z,0.602400,0.116700,0.741600,0.141700,1.3312,1536,9828.8
microsoft1es@2025-10-03T02:58:28.759Z,test-control,microsoft1es,,,2025-10-03T02:58:28.759Z,0.571100,0.108700,0.760300,0.131000,1.3414,1536,3725.3
microsoft1es@2025-10-03T04:11:21.485Z,test-control,microsoft1es,,,2025-10-03T04:11:21.485Z,0.557500,0.122200,0.727100,0.150700,1.4511,1536,3079.4
microsoft1es@2025-10-03T05:17:57.290Z,test-control,microsoft1es,,,2025-10-03T05:17:57.290Z,0.580100,0.122700,0.741300,0.136100,1.4197,1536,2996.2
microsoft1es@2025-10-03T06:42:46.265Z,test-control,microsoft1es,,,2025-10-03T06:42:46.265Z,0.583100,0.113000,0.748300,0.138800,1.5257,1536,3078.9
microsoft1es@2025-10-03T07:42:55.385Z,test-control,microsoft1es,,,2025-10-03T07:42:55.385Z,0.547300,0.094500,0.762500,0.143000,1.4172,1536,3093.0
microsoft1es@2025-10-03T08:43:47.018Z,test-control,microsoft1es,,,2025-10-03T08:43:47.018Z,0.574600,0.112000,0.746000,0.142000,1.4027,1536,3177.1
microsoft1es@2025-10-03T09:45:00.702Z,test-control,microsoft1es,,,2025-10-03T09:45:00.702Z,0.554600,0.101600,0.771300,0.127100,1.3870,1536,3043.5
microsoft1es@2025-10-03T11:22:37.976Z,test-control,microsoft1es,,,2025-10-03T11:22:37.976Z,0.513800,0.091800,0.789000,0.119300,1.3514,1536,3003.9
microsoft1es@2025-10-03T12:26:34.618Z,test-control,microsoft1es,,,2025-10-03T12:26:34.618Z,0.537900,0.101000,0.778700,0.120300,1.3100,1536,2890.2
microsoft1es@2025-10-03T13:30:43.668Z,test-control,microsoft1es,,,2025-10-03T13:30:43.668Z,0.556100,0.103100,0.775400,0.121500,1.3441,1536,2902.4
microsoft1es@2025-10-03T14:44:51.929Z,test-control,microsoft1es,,,2025-10-03T14:44:51.929Z,0.463900,0.120400,0.756400,0.123100,1.4082,1536,2905.1
microsoft1es@2025-10-03T15:57:26.399Z,test-control,microsoft1es,,,2025-10-03T15:57:26.399Z,0.553600,0.100600,0.778000,0.121400,1.3243,1536,2953.1
microsoft1es@2025-10-03T17:07:33.283Z,test-control,microsoft1es,,,2025-10-03T17:07:33.283Z,0.512200,0.100700,0.779500,0.119800,1.2992,1536,2935.3
microsoft1es@2025-10-03T18:10:23.098Z,test-control,microsoft1es,,,2025-10-03T18:10:23.098Z,0.609100,0.109300,0.753800,0.136900,1.3713,1536,2939.3
microsoft1es@2025-10-03T19:15:09.711Z,test-control,microsoft1es,,,2025-10-03T19:15:09.711Z,0.610900,0.114300,0.748900,0.136800,1.3935,1536,2953.9
microsoft1es@2025-10-03T20:15:24.721Z,test-control,microsoft1es,,,2025-10-03T20:15:24.721Z,0.645000,0.124300,0.738300,0.137400,1.4203,1536,3517.4
microsoft1es@2025-10-03T21:29:36.742Z,test-control,microsoft1es,,,2025-10-03T21:29:36.742Z,0.552000,0.124700,0.742700,0.132700,1.4135,1536,10227.4
microsoft1es@2025-10-03T22:43:24.390Z,test-control,microsoft1es,,,2025-10-03T22:43:24.390Z,0.526800,0.116900,0.753600,0.129400,1.3805,1536,2850.0
microsoft1es@2025-10-03T23:44:44.538Z,test-control,microsoft1es,,,2025-10-03T23:44:44.538Z,0.552800,0.125500,0.735200,0.139400,1.4058,1536,2885.3
microsoft1es@2025-10-04T00:45:06.372Z,test-control,microsoft1es,,,2025-10-04T00:45:06.372Z,0.592800,0.115500,0.751800,0.132700,1.4385,1536,2814.2
microsoft1es@2025-10-04T01:46:56.338Z,test-control,microsoft1es,,,2025-10-04T01:46:56.338Z,0.576100,0.107100,0.777800,0.115100,1.4142,1536,2891.0
microsoft1es@2025-10-04T02:47:57.389Z,test-control,microsoft1es,,,2025-10-04T02:47:57.389Z,0.633100,0.129500,0.742300,0.128100,1.2882,1536,2805.8
microsoft1es@2025-10-04T03:53:17.692Z,test-control,microsoft1es,,,2025-10-04T03:53:17.692Z,0.575500,0.099300,0.769400,0.131300,1.5708,1536,2820.8
microsoft1es@2025-10-04T05:00:59.697Z,test-control,microsoft1es,,,2025-10-04T05:00:59.697Z,0.520300,0.091200,0.777900,0.130900,1.5007,1536,2832.7
microsoft1es@2025-10-04T06:01:13.987Z,test-control,microsoft1es,,,2025-10-04T06:01:13.987Z,0.554500,0.106000,0.764400,0.129600,1.6032,1536,2887.8
microsoft1es@2025-10-04T07:15:23.742Z,test-control,microsoft1es,,,2025-10-04T07:15:23.742Z,0.557600,0.112800,0.757100,0.130100,1.5122,1536,3078.3
microsoft1es@2025-10-06T07:14:48.912Z,test-control,microsoft1es,,,2025-10-06T07:14:48.912Z,0.536800,0.118300,0.759600,0.122100,1.3289,1536,2980.5
microsoft1es@2025-10-06T08:19:45.952Z,test-control,microsoft1es,,,2025-10-06T08:19:45.952Z,0.712500,0.101400,0.799200,0.099400,1.3079,1536,3124.7
microsoft1es@2025-10-06T09:21:15.389Z,test-control,microsoft1es,,,2025-10-06T09:21:15.389Z,0.595500,0.112700,0.763100,0.124100,1.4123,1536,4642.6
microsoft1es@2025-10-06T10:44:18.690Z,test-control,microsoft1es,,,2025-10-06T10:44:18.690Z,0.605100,0.119500,0.751600,0.128900,1.4531,1536,5568.4
microsoft1es@2025-10-06T11:45:53.955Z,test-control,microsoft1es,,,2025-10-06T11:45:53.955Z,0.606400,0.124800,0.749700,0.125400,1.4750,1536,6660.3
microsoft1es@2025-10-06T13:01:07.005Z,test-control,microsoft1es,,,2025-10-06T13:01:07.005Z,0.563500,0.117700,0.773700,0.108600,1.3536,1536,3102.0
microsoft1es@2025-10-06T14:27:33.702Z,test-control,microsoft1es,,,2025-10-06T14:27:33.702Z,0.522800,0.109200,0.767200,0.123600,1.2770,1536,3049.9
microsoft1es@2025-10-06T15:30:38.462Z,test-control,microsoft1es,,,2025-10-06T15:30:38.462Z,0.574000,0.101100,0.785000,0.113900,1.3612,1536,3269.6
microsoft1es@2025-10-06T16:44:50.148Z,test-control,microsoft1es,,,2025-10-06T16:44:50.148Z,0.564300,0.107400,0.780900,0.111600,1.3171,1536,3041.8
microsoft1es@2025-10-06T17:47:37.831Z,test-control,microsoft1es,,,2025-10-06T17:47:37.831Z,0.679500,0.122100,0.751500,0.126500,1.4053,1536,3066.8
microsoft1es@2025-10-06T18:59:48.090Z,test-control,microsoft1es,,,2025-10-06T18:59:48.090Z,0.687600,0.121100,0.758500,0.120500,1.4093,1536,3069.4
microsoft1es@2025-10-06T20:23:20.154Z,test-control,microsoft1es,,,2025-10-06T20:23:20.154Z,0.681200,0.125400,0.746700,0.127900,1.4306,1536,3066.4
microsoft1es@2025-10-06T21:29:38.950Z,test-control,microsoft1es,,,2025-10-06T21:29:38.950Z,0.726100,0.118400,0.754500,0.127100,1.4086,1536,3056.2
microsoft1es@2025-10-06T22:32:40.559Z,test-control,microsoft1es,,,2025-10-06T22:32:40.559Z,0.575200,0.123600,0.743600,0.132900,1.3237,1536,3059.6
microsoft1es@2025-10-06T23:35:45.343Z,test-control,microsoft1es,,,2025-10-06T23:35:45.343Z,0.587800,0.123400,0.752000,0.124700,1.3934,1536,3046.8
microsoft1es@2025-10-07T00:36:30.728Z,test-control,microsoft1es,,,2025-10-07T00:36:30.728Z,0.629100,0.128600,0.747700,0.123700,1.4054,1536,3147.5
microsoft1es@2025-10-07T01:46:59.313Z,test-control,microsoft1es,,,2025-10-07T01:46:59.313Z,0.583600,0.113400,0.761400,0.125100,1.3687,1536,3295.5
microsoft1es@2025-10-07T02:59:22.435Z,test-control,microsoft1es,,,2025-10-07T02:59:22.435Z,0.624900,0.122800,0.747200,0.129900,1.3868,1536,3388.0
microsoft1es@2025-10-07T04:00:17.020Z,test-control,microsoft1es,,,2025-10-07T04:00:17.020Z,0.638800,0.116500,0.752200,0.131300,1.4557,1536,3357.2
microsoft1es@2025-10-07T05:12:13.870Z,test-control,microsoft1es,,,2025-10-07T05:12:13.870Z,0.649500,0.124900,0.736300,0.138800,1.5074,1536,9174.7
microsoft1es@2025-10-07T06:16:12.473Z,test-control,microsoft1es,,,2025-10-07T06:16:12.473Z,0.668500,0.135900,0.735600,0.128500,1.5698,1536,5047.9
microsoft1es@2025-10-07T07:28:20.305Z,test-control,microsoft1es,,,2025-10-07T07:28:20.305Z,0.617200,0.123300,0.747000,0.129700,1.4629,1536,2840.3
microsoft1es@2025-10-07T08:41:23.422Z,test-control,microsoft1es,,,2025-10-07T08:41:23.422Z,0.583800,0.120600,0.735800,0.143600,1.4646,1536,2810.5
microsoft1es@2025-10-07T09:41:38.151Z,test-control,microsoft1es,,,2025-10-07T09:41:38.151Z,0.601200,0.101700,0.783000,0.115300,1.4054,1536,2795.9
microsoft1es@2025-10-07T10:41:49.781Z,test-control,microsoft1es,,,2025-10-07T10:41:49.781Z,0.586300,0.093400,0.791800,0.114800,1.4104,1536,2807.2
microsoft1es@2025-10-07T11:46:02.911Z,test-control,microsoft1es,,,2025-10-07T11:46:02.911Z,0.538600,0.093500,0.786700,0.119900,1.2456,1536,2815.0
microsoft1es@2025-10-07T12:46:08.514Z,test-control,microsoft1es,,,2025-10-07T12:46:08.514Z,0.568100,0.107400,0.773600,0.119000,1.3127,1536,2838.5
microsoft1es@2025-10-07T13:57:41.975Z,test-control,microsoft1es,,,2025-10-07T13:57:41.975Z,0.552800,0.102000,0.789300,0.108700,1.3415,1536,2887.2
microsoft1es@2025-10-07T14:59:18.700Z,test-control,microsoft1es,,,2025-10-07T14:59:18.700Z,0.522200,0.097600,0.800000,0.102400,1.3725,1536,2816.7
microsoft1es@2025-10-07T16:08:46.837Z,test-control,microsoft1es,,,2025-10-07T16:08:46.837Z,0.611500,0.099000,0.788300,0.112700,1.3557,1536,2786.2
microsoft1es@2025-10-07T17:26:26.441Z,test-control,microsoft1es,,,2025-10-07T17:26:26.441Z,0.589400,0.110800,0.775700,0.113500,1.3622,1536,2890.2
microsoft1es@2025-10-07T18:37:06.866Z,test-control,microsoft1es,,,2025-10-07T18:37:06.866Z,0.662000,0.101500,0.783800,0.114600,1.3070,1536,2820.5
microsoft1es@2025-10-07T19:46:22.291Z,test-control,microsoft1es,,,2025-10-07T19:46:22.291Z,0.641100,0.107500,0.775700,0.116800,1.3634,1536,2839.4
microsoft1es@2025-10-07T20:50:25.835Z,test-control,microsoft1es,,,2025-10-07T20:50:25.835Z,0.643600,0.101200,0.781400,0.117400,1.2961,1536,2824.2
microsoft1es@2025-10-07T21:59:02.073Z,test-control,microsoft1es,,,2025-10-07T21:59:02.073Z,0.574900,0.122700,0.757700,0.119500,1.4083,1536,2792.6
microsoft1es@2025-10-07T23:00:04.698Z,test-control,microsoft1es,,,2025-10-07T23:00:04.698Z,0.607100,0.145000,0.729900,0.125100,1.3442,1536,2778.7
microsoft1es@2025-10-08T00:18:38.673Z,test-control,microsoft1es,,,2025-10-08T00:18:38.673Z,0.619600,0.123300,0.764000,0.112700,1.3759,1536,2805.7
microsoft1es@2025-10-08T01:18:40.724Z,test-control,microsoft1es,,,2025-10-08T01:18:40.724Z,0.528000,0.110300,0.756100,0.133600,1.2958,1536,2825.9
microsoft1es@2025-10-08T02:26:42.628Z,test-control,microsoft1es,,,2025-10-08T02:26:42.628Z,0.510900,0.115500,0.752200,0.132400,1.3456,1536,2804.4
microsoft1es@2025-10-08T03:28:09.609Z,test-control,microsoft1es,,,2025-10-08T03:28:09.609Z,0.579700,0.117400,0.738900,0.143600,1.4528,1536,2818.6
microsoft1es@2025-10-08T04:47:37.834Z,test-control,microsoft1es,,,2025-10-08T04:47:37.834Z,0.625100,0.116400,0.761600,0.122000,1.4561,1536,2802.3
microsoft1es@2025-10-08T05:57:29.085Z,test-control,microsoft1es,,,2025-10-08T05:57:29.085Z,0.581900,0.100100,0.761500,0.138400,1.3896,1536,2782.9
microsoft1es@2025-10-08T07:08:34.822Z,test-control,microsoft1es,,,2025-10-08T07:08:34.822Z,0.578000,0.103800,0.754800,0.141500,1.3878,1536,2794.6
microsoft1es@2025-10-08T08:15:11.507Z,test-control,microsoft1es,,,2025-10-08T08:15:11.507Z,0.599400,0.098300,0.760600,0.141100,1.4934,1536,2784.2
microsoft1es@2025-10-08T09:15:56.911Z,test-control,microsoft1es,,,2025-10-08T09:15:56.911Z,0.578700,0.103000,0.772700,0.124300,1.3878,1536,2779.6
microsoft1es@2025-10-08T10:20:06.369Z,test-control,microsoft1es,,,2025-10-08T10:20:06.369Z,0.581700,0.101200,0.776200,0.122500,1.3823,1536,2764.1
microsoft1es@2025-10-08T11:21:27.473Z,test-control,microsoft1es,,,2025-10-08T11:21:27.473Z,0.583400,0.115300,0.760900,0.123700,1.4115,1536,2781.8
microsoft1es@2025-10-08T12:22:44.570Z,test-control,microsoft1es,,,2025-10-08T12:22:44.570Z,0.518400,0.099200,0.772900,0.127900,1.2851,1536,2782.0
microsoft1es@2025-10-08T13:33:25.519Z,test-control,microsoft1es,,,2025-10-08T13:33:25.519Z,0.523100,0.102500,0.770100,0.127500,1.3333,1536,2765.4
microsoft1es@2025-10-08T14:33:37.210Z,test-control,microsoft1es,,,2025-10-08T14:33:37.210Z,0.481900,0.100200,0.771900,0.127900,1.3015,1536,2803.0
microsoft1es@2025-10-08T15:35:46.264Z,test-control,microsoft1es,,,2025-10-08T15:35:46.264Z,0.498300,0.102300,0.770400,0.127300,1.3076,1536,2796.5
microsoft1es@2025-10-08T16:45:39.288Z,test-control,microsoft1es,,,2025-10-08T16:45:39.288Z,0.539600,0.103100,0.763600,0.133300,1.2890,1536,2798.4
microsoft1es@2025-10-08T17:50:03.751Z,test-control,microsoft1es,,,2025-10-08T17:50:03.751Z,0.700300,0.099400,0.770900,0.129800,1.3523,1536,2784.6
microsoft1es@2025-10-08T18:55:26.669Z,test-control,microsoft1es,,,2025-10-08T18:55:26.669Z,0.666200,0.100400,0.763100,0.136500,1.2951,1536,2813.8
microsoft1es@2025-10-08T20:07:26.734Z,test-control,microsoft1es,,,2025-10-08T20:07:26.734Z,0.615100,0.113600,0.739800,0.146600,1.3111,1536,2837.4
microsoft1es@2025-10-08T21:09:52.767Z,test-control,microsoft1es,,,2025-10-08T21:09:52.767Z,0.618100,0.106300,0.752000,0.141700,1.3023,1536,2865.2
microsoft1es@2025-10-08T22:31:06.623Z,test-control,microsoft1es,,,2025-10-08T22:31:06.623Z,0.512400,0.114100,0.754300,0.131600,1.3079,1536,2796.5
microsoft1es@2025-10-08T23:44:17.834Z,test-control,microsoft1es,,,2025-10-08T23:44:17.834Z,0.568400,0.130500,0.755500,0.114000,1.1793,1536,2782.9
microsoft1es@2025-10-09T00:44:32.606Z,test-control,microsoft1es,,,2025-10-09T00:44:32.606Z,0.571000,0.140000,0.737600,0.122300,1.3190,1536,2824.3
microsoft1es@2025-10-09T01:56:38.304Z,test-control,microsoft1es,,,2025-10-09T01:56:38.304Z,0.586800,0.125700,0.753100,0.121200,1.3795,1536,2833.4
microsoft1es@2025-10-09T02:58:51.472Z,test-control,microsoft1es,,,2025-10-09T02:58:51.472Z,0.583000,0.121500,0.757700,0.120800,1.3628,1536,2819.3
microsoft1es@2025-10-09T04:04:14.875Z,test-control,microsoft1es,,,2025-10-09T04:04:14.875Z,0.602300,0.126800,0.751400,0.121900,1.5662,1536,2906.4
microsoft1es@2025-10-09T05:21:40.613Z,test-control,microsoft1es,,,2025-10-09T05:21:40.613Z,0.604300,0.120700,0.726600,0.152600,1.4661,1536,2795.5
microsoft1es@2025-10-09T06:23:48.242Z,test-control,microsoft1es,,,2025-10-09T06:23:48.242Z,0.596700,0.125100,0.733900,0.141100,1.5079,1536,2733.4
microsoft1es@2025-10-09T07:29:16.139Z,test-control,microsoft1es,,,2025-10-09T07:29:16.139Z,0.577700,0.107900,0.738500,0.153600,1.4393,1536,2753.1
microsoft1es@2025-10-09T08:36:44.818Z,test-control,microsoft1es,,,2025-10-09T08:36:44.818Z,0.612900,0.106200,0.746600,0.147200,1.4583,1536,2737.7
microsoft1es@2025-10-09T09:45:05.483Z,test-control,microsoft1es,,,2025-10-09T09:45:05.483Z,0.549500,0.104000,0.762000,0.134000,1.3121,1536,2738.3
microsoft1es@2025-10-09T10:48:24.922Z,test-control,microsoft1es,,,2025-10-09T10:48:24.922Z,0.541200,0.103100,0.758400,0.138500,1.2946,1536,2738.1
microsoft1es@2025-10-09T11:49:58.906Z,test-control,microsoft1es,,,2025-10-09T11:49:58.906Z,0.519000,0.098000,0.767500,0.134500,1.2529,1536,2731.4
microsoft1es@2025-10-09T12:50:59.082Z,test-control,microsoft1es,,,2025-10-09T12:50:59.082Z,0.528800,0.105900,0.762300,0.131800,1.2465,1536,2717.5
microsoft1es@2025-10-09T14:00:35.378Z,test-control,microsoft1es,,,2025-10-09T14:00:35.378Z,0.573800,0.106700,0.755600,0.137800,1.2748,1536,2771.8
microsoft1es@2025-10-09T15:14:12.590Z,test-control,microsoft1es,,,2025-10-09T15:14:12.590Z,0.483300,0.105300,0.753500,0.141200,1.2555,1536,2734.9
microsoft1es@2025-10-09T16:17:58.789Z,test-control,microsoft1es,,,2025-10-09T16:17:58.789Z,0.559500,0.102400,0.766600,0.131000,1.2627,1536,2777.1
microsoft1es@2025-10-09T17:28:33.930Z,test-control,microsoft1es,,,2025-10-09T17:28:33.930Z,0.586400,0.097000,0.774000,0.129000,1.2766,1536,2761.7
microsoft1es@2025-10-09T18:42:16.635Z,test-control,microsoft1es,,,2025-10-09T18:42:16.635Z,0.648400,0.137600,0.727600,0.134800,1.3686,1536,2752.5
microsoft1es@2025-10-09T19:50:00.208Z,test-control,microsoft1es,,,2025-10-09T19:50:00.208Z,0.657300,0.136000,0.727900,0.136100,1.4037,1536,2744.5
microsoft1es@2025-10-09T20:50:53.449Z,test-control,microsoft1es,,,2025-10-09T20:50:53.449Z,0.627400,0.131300,0.740900,0.127800,1.3307,1536,2788.1
microsoft1es@2025-10-09T21:56:43.453Z,test-control,microsoft1es,,,2025-10-09T21:56:43.453Z,0.503100,0.122800,0.742600,0.134500,1.2992,1536,2821.0
microsoft1es@2025-10-09T23:00:42.510Z,test-control,microsoft1es,,,2025-10-09T23:00:42.510Z,0.509200,0.162200,0.703100,0.134700,1.3361,1536,2930.5
microsoft1es@2025-10-10T00:01:08.817Z,test-control,microsoft1es,,,2025-10-10T00:01:08.817Z,0.529700,0.146900,0.719000,0.134100,1.2742,1536,3350.0
microsoft1es@2025-10-10T01:01:22.592Z,test-control,microsoft1es,,,2025-10-10T01:01:22.592Z,0.493700,0.121300,0.733400,0.145300,1.2979,1536,10127.4
microsoft1es@2025-10-10T02:14:07.394Z,test-control,microsoft1es,,,2025-10-10T02:14:07.394Z,0.567800,0.127400,0.734300,0.138300,1.3445,1536,2889.8
microsoft1es@2025-10-10T03:15:08.514Z,test-control,microsoft1es,,,2025-10-10T03:15:08.514Z,0.617400,0.134900,0.744300,0.120800,1.5565,1536,2814.5
microsoft1es@2025-10-10T04:15:14.850Z,test-control,microsoft1es,,,2025-10-10T04:15:14.850Z,0.571900,0.107200,0.769500,0.123300,1.4027,1536,2861.2
microsoft1es@2025-10-10T05:18:02.253Z,test-control,microsoft1es,,,2025-10-10T05:18:02.253Z,0.554600,0.111600,0.766900,0.121500,1.3441,1536,2778.0
microsoft1es@2025-10-10T06:21:04.308Z,test-control,microsoft1es,,,2025-10-10T06:21:04.308Z,0.564000,0.115700,0.751900,0.132400,1.3623,1536,2858.2
microsoft1es@2025-10-10T07:22:13.108Z,test-control,microsoft1es,,,2025-10-10T07:22:13.108Z,0.581700,0.124100,0.747400,0.128500,1.4265,1536,2930.1
microsoft1es@2025-10-10T08:30:58.348Z,test-control,microsoft1es,,,2025-10-10T08:30:58.348Z,0.590000,0.132400,0.746400,0.121200,1.4975,1536,3013.0
microsoft1es@2025-10-10T09:44:00.590Z,test-control,microsoft1es,,,2025-10-10T09:44:00.590Z,0.573200,0.111400,0.769100,0.119500,1.3478,1536,3092.5
microsoft1es@2025-10-10T11:07:56.749Z,test-control,microsoft1es,,,2025-10-10T11:07:56.749Z,0.548400,0.117400,0.760600,0.122000,1.3477,1536,5267.4
microsoft1es@2025-10-10T12:16:29.182Z,test-control,microsoft1es,,,2025-10-10T12:16:29.182Z,0.545600,0.092000,0.793400,0.114600,1.2456,1536,8213.3
microsoft1es@2025-10-10T13:27:37.752Z,test-control,microsoft1es,,,2025-10-10T13:27:37.752Z,0.522300,0.101000,0.776100,0.123000,1.2643,1536,2830.1
microsoft1es@2025-10-10T14:33:30.809Z,test-control,microsoft1es,,,2025-10-10T14:33:30.809Z,0.495100,0.101600,0.776800,0.121600,1.2974,1536,2818.8
microsoft1es@2025-10-10T15:42:26.471Z,test-control,microsoft1es,,,2025-10-10T15:42:26.471Z,0.567300,0.097700,0.786300,0.115900,1.3166,1536,2893.9
microsoft1es@2025-10-10T17:06:01.304Z,test-control,microsoft1es,,,2025-10-10T17:06:01.304Z,0.562600,0.090900,0.799500,0.109600,1.2868,1536,2860.0
microsoft1es@2025-10-10T18:06:57.125Z,test-control,microsoft1es,,,2025-10-10T18:06:57.125Z,0.629700,0.103500,0.771900,0.124600,1.2757,1536,2849.6
microsoft1es@2025-10-10T19:16:36.885Z,test-control,microsoft1es,,,2025-10-10T19:16:36.885Z,0.630200,0.095800,0.786000,0.118200,1.3542,1536,2908.4
microsoft1es@2025-10-10T20:28:17.233Z,test-control,microsoft1es,,,2025-10-10T20:28:17.233Z,0.665400,0.111700,0.762400,0.125900,1.2971,1536,3318.2
microsoft1es@2025-10-10T21:33:26.862Z,test-control,microsoft1es,,,2025-10-10T21:33:26.862Z,0.521000,0.095000,0.782100,0.122900,1.2153,1536,4681.1
microsoft1es@2025-10-10T22:36:10.732Z,test-control,microsoft1es,,,2025-10-10T22:36:10.732Z,0.502200,0.108800,0.762800,0.128300,1.1925,1536,9466.6
microsoft1es@2025-10-10T23:42:23.610Z,test-control,microsoft1es,,,2025-10-10T23:42:23.610Z,0.473300,0.110400,0.759500,0.130100,1.2563,1536,2960.4
microsoft1es@2025-10-11T00:42:25.264Z,test-control,microsoft1es,,,2025-10-11T00:42:25.264Z,0.583100,0.117000,0.753300,0.129700,1.3528,1536,2965.5
microsoft1es@2025-10-11T01:56:27.868Z,test-control,microsoft1es,,,2025-10-11T01:56:27.868Z,0.549500,0.097400,0.780300,0.122300,1.1899,1536,3122.8
microsoft1es@2025-10-11T02:58:30.662Z,test-control,microsoft1es,,,2025-10-11T02:58:30.662Z,0.614000,0.127500,0.739600,0.132900,1.3401,1536,3359.6
microsoft1es@2025-10-11T04:12:12.910Z,test-control,microsoft1es,,,2025-10-11T04:12:12.910Z,0.586800,0.114700,0.763900,0.121500,1.3845,1536,3469.1
microsoft1es@2025-10-11T05:13:44.436Z,test-control,microsoft1es,,,2025-10-11T05:13:44.436Z,0.574200,0.097900,0.777100,0.125000,1.3298,1536,11086.7
microsoft1es@2025-10-11T06:21:04.611Z,test-control,microsoft1es,,,2025-10-11T06:21:04.611Z,0.593600,0.096100,0.781200,0.122600,1.3948,1536,2900.8
microsoft1es@2025-10-13T07:23:44.935Z,test-control,microsoft1es,,,2025-10-13T07:23:44.935Z,0.596600,0.111800,0.770100,0.118100,1.4042,1536,2853.4
microsoft1es@2025-10-13T08:30:59.521Z,test-control,microsoft1es,,,2025-10-13T08:30:59.521Z,0.637000,0.116300,0.768900,0.114800,1.3246,1536,2858.2
microsoft1es@2025-10-13T09:43:38.898Z,test-control,microsoft1es,,,2025-10-13T09:43:38.898Z,0.626600,0.110700,0.771300,0.118000,1.3012,1536,2867.8
microsoft1es@2025-10-13T11:00:55.216Z,test-control,microsoft1es,,,2025-10-13T11:00:55.216Z,0.566600,0.107600,0.777300,0.115100,1.3185,1536,2914.9
microsoft1es@2025-10-13T12:17:38.124Z,test-control,microsoft1es,,,2025-10-13T12:17:38.124Z,0.529000,0.093500,0.790700,0.115800,1.3299,1536,2877.3
microsoft1es@2025-10-13T13:24:07.450Z,test-control,microsoft1es,,,2025-10-13T13:24:07.450Z,0.497400,0.101800,0.777900,0.120300,1.3319,1536,2908.0
microsoft1es@2025-10-13T14:30:08.073Z,test-control,microsoft1es,,,2025-10-13T14:30:08.073Z,0.630200,0.115100,0.761300,0.123600,1.2977,1536,3014.7
microsoft1es@2025-10-13T15:42:30.712Z,test-control,microsoft1es,,,2025-10-13T15:42:30.712Z,0.548800,0.091600,0.790200,0.118300,1.3677,1536,3259.6
microsoft1es@2025-10-13T16:44:56.701Z,test-control,microsoft1es,,,2025-10-13T16:44:56.701Z,0.602000,0.092400,0.798000,0.109600,1.3490,1536,3329.3
microsoft1es@2025-10-13T17:46:18.946Z,test-control,microsoft1es,,,2025-10-13T17:46:18.946Z,0.625500,0.110400,0.769700,0.119800,1.4125,1536,10279.0
microsoft1es@2025-10-13T18:51:52.297Z,test-control,microsoft1es,,,2025-10-13T18:51:52.297Z,0.646800,0.098800,0.779600,0.121700,1.4057,1536,2926.9
microsoft1es@2025-10-13T20:07:43.444Z,test-control,microsoft1es,,,2025-10-13T20:07:43.444Z,0.632500,0.113500,0.774800,0.111700,1.4667,1536,2922.4
microsoft1es@2025-10-13T21:10:47.111Z,test-control,microsoft1es,,,2025-10-13T21:10:47.111Z,0.660900,0.122200,0.764600,0.113200,1.5517,1536,2916.0
microsoft1es@2025-10-13T22:13:01.910Z,test-control,microsoft1es,,,2025-10-13T22:13:01.910Z,0.527000,0.102600,0.787800,0.109600,1.4522,1536,2882.3
microsoft1es@2025-10-13T23:22:03.577Z,test-control,microsoft1es,,,2025-10-13T23:22:03.577Z,0.554300,0.113000,0.765700,0.121300,1.5242,1536,2901.7
microsoft1es@2025-10-14T00:24:01.577Z,test-control,microsoft1es,,,2025-10-14T00:24:01.577Z,0.624500,0.110200,0.782400,0.107500,1.2937,1536,2964.4
microsoft1es@2025-10-14T01:28:35.458Z,test-control,microsoft1es,,,2025-10-14T01:28:35.458Z,0.533800,0.128900,0.753500,0.117600,1.3941,1536,3176.3
microsoft1es@2025-10-14T02:29:27.128Z,test-control,microsoft1es,,,2025-10-14T02:29:27.128Z,0.560500,0.117800,0.767800,0.114400,1.5365,1536,3019.5
microsoft1es@2025-10-14T03:32:46.449Z,test-control,microsoft1es,,,2025-10-14T03:32:46.449Z,0.507900,0.104400,0.763200,0.132400,1.3813,1536,3110.1
microsoft1es@2025-10-14T04:41:48.025Z,test-control,microsoft1es,,,2025-10-14T04:41:48.025Z,0.594600,0.116900,0.761600,0.121500,1.3579,1536,10250.6
microsoft1es@2025-10-14T05:42:51.425Z,test-control,microsoft1es,,,2025-10-14T05:42:51.425Z,0.584700,0.099000,0.789000,0.112100,1.3915,1536,3385.0
microsoft1es@2025-10-14T06:46:43.526Z,test-control,microsoft1es,,,2025-10-14T06:46:43.526Z,0.576900,0.103100,0.772900,0.124000,1.4958,1536,2945.7
microsoft1es@2025-10-14T07:46:51.172Z,test-control,microsoft1es,,,2025-10-14T07:46:51.172Z,0.516400,0.102600,0.765200,0.132200,1.4926,1536,2967.2
microsoft1es@2025-10-14T08:58:16.219Z,test-control,microsoft1es,,,2025-10-14T08:58:16.219Z,0.571800,0.096800,0.779000,0.124100,1.3594,1536,3162.4
microsoft1es@2025-10-14T09:59:26.561Z,test-control,microsoft1es,,,2025-10-14T09:59:26.561Z,0.545800,0.089200,0.801200,0.109600,1.4372,1536,3156.2
microsoft1es@2025-10-14T11:17:58.023Z,test-control,microsoft1es,,,2025-10-14T11:17:58.023Z,0.537000,0.082400,0.813300,0.104300,1.4688,1536,3233.5
microsoft1es@2025-10-14T12:22:27.900Z,test-control,microsoft1es,,,2025-10-14T12:22:27.900Z,0.536000,0.089200,0.793500,0.117300,1.4152,1536,9834.4
microsoft1es@2025-10-14T13:34:13.108Z,test-control,microsoft1es,,,2025-10-14T13:34:13.108Z,0.635900,0.097600,0.784400,0.118000,1.2921,1536,2870.0
microsoft1es@2025-10-14T14:47:06.536Z,test-control,microsoft1es,,,2025-10-14T14:47:06.536Z,0.636700,0.097300,0.783000,0.119700,1.3753,1536,2837.4
microsoft1es@2025-10-14T15:49:23.691Z,test-control,microsoft1es,,,2025-10-14T15:49:23.691Z,0.677500,0.117700,0.766300,0.116000,1.2592,1536,2969.5
microsoft1es@2025-10-14T16:52:45.421Z,test-control,microsoft1es,,,2025-10-14T16:52:45.421Z,0.665800,0.110600,0.784700,0.104700,1.2715,1536,3205.5
microsoft1es@2025-10-14T17:58:03.085Z,test-control,microsoft1es,,,2025-10-14T17:58:03.085Z,0.629400,0.105900,0.772400,0.121700,1.3655,1536,3399.6
microsoft1es@2025-10-14T18:58:21.292Z,test-control,microsoft1es,,,2025-10-14T18:58:21.292Z,0.596100,0.109200,0.768000,0.122800,1.3356,1536,9593.5
microsoft1es@2025-10-14T19:58:31.559Z,test-control,microsoft1es,,,2025-10-14T19:58:31.559Z,0.591900,0.104200,0.771100,0.124700,1.3882,1536,2877.6
microsoft1es@2025-10-14T20:58:59.650Z,test-control,microsoft1es,,,2025-10-14T20:58:59.650Z,0.625300,0.115400,0.774100,0.110500,1.4680,1536,2870.0
microsoft1es@2025-10-14T22:01:58.184Z,test-control,microsoft1es,,,2025-10-14T22:01:58.184Z,0.506600,0.105000,0.775900,0.119100,1.2872,1536,2930.5
microsoft1es@2025-10-14T23:06:57.101Z,test-control,microsoft1es,,,2025-10-14T23:06:57.101Z,0.524500,0.095400,0.784700,0.119900,1.3483,1536,2812.4
microsoft1es@2025-10-15T00:07:16.822Z,test-control,microsoft1es,,,2025-10-15T00:07:16.822Z,0.546400,0.103200,0.788500,0.108200,1.2294,1536,2828.4
microsoft1es@2025-10-15T01:15:00.192Z,test-control,microsoft1es,,,2025-10-15T01:15:00.192Z,0.542300,0.108200,0.772300,0.119600,1.3687,1536,2826.9
microsoft1es@2025-10-15T02:17:28.897Z,test-control,microsoft1es,,,2025-10-15T02:17:28.897Z,0.495400,0.104000,0.778800,0.117200,1.3031,1536,3052.0
microsoft1es@2025-10-15T03:19:15.962Z,test-control,microsoft1es,,,2025-10-15T03:19:15.962Z,0.520900,0.096300,0.771500,0.132200,1.3575,1536,3023.6
microsoft1es@2025-10-15T04:19:51.853Z,test-control,microsoft1es,,,2025-10-15T04:19:51.853Z,0.605300,0.100700,0.778100,0.121200,1.3069,1536,3026.4
microsoft1es@2025-10-15T05:27:52.343Z,test-control,microsoft1es,,,2025-10-15T05:27:52.343Z,0.574100,0.084900,0.806300,0.108900,1.3326,1536,3185.0
microsoft1es@2025-10-15T06:28:09.911Z,test-control,microsoft1es,,,2025-10-15T06:28:09.911Z,0.604200,0.094200,0.776400,0.129400,1.3432,1536,10387.0
microsoft1es@2025-10-15T07:28:55.673Z,test-control,microsoft1es,,,2025-10-15T07:28:55.673Z,0.544400,0.093400,0.782500,0.124100,1.3609,1536,2957.5
microsoft1es@2025-10-15T08:31:27.615Z,test-control,microsoft1es,,,2025-10-15T08:31:27.615Z,0.568100,0.112700,0.770900,0.116400,1.4786,1536,2905.1
microsoft1es@2025-10-15T09:34:31.507Z,test-control,microsoft1es,,,2025-10-15T09:34:31.507Z,0.598900,0.136700,0.736600,0.126700,1.3568,1536,2942.6
microsoft1es@2025-10-15T10:43:30.474Z,test-control,microsoft1es,,,2025-10-15T10:43:30.474Z,0.598600,0.139200,0.734300,0.126500,1.3663,1536,2848.0
microsoft1es@2025-10-15T11:58:11.222Z,test-control,microsoft1es,,,2025-10-15T11:58:11.222Z,0.526700,0.130900,0.740200,0.128800,1.4081,1536,2847.4
microsoft1es@2025-10-15T12:58:44.539Z,test-control,microsoft1es,,,2025-10-15T12:58:44.539Z,0.636500,0.126300,0.766300,0.107400,1.2836,1536,2829.0
microsoft1es@2025-10-15T14:47:01.770Z,test-control,microsoft1es,,,2025-10-15T14:47:01.770Z,0.654700,0.094500,0.782000,0.123500,1.2467,1536,2898.0
microsoft1es@2025-10-15T15:47:21.888Z,test-control,microsoft1es,,,2025-10-15T15:47:21.888Z,0.674900,0.103100,0.785200,0.111700,1.2322,1536,2830.7
microsoft1es@2025-10-15T16:55:14.764Z,test-control,microsoft1es,,,2025-10-15T16:55:14.764Z,0.651300,0.120800,0.773700,0.105400,1.3487,1536,2863.1
microsoft1es@2025-10-15T17:59:38.053Z,test-control,microsoft1es,,,2025-10-15T17:59:38.053Z,0.606400,0.114800,0.757800,0.127400,1.4651,1536,2855.7
microsoft1es@2025-10-15T19:03:10.780Z,test-control,microsoft1es,,,2025-10-15T19:03:10.780Z,0.597500,0.092000,0.790300,0.117800,1.3167,1536,2844.9
microsoft1es@2025-10-15T20:13:16.262Z,test-control,microsoft1es,,,2025-10-15T20:13:16.262Z,0.594900,0.106000,0.767200,0.126800,1.3714,1536,2865.4
microsoft1es@2025-10-15T21:15:20.924Z,test-control,microsoft1es,,,2025-10-15T21:15:20.924Z,0.599400,0.112700,0.757100,0.130200,1.3583,1536,2920.7
microsoft1es@2025-10-15T22:15:25.643Z,test-control,microsoft1es,,,2025-10-15T22:15:25.643Z,0.497700,0.097900,0.784500,0.117700,1.2221,1536,3188.7
microsoft1es@2025-10-15T23:29:04.978Z,test-control,microsoft1es,,,2025-10-15T23:29:04.978Z,0.529600,0.102300,0.784600,0.113200,1.4314,1536,3117.1
microsoft1es@2025-10-16T00:35:27.616Z,test-control,microsoft1es,,,2025-10-16T00:35:27.616Z,0.541900,0.112500,0.757800,0.129700,1.3495,1536,4762.7
microsoft1es@2025-10-16T01:44:18.830Z,test-control,microsoft1es,,,2025-10-16T01:44:18.830Z,0.529700,0.087600,0.809500,0.102900,1.2675,1536,8307.3
microsoft1es@2025-10-16T02:50:02.628Z,test-control,microsoft1es,,,2025-10-16T02:50:02.628Z,0.551400,0.118000,0.759200,0.122800,1.3443,1536,2907.5
microsoft1es@2025-10-16T03:58:09.179Z,test-control,microsoft1es,,,2025-10-16T03:58:09.179Z,0.603000,0.110000,0.777400,0.112500,1.4264,1536,2893.2
microsoft1es@2025-10-16T04:58:11.064Z,test-control,microsoft1es,,,2025-10-16T04:58:11.064Z,0.673200,0.108500,0.776900,0.114600,1.4404,1536,2908.4
microsoft1es@2025-10-16T05:58:13.054Z,test-control,microsoft1es,,,2025-10-16T05:58:13.054Z,0.615600,0.084800,0.811200,0.104000,1.3673,1536,2899.1
microsoft1es@2025-10-16T06:58:20.551Z,test-control,microsoft1es,,,2025-10-16T06:58:20.551Z,0.601700,0.100500,0.774000,0.125500,1.4265,1536,2852.9
microsoft1es@2025-10-16T07:59:27.551Z,test-control,microsoft1es,,,2025-10-16T07:59:27.551Z,0.545300,0.094000,0.787900,0.118200,1.3861,1536,2857.7
microsoft1es@2025-10-16T09:17:50.555Z,test-control,microsoft1es,,,2025-10-16T09:17:50.555Z,0.560200,0.085100,0.800700,0.114200,1.3010,1536,2820.7
microsoft1es@2025-10-16T10:19:01.321Z,test-control,microsoft1es,,,2025-10-16T10:19:01.321Z,0.556000,0.086800,0.793100,0.120200,1.3052,1536,2856.3
microsoft1es@2025-10-16T11:22:26.355Z,test-control,microsoft1es,,,2025-10-16T11:22:26.355Z,0.554900,0.091600,0.782200,0.126200,1.2662,1536,2820.6
microsoft1es@2025-10-16T12:27:42.081Z,test-control,microsoft1es,,,2025-10-16T12:27:42.081Z,0.559900,0.092000,0.783600,0.124400,1.2821,1536,2854.3
microsoft1es@2025-10-16T13:30:48.830Z,test-control,microsoft1es,,,2025-10-16T13:30:48.830Z,0.558300,0.107000,0.753700,0.139400,1.3264,1536,3322.6
microsoft1es@2025-10-16T14:45:35.494Z,test-control,microsoft1es,,,2025-10-16T14:45:35.494Z,0.534400,0.093100,0.789900,0.117000,1.3227,1536,2982.9
microsoft1es@2025-10-16T15:47:55.085Z,test-control,microsoft1es,,,2025-10-16T15:47:55.085Z,0.562200,0.096700,0.771000,0.132400,1.3433,1536,2847.4
microsoft1es@2025-10-16T16:50:08.231Z,test-control,microsoft1es,,,2025-10-16T16:50:08.231Z,0.591900,0.100500,0.769300,0.130200,1.3349,1536,2829.1
microsoft1es@2025-10-16T17:51:45.335Z,test-control,microsoft1es,,,2025-10-16T17:51:45.335Z,0.612800,0.102500,0.757900,0.139600,1.3729,1536,2861.9
microsoft1es@2025-10-16T19:05:55.144Z,test-control,microsoft1es,,,2025-10-16T19:05:55.144Z,0.628600,0.108300,0.753800,0.137900,1.4084,1536,2888.4
microsoft1es@2025-10-16T20:14:49.171Z,test-control,microsoft1es,,,2025-10-16T20:14:49.171Z,0.640400,0.109500,0.756900,0.133600,1.4282,1536,2967.6
microsoft1es@2025-10-16T21:21:18.044Z,test-control,microsoft1es,,,2025-10-16T21:21:18.044Z,0.611200,0.106700,0.752400,0.140900,1.4151,1536,2954.4
microsoft1es@2025-10-16T23:21:19.479Z,test-control,microsoft1es,,,2025-10-16T23:21:19.479Z,0.590500,0.123300,0.748800,0.128000,1.3373,1536,2918.3
microsoft1es@2025-10-17T02:41:47.418Z,test-control,microsoft1es,,,2025-10-17T02:41:47.418Z,0.547400,0.116700,0.757900,0.125400,1.1457,1536,2998.0
microsoft1es@2025-10-17T03:53:04.619Z,test-control,microsoft1es,,,2025-10-17T03:53:04.619Z,0.501800,0.114000,0.738300,0.147700,1.3167,1536,2949.6
microsoft1es@2025-10-17T08:25:03.134Z,test-control,microsoft1es,,,2025-10-17T08:25:03.134Z,0.584100,0.112000,0.776700,0.111300,1.2921,1536,2947.2
microsoft1es@2025-10-17T17:16:10.521Z,test-control,microsoft1es,,,2025-10-17T17:16:10.521Z,0.561500,0.086900,0.805000,0.108100,1.2904,1536,2907.5
microsoft1es@2025-10-17T18:17:39.535Z,test-control,microsoft1es,,,2025-10-17T18:17:39.535Z,0.537200,0.103300,0.772500,0.124100,1.4113,1536,2902.2
microsoft1es@2025-10-17T19:30:43.331Z,test-control,microsoft1es,,,2025-10-17T19:30:43.331Z,0.503600,0.101600,0.760300,0.138100,1.2897,1536,2899.8
microsoft1es@2025-10-17T20:33:13.897Z,test-control,microsoft1es,,,2025-10-17T20:33:13.897Z,0.564900,0.108100,0.752800,0.139100,1.2675,1536,2992.1
microsoft1es@2025-10-17T21:43:27.399Z,test-control,microsoft1es,,,2025-10-17T21:43:27.399Z,0.524000,0.099500,0.765500,0.135000,1.2436,1536,4132.6
microsoft1es@2025-10-17T22:43:43.678Z,test-control,microsoft1es,,,2025-10-17T22:43:43.678Z,0.534600,0.112600,0.751500,0.136000,1.2969,1536,8015.3
microsoft1es@2025-10-17T23:44:26.625Z,test-control,microsoft1es,,,2025-10-17T23:44:26.625Z,0.632000,0.128400,0.738500,0.133100,1.3316,1536,3339.5
microsoft1es@2025-10-18T00:44:43.438Z,test-control,microsoft1es,,,2025-10-18T00:44:43.438Z,0.580600,0.114400,0.768600,0.117000,1.3701,1536,2925.2
microsoft1es@2025-10-18T01:58:28.535Z,test-control,microsoft1es,,,2025-10-18T01:58:28.535Z,0.570800,0.109500,0.777100,0.113400,1.2318,1536,2865.5
microsoft1es@2025-10-18T02:59:07.513Z,test-control,microsoft1es,,,2025-10-18T02:59:07.513Z,0.584300,0.131900,0.748800,0.119200,1.3256,1536,2868.5
microsoft1es@2025-10-18T04:04:01.516Z,test-control,microsoft1es,,,2025-10-18T04:04:01.516Z,0.599300,0.100600,0.785500,0.113900,1.4532,1536,2844.1
microsoft1es@2025-10-18T05:14:10.595Z,test-control,microsoft1es,,,2025-10-18T05:14:10.595Z,0.587100,0.107100,0.766200,0.126700,1.3876,1536,2808.6
microsoft1es@2025-10-18T06:17:41.023Z,test-control,microsoft1es,,,2025-10-18T06:17:41.023Z,0.609600,0.120500,0.752200,0.127300,1.5487,1536,2837.6
microsoft1es@2025-10-20T07:23:09.984Z,test-control,microsoft1es,,,2025-10-20T07:23:09.984Z,0.588400,0.111300,0.772000,0.116600,1.3292,1536,2797.6
microsoft1es@2025-10-20T09:01:32.387Z,test-control,microsoft1es,,,2025-10-20T09:01:32.387Z,0.616000,0.115100,0.762100,0.122800,1.3600,1536,2853.0
microsoft1es@2025-10-20T10:01:58.014Z,test-control,microsoft1es,,,2025-10-20T10:01:58.014Z,0.637000,0.114900,0.764400,0.120600,1.2865,1536,2836.1
microsoft1es@2025-10-20T11:15:58.428Z,test-control,microsoft1es,,,2025-10-20T11:15:58.428Z,0.594700,0.098700,0.784000,0.117200,1.3338,1536,2834.7
microsoft1es@2025-10-20T12:28:28.746Z,test-control,microsoft1es,,,2025-10-20T12:28:28.746Z,0.506100,0.108800,0.756200,0.134900,1.2707,1536,2843.1
microsoft1es@2025-10-20T13:31:25.536Z,test-control,microsoft1es,,,2025-10-20T13:31:25.536Z,0.497400,0.101800,0.769500,0.128700,1.3202,1536,2856.1
microsoft1es@2025-10-20T14:31:27.427Z,test-control,microsoft1es,,,2025-10-20T14:31:27.427Z,0.516900,0.119200,0.752800,0.128100,1.3534,1536,2840.2
microsoft1es@2025-10-20T15:32:15.544Z,test-control,microsoft1es,,,2025-10-20T15:32:15.544Z,0.598600,0.094200,0.781000,0.124800,1.2826,1536,2825.6
microsoft1es@2025-10-20T16:42:57.877Z,test-control,microsoft1es,,,2025-10-20T16:42:57.877Z,0.612900,0.090300,0.798000,0.111600,1.2504,1536,2841.0
microsoft1es@2025-10-20T17:45:34.279Z,test-control,microsoft1es,,,2025-10-20T17:45:34.279Z,0.664100,0.099500,0.765000,0.135400,1.3428,1536,2818.3
microsoft1es@2025-10-20T18:52:02.917Z,test-control,microsoft1es,,,2025-10-20T18:52:02.917Z,0.683400,0.102000,0.776700,0.121300,1.4150,1536,2837.8
microsoft1es@2025-10-20T19:56:45.606Z,test-control,microsoft1es,,,2025-10-20T19:56:45.606Z,0.641600,0.107100,0.767400,0.125500,1.3843,1536,2812.8
microsoft1es@2025-10-20T20:58:23.801Z,test-control,microsoft1es,,,2025-10-20T20:58:23.801Z,0.633100,0.101300,0.774800,0.123900,1.4089,1536,2834.5
microsoft1es@2025-10-20T21:59:15.788Z,test-control,microsoft1es,,,2025-10-20T21:59:15.788Z,0.555300,0.137100,0.723900,0.139000,1.3658,1536,2793.0
microsoft1es@2025-10-20T23:00:10.152Z,test-control,microsoft1es,,,2025-10-20T23:00:10.152Z,0.608600,0.107700,0.763200,0.129100,1.3095,1536,2812.7
microsoft1es@2025-10-21T00:01:15.392Z,test-control,microsoft1es,,,2025-10-21T00:01:15.392Z,0.566800,0.146500,0.731800,0.121700,1.3414,1536,2810.6
microsoft1es@2025-10-21T01:13:46.898Z,test-control,microsoft1es,,,2025-10-21T01:13:46.898Z,0.552600,0.124500,0.753100,0.122400,1.4295,1536,2817.1
microsoft1es@2025-10-21T02:14:13.348Z,test-control,microsoft1es,,,2025-10-21T02:14:13.348Z,0.562900,0.133200,0.728200,0.138600,1.3991,1536,2803.7
microsoft1es@2025-10-21T03:14:27.129Z,test-control,microsoft1es,,,2025-10-21T03:14:27.129Z,0.614100,0.110200,0.768500,0.121200,1.4492,1536,2967.7
microsoft1es@2025-10-21T04:14:37.222Z,test-control,microsoft1es,,,2025-10-21T04:14:37.222Z,0.602600,0.123100,0.751500,0.125400,1.4707,1536,2979.2
microsoft1es@2025-10-21T05:14:43.685Z,test-control,microsoft1es,,,2025-10-21T05:14:43.685Z,0.602600,0.113200,0.771700,0.115100,1.4274,1536,2913.5
microsoft1es@2025-10-21T06:15:25.992Z,test-control,microsoft1es,,,2025-10-21T06:15:25.992Z,0.633000,0.111000,0.766700,0.122200,1.5279,1536,2872.6
microsoft1es@2025-10-21T07:16:02.330Z,test-control,microsoft1es,,,2025-10-21T07:16:02.330Z,0.622600,0.113400,0.763200,0.123400,1.5070,1536,2972.9
microsoft1es@2025-10-21T08:20:10.920Z,test-control,microsoft1es,,,2025-10-21T08:20:10.920Z,0.605000,0.113900,0.758800,0.127300,1.4860,1536,2851.8
microsoft1es@2025-10-21T09:29:05.259Z,test-control,microsoft1es,,,2025-10-21T09:29:05.259Z,0.582100,0.098300,0.792600,0.109000,1.3984,1536,2934.9
microsoft1es@2025-10-21T10:29:51.148Z,test-control,microsoft1es,,,2025-10-21T10:29:51.148Z,0.581900,0.080700,0.813000,0.106300,1.3919,1536,2879.0
microsoft1es@2025-10-21T11:31:17.019Z,test-control,microsoft1es,,,2025-10-21T11:31:17.019Z,0.549600,0.078900,0.806700,0.114400,1.3434,1536,2959.7
microsoft1es@2025-10-21T12:43:46.046Z,test-control,microsoft1es,,,2025-10-21T12:43:46.046Z,0.570900,0.086500,0.802700,0.110700,1.3001,1536,2848.5
microsoft1es@2025-10-21T13:58:56.521Z,test-control,microsoft1es,,,2025-10-21T13:58:56.521Z,0.579200,0.091000,0.791200,0.117900,1.3258,1536,2828.6
microsoft1es@2025-10-21T15:03:09.218Z,test-control,microsoft1es,,,2025-10-21T15:03:09.218Z,0.519800,0.110400,0.756700,0.132900,1.3448,1536,2909.1
microsoft1es@2025-10-21T16:13:42.880Z,test-control,microsoft1es,,,2025-10-21T16:13:42.880Z,0.588200,0.099700,0.776100,0.124200,1.2053,1536,3610.8
microsoft1es@2025-10-21T17:13:47.014Z,test-control,microsoft1es,,,2025-10-21T17:13:47.014Z,0.592900,0.094800,0.779800,0.125500,1.2547,1536,5706.3
microsoft1es@2025-10-21T18:15:06.238Z,test-control,microsoft1es,,,2025-10-21T18:15:06.238Z,0.669700,0.119000,0.746200,0.134800,1.4301,1536,5766.0
microsoft1es@2025-10-21T19:15:26.748Z,test-control,microsoft1es,,,2025-10-21T19:15:26.748Z,0.661600,0.139000,0.721900,0.139200,1.3512,1536,3416.9
microsoft1es@2025-10-21T20:16:27.285Z,test-control,microsoft1es,,,2025-10-21T20:16:27.285Z,0.662000,0.118800,0.747200,0.134000,1.3530,1536,2820.1
microsoft1es@2025-10-21T21:27:14.964Z,test-control,microsoft1es,,,2025-10-21T21:27:14.964Z,0.683100,0.125900,0.734900,0.139300,1.4087,1536,2841.9
microsoft1es@2025-10-21T22:27:41.379Z,test-control,microsoft1es,,,2025-10-21T22:27:41.379Z,0.589900,0.105700,0.772500,0.121800,1.3887,1536,2812.7
microsoft1es@2025-10-21T23:28:22.253Z,test-control,microsoft1es,,,2025-10-21T23:28:22.253Z,0.641400,0.148800,0.715000,0.136100,1.3525,1536,2928.9
microsoft1es@2025-10-22T00:29:47.474Z,test-control,microsoft1es,,,2025-10-22T00:29:47.474Z,0.640100,0.115200,0.750700,0.134100,1.3741,1536,2850.8
microsoft1es@2025-10-22T01:43:50.527Z,test-control,microsoft1es,,,2025-10-22T01:43:50.527Z,0.613400,0.113000,0.750400,0.136700,1.3502,1536,2820.7
microsoft1es@2025-10-22T02:44:11.753Z,test-control,microsoft1es,,,2025-10-22T02:44:11.753Z,0.559700,0.128400,0.743200,0.128400,1.3497,1536,2806.2
microsoft1es@2025-10-22T03:52:56.864Z,test-control,microsoft1es,,,2025-10-22T03:52:56.864Z,0.601000,0.107500,0.751000,0.141400,1.4791,1536,2800.7
microsoft1es@2025-10-22T04:57:14.347Z,test-control,microsoft1es,,,2025-10-22T04:57:14.347Z,0.622100,0.106400,0.760100,0.133600,1.4683,1536,2812.6
microsoft1es@2025-10-22T06:02:46.656Z,test-control,microsoft1es,,,2025-10-22T06:02:46.656Z,0.588100,0.106600,0.764500,0.128900,1.3650,1536,2784.0
microsoft1es@2025-10-22T07:09:09.514Z,test-control,microsoft1es,,,2025-10-22T07:09:09.514Z,0.543100,0.117200,0.749600,0.133200,1.3788,1536,2848.9
microsoft1es@2025-10-22T08:17:14.392Z,test-control,microsoft1es,,,2025-10-22T08:17:14.392Z,0.550900,0.091800,0.779900,0.128300,1.3711,1536,2790.0
microsoft1es@2025-10-22T09:20:16.660Z,test-control,microsoft1es,,,2025-10-22T09:20:16.660Z,0.590900,0.089900,0.794700,0.115400,1.3926,1536,2848.2
microsoft1es@2025-10-22T10:20:55.863Z,test-control,microsoft1es,,,2025-10-22T10:20:55.863Z,0.566500,0.110400,0.762300,0.127300,1.4695,1536,2806.1
microsoft1es@2025-10-22T11:30:25.595Z,test-control,microsoft1es,,,2025-10-22T11:30:25.595Z,0.581400,0.094300,0.791700,0.114000,1.4028,1536,2802.0
microsoft1es@2025-10-22T12:42:14.701Z,test-control,microsoft1es,,,2025-10-22T12:42:14.701Z,0.573600,0.092800,0.781900,0.125300,1.2218,1536,2838.4
microsoft1es@2025-10-22T13:45:29.998Z,test-control,microsoft1es,,,2025-10-22T13:45:29.998Z,0.599800,0.098600,0.783500,0.117900,1.3035,1536,2782.1
microsoft1es@2025-10-22T14:45:33.815Z,test-control,microsoft1es,,,2025-10-22T14:45:33.815Z,0.519400,0.110600,0.752300,0.137000,1.3701,1536,2801.8
microsoft1es@2025-10-22T16:02:16.602Z,test-control,microsoft1es,,,2025-10-22T16:02:16.602Z,0.551700,0.089100,0.792700,0.118200,1.2573,1536,2811.3
microsoft1es@2025-10-22T17:14:19.591Z,test-control,microsoft1es,,,2025-10-22T17:14:19.591Z,0.596700,0.095200,0.779800,0.125000,1.3412,1536,2795.2
microsoft1es@2025-10-22T18:14:50.962Z,test-control,microsoft1es,,,2025-10-22T18:14:50.962Z,0.702900,0.132000,0.730800,0.137200,1.3930,1536,2815.5
microsoft1es@2025-10-22T19:29:27.003Z,test-control,microsoft1es,,,2025-10-22T19:29:27.003Z,0.680600,0.116300,0.757800,0.125900,1.3433,1536,2802.0
microsoft1es@2025-10-22T20:43:50.406Z,test-control,microsoft1es,,,2025-10-22T20:43:50.406Z,0.658600,0.108500,0.765600,0.125800,1.3250,1536,2798.8
microsoft1es@2025-10-22T21:44:37.189Z,test-control,microsoft1es,,,2025-10-22T21:44:37.189Z,0.546600,0.116800,0.750700,0.132400,1.3485,1536,2778.7
microsoft1es@2025-10-22T22:45:17.302Z,test-control,microsoft1es,,,2025-10-22T22:45:17.302Z,0.525600,0.107200,0.761800,0.131000,1.3777,1536,2823.7
microsoft1es@2025-10-22T23:49:37.391Z,test-control,microsoft1es,,,2025-10-22T23:49:37.391Z,0.636800,0.117100,0.757900,0.125000,1.3757,1536,2786.6
microsoft1es@2025-10-23T00:57:12.377Z,test-control,microsoft1es,,,2025-10-23T00:57:12.377Z,0.614200,0.107400,0.768400,0.124300,1.3890,1536,2817.3
microsoft1es@2025-10-23T02:03:06.245Z,test-control,microsoft1es,,,2025-10-23T02:03:06.245Z,0.596700,0.114400,0.760400,0.125200,1.3949,1536,2794.3
microsoft1es@2025-10-23T03:03:09.411Z,test-control,microsoft1es,,,2025-10-23T03:03:09.411Z,0.638200,0.128600,0.750900,0.120500,1.4651,1536,2824.1
microsoft1es@2025-10-23T04:12:53.075Z,test-control,microsoft1es,,,2025-10-23T04:12:53.075Z,0.614500,0.113300,0.749900,0.136800,1.5095,1536,2787.8
microsoft1es@2025-10-23T05:15:40.025Z,test-control,microsoft1es,,,2025-10-23T05:15:40.025Z,0.575400,0.110100,0.747400,0.142600,1.4340,1536,2785.7
microsoft1es@2025-10-23T06:29:12.587Z,test-control,microsoft1es,,,2025-10-23T06:29:12.587Z,0.586900,0.132000,0.724000,0.144000,1.5625,1536,2808.6
microsoft1es@2025-10-23T07:43:08.695Z,test-control,microsoft1es,,,2025-10-23T07:43:08.695Z,0.592000,0.112200,0.759800,0.128000,1.3771,1536,2788.5
microsoft1es@2025-10-23T08:43:24.479Z,test-control,microsoft1es,,,2025-10-23T08:43:24.479Z,0.557500,0.101400,0.763400,0.135300,1.4328,1536,2820.3
microsoft1es@2025-10-23T09:44:55.862Z,test-control,microsoft1es,,,2025-10-23T09:44:55.862Z,0.562600,0.113500,0.767300,0.119200,1.4361,1536,2893.3
microsoft1es@2025-10-23T10:49:44.584Z,test-control,microsoft1es,,,2025-10-23T10:49:44.584Z,0.570600,0.108100,0.777000,0.114900,1.4046,1536,2848.8
microsoft1es@2025-10-23T11:52:16.230Z,test-control,microsoft1es,,,2025-10-23T11:52:16.230Z,0.539800,0.104200,0.773800,0.122000,1.2578,1536,2789.8
microsoft1es@2025-10-23T12:57:48.244Z,test-control,microsoft1es,,,2025-10-23T12:57:48.244Z,0.540000,0.107900,0.760400,0.131700,1.1829,1536,2830.6
microsoft1es@2025-10-23T13:58:39.131Z,test-control,microsoft1es,,,2025-10-23T13:58:39.131Z,0.559600,0.110400,0.762200,0.127400,1.2201,1536,2815.5
microsoft1es@2025-10-23T14:59:10.914Z,test-control,microsoft1es,,,2025-10-23T14:59:10.914Z,0.548800,0.095000,0.783700,0.121300,1.2293,1536,2797.2
microsoft1es@2025-10-23T16:00:28.917Z,test-control,microsoft1es,,,2025-10-23T16:00:28.917Z,0.594100,0.088200,0.797800,0.114000,1.2393,1536,2828.2
microsoft1es@2025-10-23T17:07:11.853Z,test-control,microsoft1es,,,2025-10-23T17:07:11.853Z,0.571400,0.088600,0.795200,0.116200,1.2452,1536,2827.3
microsoft1es@2025-10-23T18:08:19.453Z,test-control,microsoft1es,,,2025-10-23T18:08:19.453Z,0.644500,0.118300,0.758100,0.123600,1.3421,1536,2804.0
microsoft1es@2025-10-23T19:09:56.644Z,test-control,microsoft1es,,,2025-10-23T19:09:56.644Z,0.621600,0.101000,0.774100,0.124800,1.3184,1536,3000.1
microsoft1es@2025-10-23T20:13:54.144Z,test-control,microsoft1es,,,2025-10-23T20:13:54.144Z,0.611800,0.114100,0.758400,0.127500,1.2935,1536,3005.5
microsoft1es@2025-10-23T21:14:48.796Z,test-control,microsoft1es,,,2025-10-23T21:14:48.796Z,0.649200,0.108200,0.778800,0.113000,1.3897,1536,2920.9
microsoft1es@2025-10-23T22:27:23.087Z,test-control,microsoft1es,,,2025-10-23T22:27:23.087Z,0.546300,0.114600,0.761700,0.123700,1.3469,1536,2902.7
microsoft1es@2025-10-23T23:29:02.442Z,test-control,microsoft1es,,,2025-10-23T23:29:02.442Z,0.540300,0.111600,0.775500,0.112900,1.5123,1536,3072.7
microsoft1es@2025-10-24T00:29:33.389Z,test-control,microsoft1es,,,2025-10-24T00:29:33.389Z,0.607600,0.103300,0.775700,0.121000,1.3831,1536,2994.2
microsoft1es@2025-10-24T01:34:47.270Z,test-control,microsoft1es,,,2025-10-24T01:34:47.270Z,0.544800,0.098800,0.798500,0.102700,1.3790,1536,2923.2
microsoft1es@2025-10-24T02:42:40.389Z,test-control,microsoft1es,,,2025-10-24T02:42:40.389Z,0.600400,0.127000,0.754500,0.118500,1.3109,1536,2869.9
microsoft1es@2025-10-24T03:44:10.223Z,test-control,microsoft1es,,,2025-10-24T03:44:10.223Z,0.572900,0.115100,0.758100,0.126800,1.4090,1536,2939.3
microsoft1es@2025-10-24T04:58:18.138Z,test-control,microsoft1es,,,2025-10-24T04:58:18.138Z,0.617400,0.109800,0.771500,0.118700,1.4597,1536,2863.5
microsoft1es@2025-10-24T06:02:57.433Z,test-control,microsoft1es,,,2025-10-24T06:02:57.433Z,0.565000,0.097000,0.795900,0.107200,1.3434,1536,2844.3
microsoft1es@2025-10-24T07:03:05.922Z,test-control,microsoft1es,,,2025-10-24T07:03:05.922Z,0.530900,0.101800,0.779300,0.118900,1.3355,1536,2819.7
microsoft1es@2025-10-24T08:17:26.992Z,test-control,microsoft1es,,,2025-10-24T08:17:26.992Z,0.579800,0.110700,0.753100,0.136200,1.3444,1536,2828.6
microsoft1es@2025-10-24T09:19:30.733Z,test-control,microsoft1es,,,2025-10-24T09:19:30.733Z,0.576000,0.102200,0.768900,0.128900,1.3653,1536,3424.3
microsoft1es@2025-10-24T10:19:53.017Z,test-control,microsoft1es,,,2025-10-24T10:19:53.017Z,0.518800,0.105300,0.760800,0.133900,1.3213,1536,3955.2
microsoft1es@2025-10-24T11:29:38.568Z,test-control,microsoft1es,,,2025-10-24T11:29:38.568Z,0.538400,0.104500,0.770000,0.125400,1.3561,1536,4969.4
microsoft1es@2025-10-24T12:42:32.057Z,test-control,microsoft1es,,,2025-10-24T12:42:32.057Z,0.533400,0.096000,0.774400,0.129700,1.2942,1536,5600.0
microsoft1es@2025-10-24T13:46:40.915Z,test-control,microsoft1es,,,2025-10-24T13:46:40.915Z,0.534200,0.108900,0.762100,0.129100,1.3030,1536,3354.3
microsoft1es@2025-10-24T14:52:31.284Z,test-control,microsoft1es,,,2025-10-24T14:52:31.284Z,0.685500,0.135400,0.749900,0.114700,1.3796,1536,2793.0
microsoft1es@2025-10-24T16:05:05.624Z,test-control,microsoft1es,,,2025-10-24T16:05:05.624Z,0.631700,0.110600,0.758300,0.131100,1.3469,1536,2823.9
microsoft1es@2025-10-24T17:14:49.690Z,test-control,microsoft1es,,,2025-10-24T17:14:49.690Z,0.566500,0.094600,0.780700,0.124800,1.3393,1536,2812.9
microsoft1es@2025-10-24T18:16:54.768Z,test-control,microsoft1es,,,2025-10-24T18:16:54.768Z,0.680200,0.109600,0.757000,0.133300,1.3247,1536,2801.9
microsoft1es@2025-10-24T19:27:45.645Z,test-control,microsoft1es,,,2025-10-24T19:27:45.645Z,0.671600,0.123000,0.742900,0.134100,1.4267,1536,2823.3
microsoft1es@2025-10-24T20:29:17.431Z,test-control,microsoft1es,,,2025-10-24T20:29:17.431Z,0.663800,0.110400,0.757200,0.132500,1.3971,1536,2816.4
microsoft1es@2025-10-24T21:29:43.095Z,test-control,microsoft1es,,,2025-10-24T21:29:43.095Z,0.657000,0.119900,0.744700,0.135400,1.3556,1536,2824.3
microsoft1es@2025-10-24T22:30:21.700Z,test-control,microsoft1es,,,2025-10-24T22:30:21.700Z,0.592200,0.113100,0.765000,0.121900,1.4074,1536,2805.3
microsoft1es@2025-10-24T23:30:23.351Z,test-control,microsoft1es,,,2025-10-24T23:30:23.351Z,0.625500,0.137100,0.738300,0.124700,1.3972,1536,2809.6
microsoft1es@2025-10-25T00:32:59.639Z,test-control,microsoft1es,,,2025-10-25T00:32:59.639Z,0.579500,0.109000,0.762000,0.129000,1.3945,1536,2781.5
microsoft1es@2025-10-25T01:42:59.625Z,test-control,microsoft1es,,,2025-10-25T01:42:59.625Z,0.643800,0.127200,0.746600,0.126300,1.4377,1536,2823.4
microsoft1es@2025-10-25T02:45:24.744Z,test-control,microsoft1es,,,2025-10-25T02:45:24.744Z,0.645500,0.134000,0.743800,0.122200,1.4643,1536,2791.5
microsoft1es@2025-10-25T03:51:23.721Z,test-control,microsoft1es,,,2025-10-25T03:51:23.721Z,0.641400,0.101700,0.771600,0.126700,1.4676,1536,2847.7
microsoft1es@2025-10-25T04:59:26.667Z,test-control,microsoft1es,,,2025-10-25T04:59:26.667Z,0.608300,0.108500,0.758300,0.133200,1.4544,1536,2818.6
microsoft1es@2025-10-25T05:59:29.516Z,test-control,microsoft1es,,,2025-10-25T05:59:29.516Z,0.631900,0.116500,0.769600,0.114000,1.4858,1536,2905.8
microsoft1es@2025-10-25T07:06:52.061Z,test-control,microsoft1es,,,2025-10-25T07:06:52.061Z,0.614300,0.135400,0.718500,0.146000,1.4500,1536,2864.7
microsoft1es@2025-10-27T07:23:34.651Z,test-control,microsoft1es,,,2025-10-27T07:23:34.651Z,0.617100,0.109500,0.774100,0.116400,1.3425,1536,2807.1
microsoft1es@2025-10-27T08:32:44.902Z,test-control,microsoft1es,,,2025-10-27T08:32:44.902Z,0.614500,0.106000,0.786600,0.107400,1.4612,1536,2825.4
microsoft1es@2025-10-27T09:35:22.854Z,test-control,microsoft1es,,,2025-10-27T09:35:22.854Z,0.573600,0.107900,0.774600,0.117400,1.3078,1536,2823.9
microsoft1es@2025-10-27T10:43:09.654Z,test-control,microsoft1es,,,2025-10-27T10:43:09.654Z,0.610700,0.097800,0.800500,0.101700,1.4877,1536,2916.5
microsoft1es@2025-10-27T11:49:26.578Z,test-control,microsoft1es,,,2025-10-27T11:49:26.578Z,0.561200,0.095300,0.781000,0.123700,1.2915,1536,2898.3
microsoft1es@2025-10-27T12:50:05.451Z,test-control,microsoft1es,,,2025-10-27T12:50:05.451Z,0.579800,0.101300,0.780700,0.118000,1.3163,1536,2893.8
microsoft1es@2025-10-27T13:59:21.803Z,test-control,microsoft1es,,,2025-10-27T13:59:21.803Z,0.575200,0.106900,0.766000,0.127100,1.2938,1536,2933.6
microsoft1es@2025-10-27T15:07:34.284Z,test-control,microsoft1es,,,2025-10-27T15:07:34.284Z,0.527200,0.115800,0.746000,0.138200,1.3895,1536,2912.9
microsoft1es@2025-10-27T16:13:10.399Z,test-control,microsoft1es,,,2025-10-27T16:13:10.399Z,0.608100,0.098700,0.774700,0.126600,1.3313,1536,2950.8
microsoft1es@2025-10-27T17:15:32.693Z,test-control,microsoft1es,,,2025-10-27T17:15:32.693Z,0.597600,0.092100,0.789800,0.118100,1.2949,1536,2925.3
microsoft1es@2025-10-27T18:15:59.251Z,test-control,microsoft1es,,,2025-10-27T18:15:59.251Z,0.682400,0.138100,0.729500,0.132400,1.4567,1536,3192.2
microsoft1es@2025-10-27T19:30:31.131Z,test-control,microsoft1es,,,2025-10-27T19:30:31.131Z,0.662500,0.116800,0.758100,0.125100,1.3712,1536,9646.2
microsoft1es@2025-10-27T20:34:37.172Z,test-control,microsoft1es,,,2025-10-27T20:34:37.172Z,0.668400,0.117500,0.750500,0.131900,1.4209,1536,4416.4
microsoft1es@2025-10-27T21:44:38.352Z,test-control,microsoft1es,,,2025-10-27T21:44:38.352Z,0.606900,0.115600,0.754900,0.129400,1.3367,1536,3239.6
microsoft1es@2025-10-27T22:45:23.089Z,test-control,microsoft1es,,,2025-10-27T22:45:23.089Z,0.575000,0.130400,0.735400,0.134200,1.3557,1536,3407.3
microsoft1es@2025-10-27T23:47:11.117Z,test-control,microsoft1es,,,2025-10-27T23:47:11.117Z,0.607000,0.120400,0.741900,0.137700,1.2916,1536,11085.4
microsoft1es@2025-10-28T00:57:35.181Z,test-control,microsoft1es,,,2025-10-28T00:57:35.181Z,0.602800,0.112700,0.758200,0.129100,1.3749,1536,2815.7
microsoft1es@2025-10-28T01:57:52.987Z,test-control,microsoft1es,,,2025-10-28T01:57:52.987Z,0.567000,0.115600,0.756500,0.127800,1.4279,1536,2804.0
microsoft1es@2025-10-28T02:59:58.871Z,test-control,microsoft1es,,,2025-10-28T02:59:58.871Z,0.632500,0.131600,0.741800,0.126700,1.3499,1536,2973.5
microsoft1es@2025-10-28T04:02:46.030Z,test-control,microsoft1es,,,2025-10-28T04:02:46.030Z,0.623300,0.105700,0.761500,0.132700,1.5191,1536,3141.9
microsoft1es@2025-10-28T05:02:51.819Z,test-control,microsoft1es,,,2025-10-28T05:02:51.819Z,0.612700,0.130000,0.730300,0.139700,1.4766,1536,10213.9
microsoft1es@2025-10-28T06:20:34.543Z,test-control,microsoft1es,,,2025-10-28T06:20:34.543Z,0.626500,0.109600,0.756100,0.134400,1.4359,1536,3150.7
microsoft1es@2025-10-28T07:20:43.340Z,test-control,microsoft1es,,,2025-10-28T07:20:43.340Z,0.612300,0.109600,0.765500,0.125000,1.3981,1536,2933.2
microsoft1es@2025-10-28T08:21:14.090Z,test-control,microsoft1es,,,2025-10-28T08:21:14.090Z,0.588300,0.102600,0.774300,0.123100,1.4524,1536,3121.6
microsoft1es@2025-10-28T09:25:33.552Z,test-control,microsoft1es,,,2025-10-28T09:25:33.552Z,0.535700,0.099600,0.780400,0.120000,1.3601,1536,3142.8
microsoft1es@2025-10-28T10:39:45.221Z,test-control,microsoft1es,,,2025-10-28T10:39:45.221Z,0.525200,0.110100,0.760300,0.129700,1.3908,1536,10862.1
microsoft1es@2025-10-28T11:53:26.372Z,test-control,microsoft1es,,,2025-10-28T11:53:26.372Z,0.541900,0.116900,0.759900,0.123200,1.3690,1536,2995.5
microsoft1es@2025-10-28T12:54:29.887Z,test-control,microsoft1es,,,2025-10-28T12:54:29.887Z,0.526600,0.106900,0.767400,0.125800,1.2064,1536,2790.6
microsoft1es@2025-10-28T14:00:25.603Z,test-control,microsoft1es,,,2025-10-28T14:00:25.603Z,0.530000,0.089900,0.798300,0.111800,1.1846,1536,2815.6
microsoft1es@2025-10-28T15:03:27.713Z,test-control,microsoft1es,,,2025-10-28T15:03:27.713Z,0.506300,0.100700,0.772100,0.127200,1.3453,1536,2888.8
microsoft1es@2025-10-28T16:05:44.333Z,test-control,microsoft1es,,,2025-10-28T16:05:44.333Z,0.619900,0.089100,0.802400,0.108500,1.2985,1536,3045.5
microsoft1es@2025-10-28T17:15:22.738Z,test-control,microsoft1es,,,2025-10-28T17:15:22.738Z,0.582400,0.100900,0.779700,0.119400,1.2794,1536,3181.2
microsoft1es@2025-10-28T18:15:25.136Z,test-control,microsoft1es,,,2025-10-28T18:15:25.136Z,0.620200,0.120700,0.757500,0.121800,1.3938,1536,2982.4
microsoft1es@2025-10-28T19:15:50.658Z,test-control,microsoft1es,,,2025-10-28T19:15:50.658Z,0.629600,0.126000,0.743100,0.130900,1.3915,1536,9297.6
microsoft1es@2025-10-28T20:17:32.341Z,test-control,microsoft1es,,,2025-10-28T20:17:32.341Z,0.645600,0.119900,0.744400,0.135700,1.3807,1536,3642.2
microsoft1es@2025-10-28T21:27:07.352Z,test-control,microsoft1es,,,2025-10-28T21:27:07.352Z,0.652800,0.113900,0.767000,0.119100,1.4383,1536,2813.8
microsoft1es@2025-10-28T22:27:52.717Z,test-control,microsoft1es,,,2025-10-28T22:27:52.717Z,0.533500,0.124800,0.753500,0.121700,1.3648,1536,2793.0
microsoft1es@2025-10-28T23:28:21.689Z,test-control,microsoft1es,,,2025-10-28T23:28:21.689Z,0.578000,0.114000,0.774300,0.111800,1.2680,1536,2819.4
microsoft1es@2025-10-29T00:29:45.223Z,test-control,microsoft1es,,,2025-10-29T00:29:45.223Z,0.617900,0.116800,0.753400,0.129800,1.3059,1536,2955.2
microsoft1es@2025-10-29T01:32:38.784Z,test-control,microsoft1es,,,2025-10-29T01:32:38.784Z,0.652200,0.132400,0.750900,0.116600,1.3986,1536,2891.9
microsoft1es@2025-10-29T02:44:53.080Z,test-control,microsoft1es,,,2025-10-29T02:44:53.080Z,0.621800,0.122700,0.744800,0.132500,1.4015,1536,2816.9
microsoft1es@2025-10-29T03:46:03.431Z,test-control,microsoft1es,,,2025-10-29T03:46:03.431Z,0.644600,0.103000,0.773100,0.123900,1.4930,1536,2785.4
microsoft1es@2025-10-29T04:47:34.522Z,test-control,microsoft1es,,,2025-10-29T04:47:34.522Z,0.621400,0.106200,0.770800,0.122900,1.4588,1536,2813.5
microsoft1es@2025-10-29T05:51:08.522Z,test-control,microsoft1es,,,2025-10-29T05:51:08.522Z,0.606100,0.089700,0.790500,0.119700,1.4362,1536,2790.7
microsoft1es@2025-10-29T06:53:11.376Z,test-control,microsoft1es,,,2025-10-29T06:53:11.376Z,0.591500,0.097800,0.771100,0.131100,1.4832,1536,2809.1
microsoft1es@2025-10-29T07:58:23.399Z,test-control,microsoft1es,,,2025-10-29T07:58:23.399Z,0.590600,0.097600,0.775700,0.126700,1.5395,1536,2938.5
microsoft1es@2025-10-29T09:02:22.189Z,test-control,microsoft1es,,,2025-10-29T09:02:22.189Z,0.615700,0.087000,0.792300,0.120700,1.4152,1536,3021.2
microsoft1es@2025-10-29T10:12:43.042Z,test-control,microsoft1es,,,2025-10-29T10:12:43.042Z,0.571100,0.091100,0.790900,0.118000,1.3393,1536,2849.3
microsoft1es@2025-10-29T11:20:55.352Z,test-control,microsoft1es,,,2025-10-29T11:20:55.352Z,0.533000,0.088500,0.799500,0.112100,1.3075,1536,2916.1
microsoft1es@2025-10-29T12:21:31.434Z,test-control,microsoft1es,,,2025-10-29T12:21:31.434Z,0.561300,0.100200,0.775700,0.124100,1.2550,1536,2865.5
microsoft1es@2025-10-29T13:29:14.749Z,test-control,microsoft1es,,,2025-10-29T13:29:14.749Z,0.541900,0.093000,0.790000,0.117100,1.2435,1536,2878.3
microsoft1es@2025-10-29T14:30:31.896Z,test-control,microsoft1es,,,2025-10-29T14:30:31.896Z,0.494500,0.095800,0.779600,0.124600,1.4041,1536,2848.7
microsoft1es@2025-10-29T15:37:25.840Z,test-control,microsoft1es,,,2025-10-29T15:37:25.840Z,0.487500,0.090200,0.783600,0.126200,1.3127,1536,2873.2
microsoft1es@2025-10-29T20:57:17.047Z,test-control,microsoft1es,,,2025-10-29T20:57:17.047Z,0.653800,0.101400,0.783900,0.114700,1.4024,1536,2804.9
microsoft1es@2025-10-29T21:59:51.663Z,test-control,microsoft1es,,,2025-10-29T21:59:51.663Z,0.689000,0.115000,0.766900,0.118100,1.2504,1536,2782.4
microsoft1es@2025-10-29T23:01:02.133Z,test-control,microsoft1es,,,2025-10-29T23:01:02.133Z,0.772300,0.103000,0.789400,0.107600,1.2506,1536,2966.7
microsoft1es@2025-10-30T00:16:17.920Z,test-control,microsoft1es,,,2025-10-30T00:16:17.920Z,0.773300,0.107100,0.776100,0.116800,1.2341,1536,3505.4
microsoft1es@2025-10-30T01:28:31.144Z,test-control,microsoft1es,,,2025-10-30T01:28:31.144Z,0.593400,0.126900,0.743600,0.129400,1.3073,1536,9971.7
microsoft1es@2025-10-30T02:29:09.573Z,test-control,microsoft1es,,,2025-10-30T02:29:09.573Z,0.602900,0.127200,0.752300,0.120500,1.3459,1536,2843.3
microsoft1es@2025-10-30T03:44:36.255Z,test-control,microsoft1es,,,2025-10-30T03:44:36.255Z,0.646800,0.103700,0.768700,0.127500,1.4739,1536,2790.8
microsoft1es@2025-10-30T04:46:53.690Z,test-control,microsoft1es,,,2025-10-30T04:46:53.690Z,0.665500,0.115500,0.763000,0.121500,1.5434,1536,2868.6
microsoft1es@2025-10-30T06:02:36.543Z,test-control,microsoft1es,,,2025-10-30T06:02:36.543Z,0.610400,0.083200,0.803900,0.112900,1.3798,1536,2842.3
microsoft1es@2025-10-30T07:10:22.028Z,test-control,microsoft1es,,,2025-10-30T07:10:22.028Z,0.561200,0.099300,0.785000,0.115700,1.3330,1536,2799.7
microsoft1es@2025-10-30T08:15:21.488Z,test-control,microsoft1es,,,2025-10-30T08:15:21.488Z,0.582400,0.096100,0.786100,0.117700,1.3421,1536,2798.9
microsoft1es@2025-10-30T09:15:27.049Z,test-control,microsoft1es,,,2025-10-30T09:15:27.049Z,0.546100,0.101300,0.782500,0.116200,1.2934,1536,2833.7
microsoft1es@2025-10-30T10:17:27.992Z,test-control,microsoft1es,,,2025-10-30T10:17:27.992Z,0.583100,0.100700,0.785000,0.114300,1.3243,1536,2787.5
microsoft1es@2025-10-30T11:27:43.349Z,test-control,microsoft1es,,,2025-10-30T11:27:43.349Z,0.578000,0.099100,0.786400,0.114400,1.3110,1536,2795.2
microsoft1es@2025-10-30T12:27:52.486Z,test-control,microsoft1es,,,2025-10-30T12:27:52.486Z,0.537200,0.095500,0.786800,0.117700,1.1564,1536,2804.0
microsoft1es@2025-10-30T13:30:49.660Z,test-control,microsoft1es,,,2025-10-30T13:30:49.660Z,0.539300,0.103300,0.776400,0.120300,1.2351,1536,2799.7
microsoft1es@2025-10-30T14:30:50.444Z,test-control,microsoft1es,,,2025-10-30T14:30:50.444Z,0.512100,0.093700,0.782300,0.124000,1.3016,1536,2774.8
microsoft1es@2025-10-30T15:33:10.026Z,test-control,microsoft1es,,,2025-10-30T15:33:10.026Z,0.583700,0.101400,0.788100,0.110500,1.2353,1536,2766.2
microsoft1es@2025-10-30T17:07:11.860Z,test-control,microsoft1es,,,2025-10-30T17:07:11.860Z,0.582400,0.091300,0.793700,0.114900,1.1953,1536,3014.3
microsoft1es@2025-10-30T18:17:01.334Z,test-control,microsoft1es,,,2025-10-30T18:17:01.334Z,0.655900,0.124300,0.734900,0.140900,1.3808,1536,2759.0
microsoft1es@2025-10-30T19:31:47.929Z,test-control,microsoft1es,,,2025-10-30T19:31:47.929Z,0.642200,0.114200,0.762600,0.123200,1.3477,1536,2787.1
microsoft1es@2025-10-30T20:34:12.695Z,test-control,microsoft1es,,,2025-10-30T20:34:12.695Z,0.628600,0.114400,0.748200,0.137400,1.3251,1536,2767.9
microsoft1es@2025-10-30T21:37:06.684Z,test-control,microsoft1es,,,2025-10-30T21:37:06.684Z,0.560700,0.092000,0.793500,0.114500,1.2056,1536,2802.8
microsoft1es@2025-10-30T22:44:00.086Z,test-control,microsoft1es,,,2025-10-30T22:44:00.086Z,0.517900,0.108500,0.762500,0.129000,1.1523,1536,2868.4
microsoft1es@2025-10-30T23:45:20.090Z,test-control,microsoft1es,,,2025-10-30T23:45:20.090Z,0.706100,0.136200,0.735600,0.128200,1.3995,1536,2892.9
microsoft1es@2025-10-31T00:46:57.936Z,test-control,microsoft1es,,,2025-10-31T00:46:57.936Z,0.623400,0.133700,0.731300,0.135100,1.2605,1536,2974.8
microsoft1es@2025-10-31T01:53:43.197Z,test-control,microsoft1es,,,2025-10-31T01:53:43.197Z,0.624200,0.133700,0.749000,0.117300,1.3479,1536,2941.4
microsoft1es@2025-10-31T02:54:34.934Z,test-control,microsoft1es,,,2025-10-31T02:54:34.934Z,0.560200,0.127500,0.738800,0.133800,1.3099,1536,2987.2
microsoft1es@2025-10-31T04:08:05.518Z,test-control,microsoft1es,,,2025-10-31T04:08:05.518Z,0.602500,0.112700,0.755300,0.131900,1.4201,1536,3237.9
microsoft1es@2025-10-31T05:16:03.969Z,test-control,microsoft1es,,,2025-10-31T05:16:03.969Z,0.611200,0.112100,0.759100,0.128800,1.4220,1536,2984.8
microsoft1es@2025-10-31T06:20:00.519Z,test-control,microsoft1es,,,2025-10-31T06:20:00.519Z,0.587600,0.112000,0.753400,0.134600,1.4516,1536,2793.2
microsoft1es@2025-10-31T07:28:00.977Z,test-control,microsoft1es,,,2025-10-31T07:28:00.977Z,0.600000,0.117300,0.749500,0.133200,1.4860,1536,2796.1
microsoft1es@2025-10-31T08:38:17.597Z,test-control,microsoft1es,,,2025-10-31T08:38:17.597Z,0.560100,0.098300,0.769200,0.132500,1.4585,1536,2793.9
microsoft1es@2025-10-31T09:39:50.044Z,test-control,microsoft1es,,,2025-10-31T09:39:50.044Z,0.599800,0.099400,0.775200,0.125400,1.1705,1536,2943.1
microsoft1es@2025-10-31T10:43:28.271Z,test-control,microsoft1es,,,2025-10-31T10:43:28.271Z,0.617100,0.101900,0.779900,0.118200,1.2350,1536,4189.6
microsoft1es@2025-10-31T12:00:19.070Z,test-control,microsoft1es,,,2025-10-31T12:00:19.070Z,0.616800,0.108900,0.774200,0.116900,1.2554,1536,8280.3
microsoft1es@2025-10-31T13:00:55.047Z,test-control,microsoft1es,,,2025-10-31T13:00:55.047Z,0.702300,0.133500,0.738500,0.128100,1.2029,1536,3140.9
microsoft1es@2025-10-31T14:04:43.902Z,test-control,microsoft1es,,,2025-10-31T14:04:43.902Z,0.648600,0.120200,0.741100,0.138700,1.3749,1536,2785.5
microsoft1es@2025-10-31T15:08:20.466Z,test-control,microsoft1es,,,2025-10-31T15:08:20.466Z,0.528800,0.118100,0.738700,0.143200,1.2209,1536,2827.1
microsoft1es@2025-10-31T16:09:05.083Z,test-control,microsoft1es,,,2025-10-31T16:09:05.083Z,0.605500,0.093800,0.791400,0.114800,1.1785,1536,2781.5
microsoft1es@2025-10-31T17:13:25.254Z,test-control,microsoft1es,,,2025-10-31T17:13:25.254Z,0.652400,0.105700,0.772400,0.122000,1.3135,1536,2801.4
microsoft1es@2025-10-31T18:17:56.528Z,test-control,microsoft1es,,,2025-10-31T18:17:56.528Z,0.657200,0.118600,0.767100,0.114300,1.3800,1536,2760.7
microsoft1es@2025-10-31T19:30:03.335Z,test-control,microsoft1es,,,2025-10-31T19:30:03.335Z,0.684300,0.119600,0.755600,0.124800,1.4331,1536,2787.7
microsoft1es@2025-10-31T20:30:16.839Z,test-control,microsoft1es,,,2025-10-31T20:30:16.839Z,0.639000,0.124000,0.753300,0.122800,1.3945,1536,2754.7
microsoft1es@2025-10-31T21:30:55.043Z,test-control,microsoft1es,,,2025-10-31T21:30:55.043Z,0.621700,0.113900,0.757700,0.128400,1.2252,1536,2802.8
microsoft1es@2025-10-31T22:42:35.842Z,test-control,microsoft1es,,,2025-10-31T22:42:35.842Z,0.547900,0.118600,0.760100,0.121300,1.3346,1536,2773.6
microsoft1es@2025-10-31T23:43:34.161Z,test-control,microsoft1es,,,2025-10-31T23:43:34.161Z,0.584300,0.108100,0.770900,0.121000,1.1841,1536,2782.9
microsoft1es@2025-11-01T00:44:15.651Z,test-control,microsoft1es,,,2025-11-01T00:44:15.651Z,0.610800,0.126400,0.735500,0.138100,1.3387,1536,2809.3
microsoft1es@2025-11-01T01:57:29.127Z,test-control,microsoft1es,,,2025-11-01T01:57:29.127Z,0.586200,0.123000,0.746800,0.130200,1.2598,1536,2826.8
microsoft1es@2025-11-01T02:59:43.008Z,test-control,microsoft1es,,,2025-11-01T02:59:43.008Z,0.586400,0.122600,0.749500,0.127900,1.2054,1536,2790.9
microsoft1es@2025-11-01T04:00:24.533Z,test-control,microsoft1es,,,2025-11-01T04:00:24.533Z,0.598600,0.094800,0.788500,0.116700,1.4359,1536,2777.3
microsoft1es@2025-11-01T05:00:43.466Z,test-control,microsoft1es,,,2025-11-01T05:00:43.466Z,0.601600,0.117800,0.757000,0.125100,1.3977,1536,2787.7
microsoft1es@2025-11-01T06:06:54.097Z,test-control,microsoft1es,,,2025-11-01T06:06:54.097Z,0.608100,0.091800,0.786300,0.121900,1.2941,1536,2804.0
microsoft1es@2025-11-01T07:08:50.505Z,test-control,microsoft1es,,,2025-11-01T07:08:50.505Z,0.573400,0.106000,0.762100,0.131900,1.4171,1536,2772.3
microsoft1es@2025-11-03T08:28:53.021Z,test-control,microsoft1es,,,2025-11-03T08:28:53.021Z,0.582600,0.144600,0.687000,0.168300,1.5439,1536,2806.4
microsoft1es@2025-11-03T09:34:28.972Z,test-control,microsoft1es,,,2025-11-03T09:34:28.972Z,0.726600,0.125400,0.759600,0.115000,1.4240,1536,2816.0
microsoft1es@2025-11-03T10:34:40.477Z,test-control,microsoft1es,,,2025-11-03T10:34:40.477Z,0.645600,0.118700,0.756500,0.124800,1.3747,1536,2795.2
microsoft1es@2025-11-03T11:45:06.123Z,test-control,microsoft1es,,,2025-11-03T11:45:06.123Z,0.642000,0.105500,0.779500,0.115000,1.3947,1536,2788.0
microsoft1es@2025-11-03T12:46:10.479Z,test-control,microsoft1es,,,2025-11-03T12:46:10.479Z,0.636000,0.119300,0.751300,0.129400,1.3569,1536,2792.3
microsoft1es@2025-11-03T13:48:10.532Z,test-control,microsoft1es,,,2025-11-03T13:48:10.532Z,0.564100,0.105200,0.764700,0.130200,1.3438,1536,2796.0
microsoft1es@2025-11-03T14:49:20.526Z,test-control,microsoft1es,,,2025-11-03T14:49:20.526Z,0.558100,0.104300,0.764000,0.131600,1.3617,1536,2786.1
microsoft1es@2025-11-03T15:49:24.372Z,test-control,microsoft1es,,,2025-11-03T15:49:24.372Z,0.579800,0.096700,0.777800,0.125500,1.2658,1536,2931.2
microsoft1es@2025-11-03T17:03:00.839Z,test-control,microsoft1es,,,2025-11-03T17:03:00.839Z,0.670100,0.099800,0.772400,0.127800,1.3961,1536,2901.0
microsoft1es@2025-11-03T18:03:04.161Z,test-control,microsoft1es,,,2025-11-03T18:03:04.161Z,0.628600,0.107400,0.755400,0.137200,1.3860,1536,2943.6
microsoft1es@2025-11-03T19:09:58.532Z,test-control,microsoft1es,,,2025-11-03T19:09:58.532Z,0.687200,0.104100,0.763700,0.132100,1.3277,1536,2823.4
microsoft1es@2025-11-03T20:15:54.752Z,test-control,microsoft1es,,,2025-11-03T20:15:54.752Z,0.662800,0.118100,0.744300,0.137600,1.3975,1536,2856.5
microsoft1es@2025-11-03T21:26:13.457Z,test-control,microsoft1es,,,2025-11-03T21:26:13.457Z,0.643800,0.124100,0.735300,0.140500,1.4186,1536,2959.5
microsoft1es@2025-11-03T22:29:54.834Z,test-control,microsoft1es,,,2025-11-03T22:29:54.834Z,0.673100,0.125600,0.734900,0.139500,1.4157,1536,2920.5
microsoft1es@2025-11-03T23:44:14.107Z,test-control,microsoft1es,,,2025-11-03T23:44:14.107Z,0.568800,0.111700,0.759100,0.129300,1.3923,1536,2866.2
microsoft1es@2025-11-04T00:45:12.738Z,test-control,microsoft1es,,,2025-11-04T00:45:12.738Z,0.685400,0.130200,0.745600,0.124100,1.4749,1536,2801.6
microsoft1es@2025-11-04T01:54:32.723Z,test-control,microsoft1es,,,2025-11-04T01:54:32.723Z,0.612500,0.115400,0.762900,0.121700,1.3858,1536,2825.5
microsoft1es@2025-11-04T03:07:54.316Z,test-control,microsoft1es,,,2025-11-04T03:07:54.316Z,0.604100,0.127500,0.740700,0.131900,1.3812,1536,2808.2
microsoft1es@2025-11-04T04:13:20.164Z,test-control,microsoft1es,,,2025-11-04T04:13:20.164Z,0.665200,0.123100,0.753600,0.123400,1.6073,1536,2969.2
microsoft1es@2025-11-04T05:13:38.402Z,test-control,microsoft1es,,,2025-11-04T05:13:38.402Z,0.637300,0.125800,0.748800,0.125500,1.5275,1536,4097.9
microsoft1es@2025-11-04T06:25:25.451Z,test-control,microsoft1es,,,2025-11-04T06:25:25.451Z,0.665800,0.100300,0.773500,0.126200,1.4670,1536,5921.8
microsoft1es@2025-11-04T07:30:04.936Z,test-control,microsoft1es,,,2025-11-04T07:30:04.936Z,0.656000,0.115700,0.740100,0.144200,1.6200,1536,4908.7
microsoft1es@2025-11-04T08:43:44.385Z,test-control,microsoft1es,,,2025-11-04T08:43:44.385Z,0.631200,0.112200,0.742100,0.145700,1.4920,1536,3844.4
microsoft1es@2025-11-04T09:44:54.202Z,test-control,microsoft1es,,,2025-11-04T09:44:54.202Z,0.572300,0.096500,0.769200,0.134300,1.5046,1536,2781.5
microsoft1es@2025-11-04T10:49:07.519Z,test-control,microsoft1es,,,2025-11-04T10:49:07.519Z,0.646900,0.106400,0.761100,0.132500,1.4274,1536,2810.3
microsoft1es@2025-11-04T11:58:18.163Z,test-control,microsoft1es,,,2025-11-04T11:58:18.163Z,0.648400,0.102400,0.771500,0.126100,1.4395,1536,2834.9
microsoft1es@2025-11-04T13:13:03.142Z,test-control,microsoft1es,,,2025-11-04T13:13:03.142Z,0.568800,0.116300,0.753000,0.130700,1.2270,1536,2789.2
microsoft1es@2025-11-04T14:13:20.064Z,test-control,microsoft1es,,,2025-11-04T14:13:20.064Z,0.546800,0.096400,0.785500,0.118100,1.2595,1536,2790.2
microsoft1es@2025-11-04T15:27:58.370Z,test-control,microsoft1es,,,2025-11-04T15:27:58.370Z,0.466900,0.113100,0.773500,0.113400,1.3830,1536,2803.8
microsoft1es@2025-11-04T16:28:07.534Z,test-control,microsoft1es,,,2025-11-04T16:28:07.534Z,0.462500,0.092400,0.780700,0.126900,1.2395,1536,2810.9
microsoft1es@2025-11-04T17:32:02.455Z,test-control,microsoft1es,,,2025-11-04T17:32:02.455Z,0.493200,0.103800,0.781900,0.114400,1.3411,1536,2807.5
microsoft1es@2025-11-04T18:33:44.068Z,test-control,microsoft1es,,,2025-11-04T18:33:44.068Z,0.502200,0.093800,0.783800,0.122300,1.2758,1536,2787.8
microsoft1es@2025-11-04T19:52:16.910Z,test-control,microsoft1es,,,2025-11-04T19:52:16.910Z,0.554200,0.109600,0.773000,0.117300,1.3405,1536,2839.6
microsoft1es@2025-11-04T20:58:12.986Z,test-control,microsoft1es,,,2025-11-04T20:58:12.986Z,0.540100,0.126700,0.744500,0.128700,1.3682,1536,2797.5
microsoft1es@2025-11-04T21:58:27.870Z,test-control,microsoft1es,,,2025-11-04T21:58:27.870Z,0.536100,0.107200,0.766800,0.126000,1.3067,1536,2806.9
microsoft1es@2025-11-04T23:14:20.119Z,test-control,microsoft1es,,,2025-11-04T23:14:20.119Z,0.553600,0.107000,0.769000,0.124100,1.3842,1536,2774.3
microsoft1es@2025-11-05T00:22:37.005Z,test-control,microsoft1es,,,2025-11-05T00:22:37.005Z,0.601200,0.121700,0.760300,0.118000,1.4388,1536,2797.7
microsoft1es@2025-11-05T01:29:11.721Z,test-control,microsoft1es,,,2025-11-05T01:29:11.721Z,0.570900,0.111000,0.751000,0.138100,1.4092,1536,2771.5
microsoft1es@2025-11-05T02:31:47.323Z,test-control,microsoft1es,,,2025-11-05T02:31:47.323Z,0.562500,0.107500,0.754900,0.137500,1.4149,1536,2788.5
microsoft1es@2025-11-05T03:49:36.082Z,test-control,microsoft1es,,,2025-11-05T03:49:36.082Z,0.587100,0.127000,0.751100,0.121800,1.4791,1536,2823.8
microsoft1es@2025-11-05T04:51:31.344Z,test-control,microsoft1es,,,2025-11-05T04:51:31.344Z,0.578000,0.097700,0.785100,0.117200,1.4187,1536,2776.1
microsoft1es@2025-11-05T06:01:33.598Z,test-control,microsoft1es,,,2025-11-05T06:01:33.598Z,0.567700,0.095600,0.787100,0.117300,1.4348,1536,2820.7
microsoft1es@2025-11-05T07:02:25.904Z,test-control,microsoft1es,,,2025-11-05T07:02:25.904Z,0.593400,0.105300,0.758600,0.136200,1.4610,1536,2769.8
microsoft1es@2025-11-05T08:04:06.881Z,test-control,microsoft1es,,,2025-11-05T08:04:06.881Z,0.543600,0.127500,0.736000,0.136500,1.5143,1536,2809.8
microsoft1es@2025-11-05T09:05:47.433Z,test-control,microsoft1es,,,2025-11-05T09:05:47.433Z,0.576600,0.109200,0.744800,0.146000,1.5273,1536,2791.2
microsoft1es@2025-11-05T10:07:35.341Z,test-control,microsoft1es,,,2025-11-05T10:07:35.341Z,0.568700,0.102000,0.751400,0.146700,1.3983,1536,2754.8
microsoft1es@2025-11-05T11:11:21.447Z,test-control,microsoft1es,,,2025-11-05T11:11:21.447Z,0.547200,0.104500,0.765200,0.130300,1.3577,1536,2982.6
microsoft1es@2025-11-05T12:20:07.194Z,test-control,microsoft1es,,,2025-11-05T12:20:07.194Z,0.555600,0.114500,0.754000,0.131400,1.3225,1536,2801.3
microsoft1es@2025-11-05T13:22:28.491Z,test-control,microsoft1es,,,2025-11-05T13:22:28.491Z,0.511000,0.094300,0.782100,0.123500,1.2765,1536,2893.1
microsoft1es@2025-11-05T14:26:18.389Z,test-control,microsoft1es,,,2025-11-05T14:26:18.389Z,0.483700,0.094700,0.781200,0.124100,1.3177,1536,2775.3
microsoft1es@2025-11-05T15:29:44.220Z,test-control,microsoft1es,,,2025-11-05T15:29:44.220Z,0.591900,0.101800,0.766400,0.131800,1.2151,1536,2789.5
microsoft1es@2025-11-05T16:32:36.872Z,test-control,microsoft1es,,,2025-11-05T16:32:36.872Z,0.576800,0.093900,0.778800,0.127300,1.3422,1536,2868.9
microsoft1es@2025-11-05T17:34:35.497Z,test-control,microsoft1es,,,2025-11-05T17:34:35.497Z,0.584300,0.094200,0.777500,0.128300,1.3471,1536,2782.7
microsoft1es@2025-11-05T18:34:35.863Z,test-control,microsoft1es,,,2025-11-05T18:34:35.863Z,0.550700,0.090200,0.782200,0.127500,1.3466,1536,2778.3
microsoft1es@2025-11-05T19:45:25.992Z,test-control,microsoft1es,,,2025-11-05T19:45:25.992Z,0.669600,0.104200,0.769200,0.126600,1.3687,1536,2790.6
microsoft1es@2025-11-05T20:45:40.126Z,test-control,microsoft1es,,,2025-11-05T20:45:40.126Z,0.650500,0.110700,0.756800,0.132600,1.3687,1536,2766.4
microsoft1es@2025-11-05T21:46:38.961Z,test-control,microsoft1es,,,2025-11-05T21:46:38.961Z,0.640700,0.096800,0.779300,0.123900,1.3465,1536,2791.1
microsoft1es@2025-11-05T22:49:45.395Z,test-control,microsoft1es,,,2025-11-05T22:49:45.395Z,0.549200,0.104300,0.771500,0.124200,1.2873,1536,2782.8
microsoft1es@2025-11-05T23:50:28.431Z,test-control,microsoft1es,,,2025-11-05T23:50:28.431Z,0.572100,0.097600,0.779500,0.122900,1.3579,1536,2901.7
microsoft1es@2025-11-06T00:50:39.913Z,test-control,microsoft1es,,,2025-11-06T00:50:39.913Z,0.589200,0.120600,0.786200,0.093100,1.3982,1536,2847.3
microsoft1es@2025-11-06T01:53:44.124Z,test-control,microsoft1es,,,2025-11-06T01:53:44.124Z,0.494600,0.110200,0.757900,0.132000,1.2200,1536,2898.4
microsoft1es@2025-11-06T02:59:54.953Z,test-control,microsoft1es,,,2025-11-06T02:59:54.953Z,0.530400,0.114800,0.758600,0.126600,1.3190,1536,2883.2
microsoft1es@2025-11-06T04:06:38.381Z,test-control,microsoft1es,,,2025-11-06T04:06:38.381Z,0.535500,0.113000,0.764400,0.122600,1.3041,1536,2822.7
microsoft1es@2025-11-06T05:14:20.568Z,test-control,microsoft1es,,,2025-11-06T05:14:20.568Z,0.527800,0.094100,0.789600,0.116300,1.3907,1536,2878.8
microsoft1es@2025-11-06T06:22:16.201Z,test-control,microsoft1es,,,2025-11-06T06:22:16.201Z,0.545000,0.103300,0.767100,0.129500,1.3539,1536,2883.8
microsoft1es@2025-11-06T07:31:45.907Z,test-control,microsoft1es,,,2025-11-06T07:31:45.907Z,0.588000,0.120300,0.747800,0.131900,1.4362,1536,2837.9
microsoft1es@2025-11-06T08:43:13.811Z,test-control,microsoft1es,,,2025-11-06T08:43:13.811Z,0.546200,0.119700,0.756000,0.124200,1.5272,1536,2825.5
microsoft1es@2025-11-06T09:51:04.518Z,test-control,microsoft1es,,,2025-11-06T09:51:04.518Z,0.577300,0.115900,0.746600,0.137500,1.4034,1536,2793.0
microsoft1es@2025-11-06T10:52:25.673Z,test-control,microsoft1es,,,2025-11-06T10:52:25.673Z,0.542400,0.100600,0.777600,0.121800,1.4177,1536,2793.9
microsoft1es@2025-11-06T11:56:53.839Z,test-control,microsoft1es,,,2025-11-06T11:56:53.839Z,0.520800,0.098600,0.783100,0.118400,1.3843,1536,2887.7
qix@2025-08-15T18:47:12.671Z,incident,qix,chalk-debug-2025,0,2025-08-15T18:47:12.671Z,0.769500,0.239400,0.633700,0.126900,1.5959,1536,5211.1
qix@2025-09-08T13:19:05.292Z,incident,qix,chalk-debug-2025,1,2025-09-08T13:19:05.292Z,0.820700,0.126100,0.762000,0.111900,1.3238,1536,2971.9
qix@2025-09-13T16:44:23.359Z,incident,qix,chalk-debug-2025,0,2025-09-13T16:44:23.359Z,0.841800,0.132300,0.754200,0.113500,1.4114,1536,2966.7
aqz23678@2025-07-27T16:45:20.608Z,incident,aqz23678,shai-hulud-1,0,2025-07-27T16:45:20.608Z,0.699700,0.261100,0.604700,0.134200,1.3694,1536,3381.2
aqz23678@2025-07-27T18:58:40.147Z,incident,aqz23678,shai-hulud-1,0,2025-07-27T18:58:40.147Z,0.702100,0.187000,0.683200,0.129700,1.3197,1536,6427.3
aqz23678@2025-07-28T05:22:27.274Z,incident,aqz23678,shai-hulud-1,0,2025-07-28T05:22:27.274Z,0.763700,0.304300,0.590800,0.105000,1.5174,1536,8239.9
aqz23678@2025-09-14T20:45:55.170Z,incident,aqz23678,shai-hulud-1,1,2025-09-14T20:45:55.170Z,0.829100,0.238100,0.641800,0.120100,1.6714,1536,3212.7
art-ws@2025-06-20T14:46:36.021Z,incident,art-ws,shai-hulud-1,0,2025-06-20T14:46:36.021Z,0.612600,0.136800,0.715300,0.147900,1.6038,1536,2809.2
art-ws@2025-06-20T15:59:02.932Z,incident,art-ws,shai-hulud-1,0,2025-06-20T15:59:02.932Z,0.600600,0.133500,0.707000,0.159500,1.5857,1536,2995.5
art-ws@2025-08-23T07:17:58.653Z,incident,art-ws,shai-hulud-1,0,2025-08-23T07:17:58.653Z,0.648200,0.141900,0.727300,0.130900,1.6538,1536,5192.0
art-ws@2025-08-23T08:50:05.842Z,incident,art-ws,shai-hulud-1,0,2025-08-23T08:50:05.842Z,0.615800,0.135800,0.722500,0.141700,1.5303,1536,4847.5
art-ws@2025-08-24T10:21:49.069Z,incident,art-ws,shai-hulud-1,0,2025-08-24T10:21:49.069Z,0.614600,0.138400,0.715200,0.146400,1.4212,1536,3987.0
art-ws@2025-08-24T11:36:40.509Z,incident,art-ws,shai-hulud-1,0,2025-08-24T11:36:40.509Z,0.607300,0.145700,0.699700,0.154600,1.4424,1536,6201.8
art-ws@2025-08-24T12:59:27.829Z,incident,art-ws,shai-hulud-1,0,2025-08-24T12:59:27.829Z,0.559500,0.148000,0.701600,0.150400,1.4409,1536,3562.6
art-ws@2025-08-24T14:05:46.172Z,incident,art-ws,shai-hulud-1,0,2025-08-24T14:05:46.172Z,0.576600,0.150000,0.705900,0.144200,1.4002,1536,2996.3
art-ws@2025-08-24T15:29:41.188Z,incident,art-ws,shai-hulud-1,0,2025-08-24T15:29:41.188Z,0.578500,0.149700,0.695200,0.155100,1.4389,1536,3054.5
art-ws@2025-08-30T18:35:51.207Z,incident,art-ws,shai-hulud-1,0,2025-08-30T18:35:51.207Z,0.678800,0.144700,0.711900,0.143400,1.4060,1536,2982.4
art-ws@2025-09-01T09:11:28.499Z,incident,art-ws,shai-hulud-1,0,2025-09-01T09:11:28.499Z,0.623100,0.119400,0.732400,0.148200,1.2570,1536,3045.3
art-ws@2025-09-13T19:29:38.169Z,incident,art-ws,shai-hulud-1,0,2025-09-13T19:29:38.169Z,0.650400,0.138000,0.709800,0.152200,1.3519,1536,2967.8
art-ws@2025-09-14T06:15:08.695Z,incident,art-ws,shai-hulud-1,0,2025-09-14T06:15:08.695Z,0.620000,0.122100,0.751200,0.126700,1.3185,1536,2990.5
art-ws@2025-09-14T08:32:43.162Z,incident,art-ws,shai-hulud-1,0,2025-09-14T08:32:43.162Z,0.600100,0.140800,0.723800,0.135400,1.4324,1536,2947.3
art-ws@2025-09-15T05:13:58.661Z,incident,art-ws,shai-hulud-1,0,2025-09-15T05:13:58.661Z,0.619300,0.106700,0.769400,0.123900,1.3238,1536,2994.7
art-ws@2025-09-15T08:39:08.818Z,incident,art-ws,shai-hulud-1,1,2025-09-15T08:39:08.818Z,0.617600,0.122900,0.730000,0.147000,1.2428,1536,2938.4
mohit_ahirwal@2025-09-15T08:21:38.198Z,incident,mohit_ahirwal,shai-hulud-1,1,2025-09-15T08:21:38.198Z,0.639200,0.119700,0.764900,0.115400,1.2622,1536,2944.3
scttcper@2025-08-31T21:28:21.451Z,incident,scttcper,shai-hulud-1,0,2025-08-31T21:28:21.451Z,0.692800,0.164100,0.701100,0.134800,1.7555,1536,3008.2
scttcper@2025-09-15T19:52:42.282Z,incident,scttcper,shai-hulud-1,1,2025-09-15T19:52:42.282Z,0.764200,0.189500,0.678800,0.131700,1.6133,1536,2986.8
scttcper@2025-09-16T05:43:50.940Z,incident,scttcper,shai-hulud-1,0,2025-09-16T05:43:50.940Z,0.729300,0.155900,0.710400,0.133800,1.6676,1536,3287.1
scttcper@2025-09-16T06:58:14.486Z,incident,scttcper,shai-hulud-1,0,2025-09-16T06:58:14.486Z,0.775200,0.113300,0.777500,0.109200,1.6604,1536,3278.8
scttcper@2025-09-16T08:03:07.766Z,incident,scttcper,shai-hulud-1,0,2025-09-16T08:03:07.766Z,0.735800,0.120500,0.762900,0.116600,1.7085,1536,5025.3
shaneholloman@2025-06-22T06:28:35.109Z,incident,shaneholloman,shai-hulud-1,0,2025-06-22T06:28:35.109Z,0.494200,0.178500,0.687000,0.134500,1.4257,1536,4536.7
shaneholloman@2025-06-22T07:41:06.779Z,incident,shaneholloman,shai-hulud-1,0,2025-06-22T07:41:06.779Z,0.499100,0.184000,0.671700,0.144300,1.3869,1536,3531.9
shaneholloman@2025-09-14T18:35:09.651Z,incident,shaneholloman,shai-hulud-1,1,2025-09-14T18:35:09.651Z,0.699200,0.167500,0.699800,0.132700,1.6721,1536,3548.2
teselagen-admin@2025-06-10T19:30:51.074Z,incident,teselagen-admin,shai-hulud-1,0,2025-06-10T19:30:51.074Z,0.575000,0.160500,0.712400,0.127000,1.3916,1536,7556.1
teselagen-admin@2025-09-14T21:01:44.148Z,incident,teselagen-admin,shai-hulud-1,1,2025-09-14T21:01:44.148Z,0.596000,0.147100,0.691100,0.161800,1.2025,1536,3340.3
teselagen-admin@2025-09-16T02:33:05.866Z,incident,teselagen-admin,shai-hulud-1,1,2025-09-16T02:33:05.866Z,0.560400,0.141000,0.696000,0.163000,1.3390,1536,4303.0
thangved02@2025-06-21T10:16:08.755Z,incident,thangved02,shai-hulud-1,0,2025-06-21T10:16:08.755Z,0.661300,0.197400,0.680700,0.121900,1.3979,1536,3892.3
thangved02@2025-06-24T03:47:27.109Z,incident,thangved02,shai-hulud-1,0,2025-06-24T03:47:27.109Z,0.702400,0.184900,0.688800,0.126300,1.3269,1536,3698.7
thangved02@2025-07-02T07:23:41.065Z,incident,thangved02,shai-hulud-1,0,2025-07-02T07:23:41.065Z,0.690000,0.193100,0.669900,0.137100,1.2582,1536,3799.0
thangved02@2025-07-03T08:06:39.993Z,incident,thangved02,shai-hulud-1,0,2025-07-03T08:06:39.993Z,0.740700,0.231100,0.602900,0.166000,1.2724,1536,3440.8
thangved02@2025-07-04T03:48:16.072Z,incident,thangved02,shai-hulud-1,0,2025-07-04T03:48:16.072Z,0.703000,0.212400,0.655600,0.132000,1.3399,1536,3278.3
thangved02@2025-07-04T07:26:25.116Z,incident,thangved02,shai-hulud-1,0,2025-07-04T07:26:25.116Z,0.675200,0.194800,0.665300,0.140000,1.2961,1536,3133.5
thangved02@2025-09-05T01:12:26.006Z,incident,thangved02,shai-hulud-1,0,2025-09-05T01:12:26.006Z,0.740500,0.203500,0.638900,0.157600,1.2177,1536,3177.1
thangved02@2025-09-05T02:44:34.286Z,incident,thangved02,shai-hulud-1,0,2025-09-05T02:44:34.286Z,0.739200,0.195600,0.645100,0.159300,1.2273,1536,2978.0
thangved02@2025-09-10T08:39:39.491Z,incident,thangved02,shai-hulud-1,0,2025-09-10T08:39:39.491Z,0.732800,0.221500,0.615000,0.163500,1.2885,1536,5262.5
thangved02@2025-09-14T20:31:41.794Z,incident,thangved02,shai-hulud-1,1,2025-09-14T20:31:41.794Z,0.787000,0.169200,0.697600,0.133200,1.4966,1536,5981.9
thangved02@2025-09-16T01:51:59.355Z,incident,thangved02,shai-hulud-1,1,2025-09-16T01:51:59.355Z,0.691900,0.237800,0.624400,0.137800,1.3446,1536,3116.9
vamsi3293@2025-09-15T04:54:49.223Z,incident,vamsi3293,shai-hulud-1,1,2025-09-15T04:54:49.223Z,0.781400,0.313200,0.549800,0.137000,1.5192,1536,7499.5
vamsi3293@2025-09-16T07:41:40.934Z,incident,vamsi3293,shai-hulud-1,1,2025-09-16T07:41:40.934Z,0.792200,0.363900,0.487400,0.148700,1.6958,1536,6712.2
alexadark@2025-11-24T15:53:19.114Z,incident,alexadark,shai-hulud-2,1,2025-11-24T15:53:19.114Z,0.682900,0.158200,0.718200,0.123600,1.7049,1536,3190.8
barbarosso@2025-11-24T07:44:38.004Z,incident,barbarosso,shai-hulud-2,1,2025-11-24T07:44:38.004Z,0.743600,0.222300,0.631100,0.146600,1.6411,1536,2821.7
baroned1707@2025-11-24T05:21:35.955Z,incident,baroned1707,shai-hulud-2,1,2025-11-24T05:21:35.955Z,0.783100,0.390800,0.502300,0.106900,1.6797,1536,2801.6
dustintownsend@2025-11-24T17:54:19.797Z,incident,dustintownsend,shai-hulud-2,1,2025-11-24T17:54:19.797Z,0.606400,0.213700,0.598300,0.188000,1.2918,1536,3226.8
dustintownsend@2025-12-03T03:37:05.169Z,incident,dustintownsend,shai-hulud-2,0,2025-12-03T03:37:05.169Z,0.578200,0.219700,0.625100,0.155200,1.3090,1536,3300.0
linux_china@2025-11-24T05:43:11.803Z,incident,linux_china,shai-hulud-2,1,2025-11-24T05:43:11.803Z,0.655600,0.182600,0.644600,0.172700,1.2012,1536,5156.4
osmanekrem@2025-11-24T09:12:49.964Z,incident,osmanekrem,shai-hulud-2,1,2025-11-24T09:12:49.964Z,0.593800,0.152400,0.690200,0.157400,1.6059,1536,7524.1
productdevbook@2025-11-24T16:44:15.303Z,incident,productdevbook,shai-hulud-2,1,2025-11-24T16:44:15.303Z,0.529400,0.080300,0.776000,0.143800,1.4074,1536,4497.3
productdevbook@2025-11-24T20:39:11.861Z,incident,productdevbook,shai-hulud-2,1,2025-11-24T20:39:11.861Z,0.526400,0.105400,0.690000,0.204600,1.6460,1536,3458.2
prosenjit-itobuz@2025-11-24T09:22:37.226Z,incident,prosenjit-itobuz,shai-hulud-2,1,2025-11-24T09:22:37.226Z,0.754300,0.225400,0.691100,0.083600,1.3769,1536,3116.3
pruthvi21@2025-11-24T11:18:40.226Z,incident,pruthvi21,shai-hulud-2,1,2025-11-24T11:18:40.226Z,0.792500,0.180200,0.680000,0.139800,1.5780,1536,3147.4
sameepsi@2025-11-24T16:51:26.002Z,incident,sameepsi,shai-hulud-2,1,2025-11-24T16:51:26.002Z,0.736000,0.237100,0.634700,0.128300,1.4477,1536,2996.2
scgscorp@2025-11-24T05:17:17.919Z,incident,scgscorp,shai-hulud-2,1,2025-11-24T05:17:17.919Z,0.592600,0.127900,0.744800,0.127300,1.4841,1536,3279.7
tiaanduplessis@2025-11-24T10:04:48.820Z,incident,tiaanduplessis,shai-hulud-2,1,2025-11-24T10:04:48.820Z,0.836300,0.257800,0.599500,0.142700,1.9209,1536,6656.9
trigo-admin@2025-11-24T07:51:19.264Z,incident,trigo-admin,shai-hulud-2,1,2025-11-24T07:51:19.264Z,0.615400,0.129700,0.740100,0.130100,1.3117,1536,4916.0
vasudev_arya@2025-11-24T10:26:44.982Z,incident,vasudev_arya,shai-hulud-2,1,2025-11-24T10:26:44.982Z,0.601900,0.169100,0.662400,0.168500,1.5085,1536,5342.7
victoriaxaoquyet@2025-11-24T15:48:54.676Z,incident,victoriaxaoquyet,shai-hulud-2,1,2025-11-24T15:48:54.676Z,0.747200,0.295000,0.567800,0.137200,1.2512,1536,2763.4
xiaojiannpm@2025-11-24T05:35:00.105Z,incident,xiaojiannpm,shai-hulud-2,1,2025-11-24T05:35:00.105Z,0.772400,0.159200,0.729500,0.111300,1.4211,1536,2841.6
xiaojiannpm@2025-11-24T06:45:59.489Z,incident,xiaojiannpm,shai-hulud-2,1,2025-11-24T06:45:59.489Z,0.791200,0.128900,0.765600,0.105500,1.4671,1536,2792.9
xiaojiannpm@2025-11-24T09:17:11.073Z,incident,xiaojiannpm,shai-hulud-2,1,2025-11-24T09:17:11.073Z,0.798400,0.121900,0.774700,0.103400,1.5098,1536,2844.4
zeallat@2025-08-14T11:50:28.085Z,incident,zeallat,shai-hulud-2,0,2025-08-14T11:50:28.085Z,0.728600,0.361100,0.558500,0.080400,1.6892,1536,2781.4
zeallat@2025-08-29T06:21:44.958Z,incident,zeallat,shai-hulud-2,0,2025-08-29T06:21:44.958Z,0.817200,0.282300,0.628100,0.089600,1.5465,1536,2823.0
zeallat@2025-09-14T10:52:25.218Z,incident,zeallat,shai-hulud-2,0,2025-09-14T10:52:25.218Z,0.816200,0.321900,0.578000,0.100100,1.6184,1536,2942.1
zeallat@2025-09-15T08:16:47.397Z,incident,zeallat,shai-hulud-2,0,2025-09-15T08:16:47.397Z,0.799500,0.317500,0.582400,0.100100,1.6587,1536,2954.6
zeallat@2025-09-17T01:00:34.875Z,incident,zeallat,shai-hulud-2,0,2025-09-17T01:00:34.875Z,0.825100,0.314700,0.594700,0.090600,1.6067,1536,2946.9
zeallat@2025-09-18T04:36:25.536Z,incident,zeallat,shai-hulud-2,0,2025-09-18T04:36:25.536Z,0.824000,0.310500,0.595800,0.093700,1.6395,1536,2896.5
zeallat@2025-09-19T11:32:42.686Z,incident,zeallat,shai-hulud-2,0,2025-09-19T11:32:42.686Z,0.822300,0.331500,0.569100,0.099400,1.7347,1536,2938.4
zeallat@2025-09-20T12:06:32.026Z,incident,zeallat,shai-hulud-2,0,2025-09-20T12:06:32.026Z,0.828000,0.308200,0.597300,0.094500,1.5637,1536,2913.3
zeallat@2025-09-20T14:31:00.403Z,incident,zeallat,shai-hulud-2,0,2025-09-20T14:31:00.403Z,0.814400,0.346100,0.551400,0.102500,1.6305,1536,2973.1
zeallat@2025-11-03T09:08:41.921Z,incident,zeallat,shai-hulud-2,0,2025-11-03T09:08:41.921Z,0.858400,0.308800,0.595300,0.095900,1.4219,1536,2905.5
zeallat@2025-11-04T04:38:15.235Z,incident,zeallat,shai-hulud-2,0,2025-11-04T04:38:15.235Z,0.841400,0.244900,0.668100,0.087000,1.5697,1536,2982.1
zeallat@2025-11-04T05:54:53.381Z,incident,zeallat,shai-hulud-2,0,2025-11-04T05:54:53.381Z,0.808400,0.298000,0.602900,0.099100,1.5859,1536,2919.9
zeallat@2025-11-04T07:11:35.831Z,incident,zeallat,shai-hulud-2,0,2025-11-04T07:11:35.831Z,0.809200,0.326800,0.571700,0.101500,1.5780,1536,2933.5
zeallat@2025-11-04T08:22:13.742Z,incident,zeallat,shai-hulud-2,0,2025-11-04T08:22:13.742Z,0.814800,0.329000,0.569500,0.101500,1.5798,1536,2936.4
zeallat@2025-11-04T09:40:50.279Z,incident,zeallat,shai-hulud-2,0,2025-11-04T09:40:50.279Z,0.815300,0.281100,0.613600,0.105300,1.5556,1536,2914.8
zeallat@2025-11-04T10:46:32.323Z,incident,zeallat,shai-hulud-2,0,2025-11-04T10:46:32.323Z,0.800100,0.281600,0.608000,0.110300,1.5743,1536,2934.9
zeallat@2025-11-04T12:06:14.490Z,incident,zeallat,shai-hulud-2,0,2025-11-04T12:06:14.490Z,0.796500,0.306900,0.592100,0.101000,1.5633,1536,3082.9
zeallat@2025-11-13T05:23:49.313Z,incident,zeallat,shai-hulud-2,0,2025-11-13T05:23:49.313Z,0.810400,0.277700,0.626800,0.095500,1.5130,1536,2972.7
zeallat@2025-11-14T12:25:22.208Z,incident,zeallat,shai-hulud-2,0,2025-11-14T12:25:22.208Z,0.799200,0.234700,0.674600,0.090700,1.5758,1536,2976.7
zeallat@2025-11-24T03:26:30.212Z,incident,zeallat,shai-hulud-2,1,2025-11-24T03:26:30.212Z,0.785200,0.202100,0.708300,0.089600,1.6748,1536,3000.2
microsoft1es@2025-11-06T13:11:42.386Z,test-control,microsoft1es,,,2025-11-06T13:11:42.386Z,0.533000,0.113100,0.749700,0.137200,1.3381,1536,3240.4
microsoft1es@2025-11-06T14:21:29.820Z,test-control,microsoft1es,,,2025-11-06T14:21:29.820Z,0.560600,0.101800,0.770600,0.127600,1.2878,1536,3031.8
microsoft1es@2025-11-06T15:39:26.072Z,test-control,microsoft1es,,,2025-11-06T15:39:26.072Z,0.483800,0.094100,0.774500,0.131400,1.2984,1536,3213.2
microsoft1es@2025-11-06T16:41:01.332Z,test-control,microsoft1es,,,2025-11-06T16:41:01.332Z,0.529900,0.092900,0.781100,0.126000,1.3176,1536,3029.1
microsoft1es@2025-11-06T17:44:15.337Z,test-control,microsoft1es,,,2025-11-06T17:44:15.337Z,0.579000,0.098100,0.774400,0.127600,1.3496,1536,3117.5
microsoft1es@2025-11-06T18:44:28.575Z,test-control,microsoft1es,,,2025-11-06T18:44:28.575Z,0.618300,0.102700,0.772600,0.124700,1.3241,1536,3013.3
microsoft1es@2025-11-06T19:45:26.279Z,test-control,microsoft1es,,,2025-11-06T19:45:26.279Z,0.635400,0.109700,0.767100,0.123100,1.3529,1536,3156.8
microsoft1es@2025-11-06T20:47:24.486Z,test-control,microsoft1es,,,2025-11-06T20:47:24.486Z,0.665300,0.115000,0.765600,0.119300,1.3625,1536,3017.4
microsoft1es@2025-11-06T21:49:35.499Z,test-control,microsoft1es,,,2025-11-06T21:49:35.499Z,0.658600,0.134300,0.738300,0.127400,1.3748,1536,3602.7
microsoft1es@2025-11-06T22:50:48.400Z,test-control,microsoft1es,,,2025-11-06T22:50:48.400Z,0.528100,0.123600,0.750100,0.126300,1.3222,1536,7136.1
microsoft1es@2025-11-06T23:53:48.196Z,test-control,microsoft1es,,,2025-11-06T23:53:48.196Z,0.621300,0.125800,0.721800,0.152400,1.3373,1536,7053.1
microsoft1es@2025-11-07T00:56:05.375Z,test-control,microsoft1es,,,2025-11-07T00:56:05.375Z,0.580200,0.125300,0.732400,0.142400,1.3550,1536,3093.9
microsoft1es@2025-11-07T01:57:25.928Z,test-control,microsoft1es,,,2025-11-07T01:57:25.928Z,0.494900,0.115100,0.759300,0.125700,1.3041,1536,2978.5
microsoft1es@2025-11-07T03:06:18.698Z,test-control,microsoft1es,,,2025-11-07T03:06:18.698Z,0.538100,0.126100,0.753900,0.120000,1.3404,1536,3666.5
microsoft1es@2025-11-07T04:06:51.779Z,test-control,microsoft1es,,,2025-11-07T04:06:51.779Z,0.539300,0.142000,0.738200,0.119800,1.3729,1536,5930.9
microsoft1es@2025-11-07T05:13:05.902Z,test-control,microsoft1es,,,2025-11-07T05:13:05.902Z,0.585900,0.100800,0.776500,0.122700,1.3701,1536,5004.5
microsoft1es@2025-11-07T06:16:49.944Z,test-control,microsoft1es,,,2025-11-07T06:16:49.944Z,0.587500,0.100200,0.772400,0.127400,1.3600,1536,6112.5
microsoft1es@2025-11-07T07:22:06.778Z,test-control,microsoft1es,,,2025-11-07T07:22:06.778Z,0.595400,0.107100,0.761900,0.131000,1.4538,1536,3347.2
microsoft1es@2025-11-07T08:34:35.968Z,test-control,microsoft1es,,,2025-11-07T08:34:35.968Z,0.580700,0.105200,0.778000,0.116800,1.4777,1536,3042.4
microsoft1es@2025-11-07T09:38:05.187Z,test-control,microsoft1es,,,2025-11-07T09:38:05.187Z,0.551500,0.096200,0.769400,0.134400,1.4522,1536,2855.7
microsoft1es@2025-11-07T10:43:18.246Z,test-control,microsoft1es,,,2025-11-07T10:43:18.246Z,0.584100,0.112200,0.757600,0.130200,1.3506,1536,2843.4
microsoft1es@2025-11-07T11:45:16.795Z,test-control,microsoft1es,,,2025-11-07T11:45:16.795Z,0.558400,0.113500,0.757000,0.129500,1.3878,1536,2812.1
microsoft1es@2025-11-07T12:54:19.387Z,test-control,microsoft1es,,,2025-11-07T12:54:19.387Z,0.571200,0.098100,0.782200,0.119700,1.3387,1536,2923.9
microsoft1es@2025-11-07T14:00:58.335Z,test-control,microsoft1es,,,2025-11-07T14:00:58.335Z,0.511900,0.090200,0.797000,0.112800,1.2887,1536,2887.8
microsoft1es@2025-11-07T15:06:12.251Z,test-control,microsoft1es,,,2025-11-07T15:06:12.251Z,0.475200,0.110400,0.767400,0.122100,1.3320,1536,2868.8
microsoft1es@2025-11-07T16:07:20.351Z,test-control,microsoft1es,,,2025-11-07T16:07:20.351Z,0.525700,0.107300,0.758700,0.134000,1.3261,1536,2916.9
microsoft1es@2025-11-07T17:16:07.104Z,test-control,microsoft1es,,,2025-11-07T17:16:07.104Z,0.549900,0.087800,0.800300,0.111900,1.2653,1536,4068.2
microsoft1es@2025-11-07T18:17:54.413Z,test-control,microsoft1es,,,2025-11-07T18:17:54.413Z,0.557200,0.094900,0.791100,0.113900,1.2836,1536,9433.2
microsoft1es@2025-11-07T19:21:13.249Z,test-control,microsoft1es,,,2025-11-07T19:21:13.249Z,0.607100,0.101200,0.776400,0.122400,1.3554,1536,4195.6
microsoft1es@2025-11-07T20:23:35.343Z,test-control,microsoft1es,,,2025-11-07T20:23:35.343Z,0.613400,0.103500,0.771700,0.124800,1.2963,1536,2976.5
microsoft1es@2025-11-07T21:24:47.465Z,test-control,microsoft1es,,,2025-11-07T21:24:47.465Z,0.628900,0.100800,0.786300,0.112900,1.3690,1536,2935.6
microsoft1es@2025-11-07T22:30:44.349Z,test-control,microsoft1es,,,2025-11-07T22:30:44.349Z,0.599000,0.100100,0.780800,0.119100,1.3137,1536,6533.6
microsoft1es@2025-11-07T23:40:15.636Z,test-control,microsoft1es,,,2025-11-07T23:40:15.636Z,0.518100,0.097400,0.784900,0.117700,1.2974,1536,7849.3
microsoft1es@2025-11-08T00:40:25.631Z,test-control,microsoft1es,,,2025-11-08T00:40:25.631Z,0.670500,0.116500,0.755400,0.128000,1.2966,1536,3145.7
microsoft1es@2025-11-08T01:40:43.816Z,test-control,microsoft1es,,,2025-11-08T01:40:43.816Z,0.622700,0.117300,0.766800,0.115900,1.3074,1536,2824.2
microsoft1es@2025-11-08T02:45:56.365Z,test-control,microsoft1es,,,2025-11-08T02:45:56.365Z,0.570800,0.131800,0.739100,0.129100,1.2909,1536,2830.9
microsoft1es@2025-11-08T03:48:08.024Z,test-control,microsoft1es,,,2025-11-08T03:48:08.024Z,0.596300,0.137200,0.742100,0.120700,1.3775,1536,2975.5
microsoft1es@2025-11-08T04:57:16.306Z,test-control,microsoft1es,,,2025-11-08T04:57:16.306Z,0.586500,0.084400,0.810400,0.105200,1.3343,1536,4040.9
microsoft1es@2025-11-08T05:59:03.891Z,test-control,microsoft1es,,,2025-11-08T05:59:03.891Z,0.575800,0.087500,0.803300,0.109200,1.3370,1536,6408.7
microsoft1es@2025-11-08T07:01:43.118Z,test-control,microsoft1es,,,2025-11-08T07:01:43.118Z,0.569500,0.085900,0.795600,0.118600,1.3303,1536,4546.4
microsoft1es@2025-11-08T08:10:16.049Z,test-control,microsoft1es,,,2025-11-08T08:10:16.049Z,0.551700,0.107300,0.768200,0.124500,1.4077,1536,5617.6
microsoft1es@2025-11-10T08:14:20.816Z,test-control,microsoft1es,,,2025-11-10T08:14:20.816Z,0.596800,0.118300,0.764600,0.117100,1.2388,1536,2912.0
microsoft1es@2025-11-10T09:19:43.605Z,test-control,microsoft1es,,,2025-11-10T09:19:43.605Z,0.646900,0.104600,0.792600,0.102800,1.3127,1536,2836.6
microsoft1es@2025-11-10T10:21:50.016Z,test-control,microsoft1es,,,2025-11-10T10:21:50.016Z,0.605800,0.110100,0.775000,0.114800,1.2786,1536,2893.0
microsoft1es@2025-11-10T11:35:02.705Z,test-control,microsoft1es,,,2025-11-10T11:35:02.705Z,0.618200,0.109600,0.773200,0.117200,1.3224,1536,4081.6
microsoft1es@2025-11-10T12:35:45.519Z,test-control,microsoft1es,,,2025-11-10T12:35:45.519Z,0.599200,0.111500,0.767900,0.120600,1.2432,1536,6297.0
microsoft1es@2025-11-10T13:53:40.529Z,test-control,microsoft1es,,,2025-11-10T13:53:40.529Z,0.554200,0.101900,0.780200,0.117900,1.3085,1536,6840.2
microsoft1es@2025-11-10T14:57:39.512Z,test-control,microsoft1es,,,2025-11-10T14:57:39.512Z,0.554000,0.103300,0.777700,0.118900,1.3063,1536,2951.0
microsoft1es@2025-11-10T16:06:39.830Z,test-control,microsoft1es,,,2025-11-10T16:06:39.830Z,0.535100,0.096000,0.778500,0.125500,1.3870,1536,3029.3
microsoft1es@2025-11-10T17:13:52.996Z,test-control,microsoft1es,,,2025-11-10T17:13:52.996Z,0.592600,0.094800,0.793300,0.111900,1.2928,1536,5291.5
microsoft1es@2025-11-10T18:14:56.445Z,test-control,microsoft1es,,,2025-11-10T18:14:56.445Z,0.617900,0.096000,0.787600,0.116400,1.3265,1536,8828.8
microsoft1es@2025-11-10T19:18:00.434Z,test-control,microsoft1es,,,2025-11-10T19:18:00.434Z,0.617000,0.119100,0.754100,0.126800,1.3546,1536,3310.9
microsoft1es@2025-11-10T20:31:04.205Z,test-control,microsoft1es,,,2025-11-10T20:31:04.205Z,0.618600,0.112100,0.766000,0.121900,1.3231,1536,2994.3
microsoft1es@2025-11-10T21:31:09.677Z,test-control,microsoft1es,,,2025-11-10T21:31:09.677Z,0.674500,0.128800,0.747600,0.123600,1.4767,1536,4615.0
microsoft1es@2025-11-10T22:31:48.091Z,test-control,microsoft1es,,,2025-11-10T22:31:48.091Z,0.622900,0.109400,0.769900,0.120700,1.4041,1536,9014.8
microsoft1es@2025-11-10T23:33:04.993Z,test-control,microsoft1es,,,2025-11-10T23:33:04.993Z,0.567500,0.121400,0.755300,0.123300,1.4125,1536,4139.5
microsoft1es@2025-11-11T00:33:31.639Z,test-control,microsoft1es,,,2025-11-11T00:33:31.639Z,0.670600,0.125200,0.757500,0.117200,1.3827,1536,3673.6
microsoft1es@2025-11-11T01:35:12.372Z,test-control,microsoft1es,,,2025-11-11T01:35:12.372Z,0.592500,0.120900,0.760100,0.119000,1.3353,1536,6226.5
microsoft1es@2025-11-11T02:36:43.796Z,test-control,microsoft1es,,,2025-11-11T02:36:43.796Z,0.530200,0.118900,0.762000,0.119100,1.3194,1536,8130.8
microsoft1es@2025-11-11T03:39:24.971Z,test-control,microsoft1es,,,2025-11-11T03:39:24.971Z,0.620800,0.132300,0.749900,0.117900,1.3171,1536,7342.0
microsoft1es@2025-11-11T04:43:18.627Z,test-control,microsoft1es,,,2025-11-11T04:43:18.627Z,0.650100,0.122100,0.756400,0.121500,1.4584,1536,7711.8
microsoft1es@2025-11-11T05:43:19.997Z,test-control,microsoft1es,,,2025-11-11T05:43:19.997Z,0.592600,0.115500,0.751800,0.132600,1.3917,1536,3057.8
microsoft1es@2025-11-11T06:47:11.558Z,test-control,microsoft1es,,,2025-11-11T06:47:11.558Z,0.605300,0.104400,0.771300,0.124300,1.4644,1536,3750.6
microsoft1es@2025-11-11T07:49:05.534Z,test-control,microsoft1es,,,2025-11-11T07:49:05.534Z,0.595200,0.108900,0.762000,0.129100,1.4696,1536,6606.7
microsoft1es@2025-11-11T08:56:33.803Z,test-control,microsoft1es,,,2025-11-11T08:56:33.803Z,0.567200,0.103900,0.765800,0.130300,1.4813,1536,7520.8
microsoft1es@2025-11-11T09:57:00.479Z,test-control,microsoft1es,,,2025-11-11T09:57:00.479Z,0.578000,0.129100,0.742600,0.128300,1.4622,1536,3334.6
microsoft1es@2025-11-11T10:58:20.270Z,test-control,microsoft1es,,,2025-11-11T10:58:20.270Z,0.533500,0.103700,0.785200,0.111000,1.4011,1536,3153.8
microsoft1es@2025-11-11T12:01:54.620Z,test-control,microsoft1es,,,2025-11-11T12:01:54.620Z,0.537300,0.097600,0.786100,0.116300,1.3017,1536,5675.3
microsoft1es@2025-11-11T13:03:02.310Z,test-control,microsoft1es,,,2025-11-11T13:03:02.310Z,0.574400,0.113500,0.751800,0.134600,1.2422,1536,7645.7
microsoft1es@2025-11-11T14:12:30.635Z,test-control,microsoft1es,,,2025-11-11T14:12:30.635Z,0.554600,0.113600,0.747000,0.139400,1.2582,1536,4102.8
microsoft1es@2025-11-11T15:25:35.292Z,test-control,microsoft1es,,,2025-11-11T15:25:35.292Z,0.528800,0.102600,0.771500,0.125900,1.3002,1536,2907.2
microsoft1es@2025-11-11T16:29:51.374Z,test-control,microsoft1es,,,2025-11-11T16:29:51.374Z,0.537700,0.102900,0.771400,0.125800,1.3125,1536,3982.9
microsoft1es@2025-11-11T17:31:20.127Z,test-control,microsoft1es,,,2025-11-11T17:31:20.127Z,0.575000,0.116000,0.757900,0.126100,1.3795,1536,7557.5
microsoft1es@2025-11-11T18:33:23.889Z,test-control,microsoft1es,,,2025-11-11T18:33:23.889Z,0.540000,0.110400,0.765600,0.124000,1.3265,1536,6017.1
microsoft1es@2025-11-11T19:40:17.477Z,test-control,microsoft1es,,,2025-11-11T19:40:17.477Z,0.567800,0.132400,0.749500,0.118100,1.4324,1536,3218.2
microsoft1es@2025-11-11T20:41:08.741Z,test-control,microsoft1es,,,2025-11-11T20:41:08.741Z,0.582100,0.139900,0.739400,0.120700,1.3561,1536,2943.1
microsoft1es@2025-11-11T21:43:57.344Z,test-control,microsoft1es,,,2025-11-11T21:43:57.344Z,0.566200,0.122500,0.753100,0.124400,1.3422,1536,3202.3
microsoft1es@2025-11-11T22:46:06.727Z,test-control,microsoft1es,,,2025-11-11T22:46:06.727Z,0.567100,0.138500,0.738900,0.122600,1.3950,1536,6928.1
microsoft1es@2025-11-11T23:47:24.889Z,test-control,microsoft1es,,,2025-11-11T23:47:24.889Z,0.601700,0.167200,0.692700,0.140200,1.3465,1536,7819.9
microsoft1es@2025-11-12T00:51:35.186Z,test-control,microsoft1es,,,2025-11-12T00:51:35.186Z,0.621100,0.133300,0.744700,0.122000,1.3153,1536,3368.6
microsoft1es@2025-11-12T02:02:41.366Z,test-control,microsoft1es,,,2025-11-12T02:02:41.366Z,0.522300,0.124800,0.728100,0.147100,1.3112,1536,6578.1
microsoft1es@2025-11-12T03:08:52.097Z,test-control,microsoft1es,,,2025-11-12T03:08:52.097Z,0.546500,0.129500,0.741100,0.129400,1.2716,1536,6953.4
microsoft1es@2025-11-12T04:15:09.986Z,test-control,microsoft1es,,,2025-11-12T04:15:09.986Z,0.610300,0.135700,0.733800,0.130500,1.3874,1536,4240.5
microsoft1es@2025-11-12T05:29:37.133Z,test-control,microsoft1es,,,2025-11-12T05:29:37.133Z,0.613700,0.122000,0.742400,0.135500,1.4428,1536,3869.5
microsoft1es@2025-11-12T06:44:45.266Z,test-control,microsoft1es,,,2025-11-12T06:44:45.266Z,0.672300,0.133200,0.734900,0.131900,1.5224,1536,5474.1
microsoft1es@2025-11-12T07:48:04.666Z,test-control,microsoft1es,,,2025-11-12T07:48:04.666Z,0.651100,0.141700,0.717000,0.141300,1.4799,1536,6152.8
microsoft1es@2025-11-12T08:59:08.024Z,test-control,microsoft1es,,,2025-11-12T08:59:08.024Z,0.654700,0.140900,0.718800,0.140400,1.5999,1536,6079.8
microsoft1es@2025-11-12T10:00:09.998Z,test-control,microsoft1es,,,2025-11-12T10:00:09.998Z,0.570200,0.105200,0.763400,0.131300,1.4019,1536,2993.0
microsoft1es@2025-11-12T11:10:23.005Z,test-control,microsoft1es,,,2025-11-12T11:10:23.005Z,0.569300,0.096000,0.791600,0.112400,1.3860,1536,2938.4
microsoft1es@2025-11-12T12:15:27.216Z,test-control,microsoft1es,,,2025-11-12T12:15:27.216Z,0.560000,0.118900,0.750100,0.131100,1.3726,1536,3291.9
microsoft1es@2025-11-12T13:17:50.884Z,test-control,microsoft1es,,,2025-11-12T13:17:50.884Z,0.537900,0.102200,0.775800,0.122000,1.2801,1536,4219.9
microsoft1es@2025-11-12T14:32:31.006Z,test-control,microsoft1es,,,2025-11-12T14:32:31.006Z,0.574000,0.089700,0.799200,0.111100,1.2614,1536,5275.3
microsoft1es@2025-11-12T15:43:57.621Z,test-control,microsoft1es,,,2025-11-12T15:43:57.621Z,0.520200,0.095300,0.779200,0.125500,1.3578,1536,4638.5
microsoft1es@2025-11-12T16:45:13.301Z,test-control,microsoft1es,,,2025-11-12T16:45:13.301Z,0.542300,0.100500,0.764700,0.134800,1.3207,1536,6155.3
microsoft1es@2025-11-12T17:45:32.178Z,test-control,microsoft1es,,,2025-11-12T17:45:32.178Z,0.604900,0.098300,0.774900,0.126800,1.3589,1536,3146.3
microsoft1es@2025-11-12T18:46:01.351Z,test-control,microsoft1es,,,2025-11-12T18:46:01.351Z,0.624400,0.111900,0.767500,0.120700,1.4260,1536,3041.9
microsoft1es@2025-11-12T19:46:04.802Z,test-control,microsoft1es,,,2025-11-12T19:46:04.802Z,0.630200,0.130600,0.751400,0.118000,1.4369,1536,2984.3
microsoft1es@2025-11-12T20:46:23.083Z,test-control,microsoft1es,,,2025-11-12T20:46:23.083Z,0.657700,0.115500,0.763300,0.121200,1.4986,1536,6358.3
microsoft1es@2025-11-12T21:48:59.247Z,test-control,microsoft1es,,,2025-11-12T21:48:59.247Z,0.603300,0.108800,0.761800,0.129400,1.4353,1536,6002.3
microsoft1es@2025-11-12T22:58:13.131Z,test-control,microsoft1es,,,2025-11-12T22:58:13.131Z,0.522300,0.105600,0.770600,0.123800,1.3126,1536,5569.5
microsoft1es@2025-11-13T00:00:04.260Z,test-control,microsoft1es,,,2025-11-13T00:00:04.260Z,0.549300,0.115300,0.763500,0.121300,1.2896,1536,3050.6
microsoft1es@2025-11-13T01:13:40.950Z,test-control,microsoft1es,,,2025-11-13T01:13:40.950Z,0.517600,0.098700,0.770900,0.130400,1.2935,1536,3045.1
microsoft1es@2025-11-13T02:14:03.263Z,test-control,microsoft1es,,,2025-11-13T02:14:03.263Z,0.516300,0.100400,0.755100,0.144500,1.1350,1536,4714.2
microsoft1es@2025-11-13T03:15:35.048Z,test-control,microsoft1es,,,2025-11-13T03:15:35.048Z,0.553800,0.104500,0.769900,0.125600,1.3170,1536,9374.9
microsoft1es@2025-11-13T04:16:50.710Z,test-control,microsoft1es,,,2025-11-13T04:16:50.710Z,0.600100,0.112800,0.750500,0.136700,1.3827,1536,4186.3
microsoft1es@2025-11-13T05:17:28.562Z,test-control,microsoft1es,,,2025-11-13T05:17:28.562Z,0.590100,0.095300,0.772800,0.132000,1.4408,1536,3775.2
microsoft1es@2025-11-13T06:22:47.739Z,test-control,microsoft1es,,,2025-11-13T06:22:47.739Z,0.592500,0.108700,0.752500,0.138800,1.4023,1536,8938.2
microsoft1es@2025-11-13T07:34:17.092Z,test-control,microsoft1es,,,2025-11-13T07:34:17.092Z,0.586500,0.115700,0.749500,0.134800,1.4530,1536,5168.9
microsoft1es@2025-11-13T08:44:01.203Z,test-control,microsoft1es,,,2025-11-13T08:44:01.203Z,0.548400,0.105900,0.747700,0.146400,1.4558,1536,5301.3
microsoft1es@2025-11-13T09:59:43.713Z,test-control,microsoft1es,,,2025-11-13T09:59:43.713Z,0.566700,0.109000,0.748400,0.142500,1.3780,1536,8777.2
microsoft1es@2025-11-13T10:59:56.962Z,test-control,microsoft1es,,,2025-11-13T10:59:56.962Z,0.513800,0.113500,0.758500,0.128000,1.3348,1536,3376.8
microsoft1es@2025-11-13T12:16:59.711Z,test-control,microsoft1es,,,2025-11-13T12:16:59.711Z,0.560100,0.116600,0.756800,0.126600,1.3442,1536,3217.1
microsoft1es@2025-11-13T13:21:53.976Z,test-control,microsoft1es,,,2025-11-13T13:21:53.976Z,0.554900,0.087200,0.802500,0.110200,1.2063,1536,6230.2
microsoft1es@2025-11-13T14:31:13.076Z,test-control,microsoft1es,,,2025-11-13T14:31:13.076Z,0.548100,0.087100,0.811700,0.101200,1.2451,1536,7249.9
microsoft1es@2025-11-13T15:41:16.040Z,test-control,microsoft1es,,,2025-11-13T15:41:16.040Z,0.475800,0.107100,0.765000,0.127900,1.3338,1536,3869.0
microsoft1es@2025-11-13T16:44:40.695Z,test-control,microsoft1es,,,2025-11-13T16:44:40.695Z,0.559400,0.096200,0.797300,0.106500,1.3473,1536,2870.3
microsoft1es@2025-11-13T17:46:48.221Z,test-control,microsoft1es,,,2025-11-13T17:46:48.221Z,0.581300,0.094800,0.790900,0.114300,1.3144,1536,3818.5
microsoft1es@2025-11-13T18:47:42.361Z,test-control,microsoft1es,,,2025-11-13T18:47:42.361Z,0.614300,0.123200,0.757600,0.119200,1.4398,1536,6077.1
microsoft1es@2025-11-13T19:59:57.943Z,test-control,microsoft1es,,,2025-11-13T19:59:57.943Z,0.599000,0.114500,0.764700,0.120900,1.2947,1536,4143.9
microsoft1es@2025-11-13T21:02:55.464Z,test-control,microsoft1es,,,2025-11-13T21:02:55.464Z,0.587500,0.111800,0.758300,0.129900,1.3429,1536,4705.0
microsoft1es@2025-11-13T22:06:54.643Z,test-control,microsoft1es,,,2025-11-13T22:06:54.643Z,0.643000,0.112600,0.761800,0.125600,1.3748,1536,5117.9
microsoft1es@2025-11-13T23:07:25.666Z,test-control,microsoft1es,,,2025-11-13T23:07:25.666Z,0.572700,0.119200,0.752500,0.128300,1.3050,1536,2957.5
microsoft1es@2025-11-14T00:07:55.630Z,test-control,microsoft1es,,,2025-11-14T00:07:55.630Z,0.543100,0.101500,0.766400,0.132100,1.3148,1536,6807.8
microsoft1es@2025-11-14T01:18:02.957Z,test-control,microsoft1es,,,2025-11-14T01:18:02.957Z,0.521100,0.110800,0.772900,0.116300,1.3489,1536,7319.9
microsoft1es@2025-11-14T02:27:27.865Z,test-control,microsoft1es,,,2025-11-14T02:27:27.865Z,0.491800,0.100800,0.781400,0.117800,1.2960,1536,3137.3
microsoft1es@2025-11-14T03:28:18.130Z,test-control,microsoft1es,,,2025-11-14T03:28:18.130Z,0.549500,0.119600,0.771800,0.108600,1.3660,1536,5592.8
microsoft1es@2025-11-14T04:36:09.712Z,test-control,microsoft1es,,,2025-11-14T04:36:09.712Z,0.594200,0.108400,0.766000,0.125500,1.4440,1536,6358.9
microsoft1es@2025-11-14T05:44:54.751Z,test-control,microsoft1es,,,2025-11-14T05:44:54.751Z,0.587600,0.111600,0.757000,0.131400,1.4039,1536,5266.4
microsoft1es@2025-11-14T06:45:31.142Z,test-control,microsoft1es,,,2025-11-14T06:45:31.142Z,0.588600,0.100800,0.780900,0.118300,1.4307,1536,2806.0
microsoft1es@2025-11-14T07:47:52.708Z,test-control,microsoft1es,,,2025-11-14T07:47:52.708Z,0.613300,0.113600,0.756400,0.130000,1.4045,1536,2879.6
microsoft1es@2025-11-14T09:00:11.969Z,test-control,microsoft1es,,,2025-11-14T09:00:11.969Z,0.574000,0.113300,0.752900,0.133800,1.5088,1536,2771.6
microsoft1es@2025-11-14T10:13:58.262Z,test-control,microsoft1es,,,2025-11-14T10:13:58.262Z,0.597300,0.107100,0.778100,0.114800,1.3746,1536,3367.3
microsoft1es@2025-11-14T11:15:03.312Z,test-control,microsoft1es,,,2025-11-14T11:15:03.312Z,0.549900,0.096900,0.782300,0.120800,1.3419,1536,3352.6
microsoft1es@2025-11-14T12:16:56.081Z,test-control,microsoft1es,,,2025-11-14T12:16:56.081Z,0.530800,0.104200,0.766800,0.129000,1.3685,1536,4234.8
microsoft1es@2025-11-14T13:22:08.013Z,test-control,microsoft1es,,,2025-11-14T13:22:08.013Z,0.548600,0.106100,0.764200,0.129700,1.2164,1536,4779.1
microsoft1es@2025-11-14T14:28:58.028Z,test-control,microsoft1es,,,2025-11-14T14:28:58.028Z,0.523800,0.105400,0.761600,0.133000,1.2507,1536,4380.1
microsoft1es@2025-11-14T15:33:34.237Z,test-control,microsoft1es,,,2025-11-14T15:33:34.237Z,0.495300,0.105100,0.760200,0.134700,1.3168,1536,4528.5
microsoft1es@2025-11-14T16:43:53.668Z,test-control,microsoft1es,,,2025-11-14T16:43:53.668Z,0.567800,0.097200,0.786400,0.116400,1.2776,1536,5266.6
microsoft1es@2025-11-14T17:44:40.914Z,test-control,microsoft1es,,,2025-11-14T17:44:40.914Z,0.568700,0.087800,0.796800,0.115400,1.2578,1536,2938.0
microsoft1es@2025-11-14T18:45:26.835Z,test-control,microsoft1es,,,2025-11-14T18:45:26.835Z,0.554200,0.111500,0.752900,0.135700,1.3248,1536,2810.5
microsoft1es@2025-11-14T19:51:22.399Z,test-control,microsoft1es,,,2025-11-14T19:51:22.399Z,0.557600,0.106400,0.763700,0.130000,1.3241,1536,2768.9
microsoft1es@2025-11-14T20:59:45.344Z,test-control,microsoft1es,,,2025-11-14T20:59:45.344Z,0.553600,0.103100,0.775000,0.122000,1.3577,1536,2768.3
microsoft1es@2025-11-14T22:00:31.165Z,test-control,microsoft1es,,,2025-11-14T22:00:31.165Z,0.589200,0.127700,0.737400,0.134800,1.3389,1536,2790.8
microsoft1es@2025-11-14T23:02:07.538Z,test-control,microsoft1es,,,2025-11-14T23:02:07.538Z,0.501700,0.108800,0.765800,0.125400,1.2643,1536,2752.6
microsoft1es@2025-11-15T00:04:34.041Z,test-control,microsoft1es,,,2025-11-15T00:04:34.041Z,0.491300,0.101500,0.768900,0.129600,1.3091,1536,2772.2
microsoft1es@2025-11-15T01:04:36.677Z,test-control,microsoft1es,,,2025-11-15T01:04:36.677Z,0.550700,0.115400,0.755900,0.128700,1.3110,1536,2734.9
microsoft1es@2025-11-15T02:06:49.930Z,test-control,microsoft1es,,,2025-11-15T02:06:49.930Z,0.507400,0.109400,0.756800,0.133800,1.2432,1536,2796.7
microsoft1es@2025-11-15T03:13:32.576Z,test-control,microsoft1es,,,2025-11-15T03:13:32.576Z,0.498100,0.101500,0.775700,0.122800,1.3072,1536,2813.3
microsoft1es@2025-11-15T04:13:35.141Z,test-control,microsoft1es,,,2025-11-15T04:13:35.141Z,0.578400,0.107900,0.755100,0.136900,1.3634,1536,3309.9
microsoft1es@2025-11-15T05:14:27.339Z,test-control,microsoft1es,,,2025-11-15T05:14:27.339Z,0.601600,0.108800,0.763400,0.127900,1.4135,1536,3702.4
microsoft1es@2025-11-15T06:17:18.813Z,test-control,microsoft1es,,,2025-11-15T06:17:18.813Z,0.637000,0.112100,0.771000,0.116800,1.5205,1536,4236.0
microsoft1es@2025-11-15T07:36:04.651Z,test-control,microsoft1es,,,2025-11-15T07:36:04.651Z,0.598000,0.107800,0.768600,0.123700,1.4371,1536,4006.9
microsoft1es@2025-11-17T08:21:59.207Z,test-control,microsoft1es,,,2025-11-17T08:21:59.207Z,0.558600,0.143300,0.672200,0.184600,1.5015,1536,3305.0
microsoft1es@2025-11-17T09:30:53.593Z,test-control,microsoft1es,,,2025-11-17T09:30:53.593Z,0.512400,0.111600,0.785800,0.102600,1.3774,1536,3852.8
microsoft1es@2025-11-17T10:43:01.388Z,test-control,microsoft1es,,,2025-11-17T10:43:01.388Z,0.590900,0.110200,0.786100,0.103600,1.4507,1536,3379.0
microsoft1es@2025-11-17T11:44:02.506Z,test-control,microsoft1es,,,2025-11-17T11:44:02.506Z,0.608000,0.119300,0.756800,0.123800,1.4201,1536,5234.8
microsoft1es@2025-11-17T12:45:20.206Z,test-control,microsoft1es,,,2025-11-17T12:45:20.206Z,0.512100,0.118900,0.769100,0.112000,1.2651,1536,4054.4
microsoft1es@2025-11-17T13:45:57.137Z,test-control,microsoft1es,,,2025-11-17T13:45:57.137Z,0.511800,0.118100,0.758200,0.123700,1.2710,1536,2944.4
microsoft1es@2025-11-17T14:57:55.349Z,test-control,microsoft1es,,,2025-11-17T14:57:55.349Z,0.498500,0.098300,0.779400,0.122300,1.2386,1536,3206.1
microsoft1es@2025-11-17T15:59:42.787Z,test-control,microsoft1es,,,2025-11-17T15:59:42.787Z,0.495300,0.096100,0.785600,0.118300,1.2507,1536,6618.6
microsoft1es@2025-11-17T17:05:17.322Z,test-control,microsoft1es,,,2025-11-17T17:05:17.322Z,0.572400,0.107800,0.774200,0.118000,1.3295,1536,6986.7
microsoft1es@2025-11-17T18:14:29.084Z,test-control,microsoft1es,,,2025-11-17T18:14:29.084Z,0.581900,0.094500,0.796800,0.108800,1.2598,1536,3450.6
microsoft1es@2025-11-17T19:14:59.285Z,test-control,microsoft1es,,,2025-11-17T19:14:59.285Z,0.630600,0.126500,0.739400,0.134100,1.3779,1536,2816.8
microsoft1es@2025-11-17T20:15:10.844Z,test-control,microsoft1es,,,2025-11-17T20:15:10.844Z,0.641100,0.125500,0.752100,0.122400,1.4656,1536,5272.2
microsoft1es@2025-11-17T21:15:34.462Z,test-control,microsoft1es,,,2025-11-17T21:15:34.462Z,0.612900,0.118700,0.753900,0.127400,1.3915,1536,5422.8
microsoft1es@2025-11-17T22:15:38.013Z,test-control,microsoft1es,,,2025-11-17T22:15:38.013Z,0.629500,0.130000,0.738000,0.131900,1.4181,1536,6840.9
microsoft1es@2025-11-17T23:28:28.555Z,test-control,microsoft1es,,,2025-11-17T23:28:28.555Z,0.567800,0.128200,0.741300,0.130400,1.3734,1536,3048.1
microsoft1es@2025-11-18T00:34:21.216Z,test-control,microsoft1es,,,2025-11-18T00:34:21.216Z,0.556600,0.103100,0.769900,0.127000,1.3325,1536,2815.2
microsoft1es@2025-11-18T01:34:57.659Z,test-control,microsoft1es,,,2025-11-18T01:34:57.659Z,0.562800,0.107800,0.771800,0.120500,1.3099,1536,5975.6
microsoft1es@2025-11-18T02:35:09.559Z,test-control,microsoft1es,,,2025-11-18T02:35:09.559Z,0.570300,0.104900,0.771400,0.123800,1.2667,1536,8489.6
microsoft1es@2025-11-18T03:35:48.542Z,test-control,microsoft1es,,,2025-11-18T03:35:48.542Z,0.574700,0.133300,0.765700,0.100900,1.4113,1536,3038.9
microsoft1es@2025-11-18T04:42:53.537Z,test-control,microsoft1es,,,2025-11-18T04:42:53.537Z,0.608400,0.116800,0.778100,0.105200,1.5318,1536,2927.1
microsoft1es@2025-11-18T05:45:12.321Z,test-control,microsoft1es,,,2025-11-18T05:45:12.321Z,0.577700,0.107300,0.782700,0.110000,1.4206,1536,3903.4
microsoft1es@2025-11-18T06:51:44.725Z,test-control,microsoft1es,,,2025-11-18T06:51:44.725Z,0.631700,0.122000,0.765100,0.112800,1.4949,1536,5664.6
microsoft1es@2025-11-18T07:51:56.426Z,test-control,microsoft1es,,,2025-11-18T07:51:56.426Z,0.609300,0.122200,0.764500,0.113300,1.5420,1536,7553.0
microsoft1es@2025-11-18T09:22:35.009Z,test-control,microsoft1es,,,2025-11-18T09:22:35.009Z,0.566800,0.111500,0.762100,0.126400,1.5208,1536,4345.4
microsoft1es@2025-11-18T11:31:25.027Z,test-control,microsoft1es,,,2025-11-18T11:31:25.027Z,0.576800,0.110000,0.769800,0.120200,1.3919,1536,2905.0
microsoft1es@2025-11-18T12:43:02.920Z,test-control,microsoft1es,,,2025-11-18T12:43:02.920Z,0.548200,0.106400,0.766700,0.126900,1.3732,1536,2863.2
microsoft1es@2025-11-18T14:42:13.147Z,test-control,microsoft1es,,,2025-11-18T14:42:13.147Z,0.590700,0.094700,0.798100,0.107200,1.3091,1536,3103.2
microsoft1es@2025-11-18T15:47:26.955Z,test-control,microsoft1es,,,2025-11-18T15:47:26.955Z,0.527300,0.100900,0.790800,0.108300,1.2322,1536,3570.9
microsoft1es@2025-11-18T16:49:24.211Z,test-control,microsoft1es,,,2025-11-18T16:49:24.211Z,0.540600,0.105600,0.781500,0.112900,1.1134,1536,6528.9
microsoft1es@2025-11-18T18:05:11.434Z,test-control,microsoft1es,,,2025-11-18T18:05:11.434Z,0.638000,0.114600,0.777800,0.107600,1.3372,1536,7275.5
microsoft1es@2025-11-18T19:08:27.206Z,test-control,microsoft1es,,,2025-11-18T19:08:27.206Z,0.590600,0.106600,0.756200,0.137100,1.3842,1536,3344.4
microsoft1es@2025-11-18T20:17:11.710Z,test-control,microsoft1es,,,2025-11-18T20:17:11.710Z,0.619200,0.109900,0.759900,0.130200,1.4118,1536,2855.0
microsoft1es@2025-11-18T21:58:22.652Z,test-control,microsoft1es,,,2025-11-18T21:58:22.652Z,0.623400,0.110700,0.757500,0.131800,1.3869,1536,3222.4
microsoft1es@2025-11-18T23:00:24.015Z,test-control,microsoft1es,,,2025-11-18T23:00:24.015Z,0.571600,0.128100,0.744100,0.127800,1.3478,1536,7586.8
microsoft1es@2025-11-19T00:01:54.186Z,test-control,microsoft1es,,,2025-11-19T00:01:54.186Z,0.503900,0.109800,0.764200,0.126000,1.3122,1536,6184.5
microsoft1es@2025-11-19T01:20:34.249Z,test-control,microsoft1es,,,2025-11-19T01:20:34.249Z,0.531000,0.112100,0.756200,0.131700,1.2374,1536,2841.4
microsoft1es@2025-11-19T02:31:41.322Z,test-control,microsoft1es,,,2025-11-19T02:31:41.322Z,0.493100,0.101700,0.772200,0.126100,1.2167,1536,2855.5
microsoft1es@2025-11-19T03:31:49.237Z,test-control,microsoft1es,,,2025-11-19T03:31:49.237Z,0.546600,0.119300,0.757900,0.122800,1.3177,1536,3130.0
microsoft1es@2025-11-19T04:43:51.166Z,test-control,microsoft1es,,,2025-11-19T04:43:51.166Z,0.568200,0.114700,0.753200,0.132100,1.4252,1536,6623.4
microsoft1es@2025-11-19T05:58:57.212Z,test-control,microsoft1es,,,2025-11-19T05:58:57.212Z,0.569300,0.119400,0.744600,0.136000,1.3847,1536,7248.9
microsoft1es@2025-11-19T07:00:05.981Z,test-control,microsoft1es,,,2025-11-19T07:00:05.981Z,0.605700,0.109800,0.766700,0.123600,1.3770,1536,4069.4
microsoft1es@2025-11-19T08:04:16.822Z,test-control,microsoft1es,,,2025-11-19T08:04:16.822Z,0.511300,0.101300,0.777700,0.121000,1.3339,1536,9219.6
microsoft1es@2025-11-19T09:13:00.250Z,test-control,microsoft1es,,,2025-11-19T09:13:00.250Z,0.536400,0.109300,0.753600,0.137100,1.5045,1536,4280.4
microsoft1es@2025-11-19T10:13:27.116Z,test-control,microsoft1es,,,2025-11-19T10:13:27.116Z,0.615000,0.101300,0.769200,0.129500,1.4039,1536,5368.5
microsoft1es@2025-11-19T11:14:34.950Z,test-control,microsoft1es,,,2025-11-19T11:14:34.950Z,0.551700,0.084400,0.810400,0.105200,1.2781,1536,6231.2
microsoft1es@2025-11-19T12:24:33.902Z,test-control,microsoft1es,,,2025-11-19T12:24:33.902Z,0.535200,0.094900,0.793700,0.111400,1.3043,1536,6098.1
microsoft1es@2025-11-19T13:26:52.474Z,test-control,microsoft1es,,,2025-11-19T13:26:52.474Z,0.551300,0.108900,0.766400,0.124700,1.2549,1536,2904.9
microsoft1es@2025-11-19T14:28:29.769Z,test-control,microsoft1es,,,2025-11-19T14:28:29.769Z,0.528600,0.095700,0.787100,0.117200,1.2104,1536,2951.9
microsoft1es@2025-11-19T15:31:27.760Z,test-control,microsoft1es,,,2025-11-19T15:31:27.760Z,0.492400,0.112800,0.768000,0.119200,1.3773,1536,4681.7
microsoft1es@2025-11-19T16:32:32.236Z,test-control,microsoft1es,,,2025-11-19T16:32:32.236Z,0.492100,0.097000,0.782000,0.121100,1.3087,1536,9099.7
microsoft1es@2025-11-19T18:04:45.442Z,test-control,microsoft1es,,,2025-11-19T18:04:45.442Z,0.583700,0.115800,0.747700,0.136500,1.3546,1536,4511.9
microsoft1es@2025-11-19T19:07:08.920Z,test-control,microsoft1es,,,2025-11-19T19:07:08.920Z,0.612500,0.110900,0.776800,0.112300,1.2766,1536,5199.1
microsoft1es@2025-11-19T20:13:13.893Z,test-control,microsoft1es,,,2025-11-19T20:13:13.893Z,0.606000,0.125500,0.748400,0.126100,1.3454,1536,8468.9
microsoft1es@2025-11-19T21:14:21.112Z,test-control,microsoft1es,,,2025-11-19T21:14:21.112Z,0.618500,0.111700,0.777300,0.111000,1.3950,1536,3523.0
microsoft1es@2025-11-19T22:23:23.099Z,test-control,microsoft1es,,,2025-11-19T22:23:23.099Z,0.619400,0.103800,0.776400,0.119700,1.3369,1536,4792.8
microsoft1es@2025-11-19T23:27:10.922Z,test-control,microsoft1es,,,2025-11-19T23:27:10.922Z,0.553400,0.114100,0.764100,0.121800,1.2952,1536,5097.9
microsoft1es@2025-11-20T00:28:23.769Z,test-control,microsoft1es,,,2025-11-20T00:28:23.769Z,0.526600,0.106300,0.773500,0.120200,1.2782,1536,3084.4
microsoft1es@2025-11-20T01:29:00.884Z,test-control,microsoft1es,,,2025-11-20T01:29:00.884Z,0.515200,0.119400,0.750800,0.129800,1.2033,1536,3121.6
microsoft1es@2025-11-20T02:30:05.484Z,test-control,microsoft1es,,,2025-11-20T02:30:05.484Z,0.473900,0.095100,0.780100,0.124800,1.2343,1536,3106.9
microsoft1es@2025-11-20T03:30:13.026Z,test-control,microsoft1es,,,2025-11-20T03:30:13.026Z,0.548300,0.131800,0.750900,0.117300,1.4666,1536,3309.0
microsoft1es@2025-11-20T04:42:13.308Z,test-control,microsoft1es,,,2025-11-20T04:42:13.308Z,0.593700,0.121500,0.743500,0.135000,1.4292,1536,3671.2
microsoft1es@2025-11-20T05:42:46.654Z,test-control,microsoft1es,,,2025-11-20T05:42:46.654Z,0.593700,0.113000,0.764100,0.122900,1.4605,1536,3507.1
microsoft1es@2025-11-20T06:44:07.384Z,test-control,microsoft1es,,,2025-11-20T06:44:07.384Z,0.625200,0.099700,0.787100,0.113200,1.5283,1536,6696.5
microsoft1es@2025-11-20T07:45:17.215Z,test-control,microsoft1es,,,2025-11-20T07:45:17.215Z,0.591200,0.112000,0.759800,0.128200,1.5251,1536,3012.2
microsoft1es@2025-11-20T08:45:21.965Z,test-control,microsoft1es,,,2025-11-20T08:45:21.965Z,0.541500,0.099600,0.774600,0.125800,1.3402,1536,2754.7
microsoft1es@2025-11-20T09:58:19.793Z,test-control,microsoft1es,,,2025-11-20T09:58:19.793Z,0.584000,0.098100,0.773000,0.128900,1.3968,1536,2793.7
microsoft1es@2025-11-20T11:10:59.398Z,test-control,microsoft1es,,,2025-11-20T11:10:59.398Z,0.531500,0.088600,0.795400,0.116000,1.2570,1536,2938.0
microsoft1es@2025-11-20T12:19:44.998Z,test-control,microsoft1es,,,2025-11-20T12:19:44.998Z,0.557100,0.105700,0.770700,0.123600,1.3466,1536,4137.1
microsoft1es@2025-11-20T13:21:35.780Z,test-control,microsoft1es,,,2025-11-20T13:21:35.780Z,0.587900,0.103100,0.778300,0.118600,1.3656,1536,5003.8
microsoft1es@2025-11-20T14:30:22.701Z,test-control,microsoft1es,,,2025-11-20T14:30:22.701Z,0.579100,0.108500,0.768500,0.123000,1.3883,1536,4095.4
microsoft1es@2025-11-20T15:30:24.338Z,test-control,microsoft1es,,,2025-11-20T15:30:24.338Z,0.540200,0.106300,0.757800,0.135900,1.3785,1536,6033.7
microsoft1es@2025-11-20T16:32:19.395Z,test-control,microsoft1es,,,2025-11-20T16:32:19.395Z,0.608800,0.105800,0.780000,0.114200,1.4054,1536,4940.9
microsoft1es@2025-11-20T17:44:33.513Z,test-control,microsoft1es,,,2025-11-20T17:44:33.513Z,0.581600,0.102700,0.772500,0.124800,1.3239,1536,2844.1
microsoft1es@2025-11-20T18:45:46.048Z,test-control,microsoft1es,,,2025-11-20T18:45:46.048Z,0.581100,0.101000,0.785800,0.113200,1.4232,1536,3012.5
microsoft1es@2025-11-20T19:58:21.478Z,test-control,microsoft1es,,,2025-11-20T19:58:21.478Z,0.639100,0.100700,0.777900,0.121500,1.2933,1536,3038.0
microsoft1es@2025-11-20T20:58:51.998Z,test-control,microsoft1es,,,2025-11-20T20:58:51.998Z,0.639800,0.100000,0.783600,0.116400,1.3199,1536,4146.2
microsoft1es@2025-11-20T21:59:45.632Z,test-control,microsoft1es,,,2025-11-20T21:59:45.632Z,0.614400,0.109100,0.759600,0.131300,1.3536,1536,6024.3
microsoft1es@2025-11-20T23:12:53.362Z,test-control,microsoft1es,,,2025-11-20T23:12:53.362Z,0.557900,0.116200,0.750000,0.133800,1.3135,1536,4249.5
microsoft1es@2025-11-21T00:17:36.507Z,test-control,microsoft1es,,,2025-11-21T00:17:36.507Z,0.602300,0.124700,0.744900,0.130300,1.2803,1536,5543.1
microsoft1es@2025-11-21T01:20:26.264Z,test-control,microsoft1es,,,2025-11-21T01:20:26.264Z,0.552900,0.123300,0.726000,0.150700,1.2764,1536,4043.6
microsoft1es@2025-11-21T02:26:43.190Z,test-control,microsoft1es,,,2025-11-21T02:26:43.190Z,0.516500,0.110000,0.762000,0.128000,1.2957,1536,3081.6
microsoft1es@2025-11-21T03:30:43.540Z,test-control,microsoft1es,,,2025-11-21T03:30:43.540Z,0.606500,0.126600,0.752900,0.120500,1.3408,1536,2886.7
microsoft1es@2025-11-21T04:32:37.982Z,test-control,microsoft1es,,,2025-11-21T04:32:37.982Z,0.594500,0.108400,0.760900,0.130700,1.4180,1536,2839.4
microsoft1es@2025-11-21T05:33:27.300Z,test-control,microsoft1es,,,2025-11-21T05:33:27.300Z,0.612700,0.114000,0.744900,0.141100,1.4534,1536,2850.5
microsoft1es@2025-11-21T06:37:48.796Z,test-control,microsoft1es,,,2025-11-21T06:37:48.796Z,0.606100,0.093100,0.773200,0.133600,1.3158,1536,2814.8
microsoft1es@2025-11-21T07:48:28.387Z,test-control,microsoft1es,,,2025-11-21T07:48:28.387Z,0.602400,0.116800,0.752600,0.130500,1.5699,1536,2892.2
microsoft1es@2025-11-21T08:57:25.448Z,test-control,microsoft1es,,,2025-11-21T08:57:25.448Z,0.603100,0.114400,0.753000,0.132600,1.6258,1536,2968.0
microsoft1es@2025-11-21T09:57:34.179Z,test-control,microsoft1es,,,2025-11-21T09:57:34.179Z,0.576500,0.101500,0.760100,0.138300,1.4577,1536,3626.7
microsoft1es@2025-11-21T11:21:25.833Z,test-control,microsoft1es,,,2025-11-21T11:21:25.833Z,0.563100,0.081800,0.810300,0.107900,1.3780,1536,4868.5
microsoft1es@2025-11-21T12:29:08.817Z,test-control,microsoft1es,,,2025-11-21T12:29:08.817Z,0.575600,0.078100,0.821900,0.100000,1.3325,1536,4113.2
microsoft1es@2025-11-21T13:34:06.529Z,test-control,microsoft1es,,,2025-11-21T13:34:06.529Z,0.522900,0.086300,0.797600,0.116100,1.3628,1536,3083.0
microsoft1es@2025-11-21T14:46:51.304Z,test-control,microsoft1es,,,2025-11-21T14:46:51.304Z,0.558300,0.094500,0.787400,0.118100,1.3538,1536,3332.2
microsoft1es@2025-11-21T15:51:28.871Z,test-control,microsoft1es,,,2025-11-21T15:51:28.871Z,0.585400,0.094900,0.776700,0.128300,1.2604,1536,6333.7
microsoft1es@2025-11-21T16:53:22.771Z,test-control,microsoft1es,,,2025-11-21T16:53:22.771Z,0.639100,0.093100,0.790200,0.116700,1.3569,1536,4307.2
microsoft1es@2025-11-21T18:06:13.858Z,test-control,microsoft1es,,,2025-11-21T18:06:13.858Z,0.601700,0.084100,0.803400,0.112500,1.2670,1536,2898.3
microsoft1es@2025-11-21T19:10:00.781Z,test-control,microsoft1es,,,2025-11-21T19:10:00.781Z,0.620000,0.088300,0.801000,0.110700,1.3291,1536,3978.8
microsoft1es@2025-11-21T20:11:40.592Z,test-control,microsoft1es,,,2025-11-21T20:11:40.592Z,0.629000,0.111300,0.771500,0.117300,1.3253,1536,4705.4
microsoft1es@2025-11-21T21:13:57.986Z,test-control,microsoft1es,,,2025-11-21T21:13:57.986Z,0.658300,0.101600,0.784300,0.114100,1.3863,1536,4052.5
microsoft1es@2025-11-21T22:15:57.321Z,test-control,microsoft1es,,,2025-11-21T22:15:57.321Z,0.634200,0.111400,0.766800,0.121800,1.3287,1536,6353.5
microsoft1es@2025-11-21T23:27:46.213Z,test-control,microsoft1es,,,2025-11-21T23:27:46.213Z,0.601600,0.103800,0.782700,0.113600,1.3950,1536,4950.6
microsoft1es@2025-11-22T00:28:28.292Z,test-control,microsoft1es,,,2025-11-22T00:28:28.292Z,0.619100,0.112600,0.765100,0.122400,1.3817,1536,4764.2
microsoft1es@2025-11-22T01:28:38.525Z,test-control,microsoft1es,,,2025-11-22T01:28:38.525Z,0.523200,0.092300,0.783200,0.124500,1.3189,1536,5857.6
microsoft1es@2025-11-22T02:30:01.850Z,test-control,microsoft1es,,,2025-11-22T02:30:01.850Z,0.549000,0.107600,0.757600,0.134800,1.3834,1536,7347.8
microsoft1es@2025-11-22T03:31:13.742Z,test-control,microsoft1es,,,2025-11-22T03:31:13.742Z,0.528800,0.100600,0.778500,0.120900,1.2884,1536,5139.4
microsoft1es@2025-11-22T04:59:38.178Z,test-control,microsoft1es,,,2025-11-22T04:59:38.178Z,0.579400,0.092300,0.783900,0.123800,1.3822,1536,9274.5
microsoft1es@2025-11-22T06:02:33.451Z,test-control,microsoft1es,,,2025-11-22T06:02:33.451Z,0.616000,0.092300,0.777700,0.130000,1.4273,1536,3543.2
microsoft1es@2025-11-22T07:06:09.249Z,test-control,microsoft1es,,,2025-11-22T07:06:09.249Z,0.607600,0.090100,0.777700,0.132200,1.4081,1536,7108.5
microsoft1es@2025-11-22T08:11:03.887Z,test-control,microsoft1es,,,2025-11-22T08:11:03.887Z,0.567300,0.104000,0.763000,0.133000,1.3997,1536,7370.1
microsoft1es@2025-11-24T08:16:42.003Z,test-control,microsoft1es,,,2025-11-24T08:16:42.003Z,0.790900,0.115800,0.773400,0.110700,1.4108,1536,4158.9
microsoft1es@2025-11-24T09:21:26.178Z,test-control,microsoft1es,,,2025-11-24T09:21:26.178Z,0.803000,0.102000,0.793900,0.104200,1.3732,1536,8470.7
microsoft1es@2025-11-24T10:28:57.998Z,test-control,microsoft1es,,,2025-11-24T10:28:57.998Z,0.545400,0.094900,0.786600,0.118600,1.4230,1536,5365.1
microsoft1es@2025-11-24T11:43:39.169Z,test-control,microsoft1es,,,2025-11-24T11:43:39.169Z,0.540700,0.094700,0.794000,0.111300,1.4244,1536,3293.8
microsoft1es@2025-11-24T12:44:37.242Z,test-control,microsoft1es,,,2025-11-24T12:44:37.242Z,0.503000,0.099900,0.775600,0.124500,1.4074,1536,3303.8
microsoft1es@2025-11-24T13:45:09.875Z,test-control,microsoft1es,,,2025-11-24T13:45:09.875Z,0.520400,0.084200,0.810300,0.105500,1.3312,1536,3458.7
microsoft1es@2025-11-24T15:00:09.243Z,test-control,microsoft1es,,,2025-11-24T15:00:09.243Z,0.540900,0.090700,0.796900,0.112400,1.3683,1536,5790.0
microsoft1es@2025-11-24T16:15:51.666Z,test-control,microsoft1es,,,2025-11-24T16:15:51.666Z,0.530900,0.088000,0.795800,0.116200,1.4017,1536,5769.7
microsoft1es@2025-11-24T17:16:14.762Z,test-control,microsoft1es,,,2025-11-24T17:16:14.762Z,0.607400,0.101100,0.772800,0.126100,1.4625,1536,6282.8
microsoft1es@2025-11-24T18:17:58.648Z,test-control,microsoft1es,,,2025-11-24T18:17:58.648Z,0.574300,0.104100,0.772800,0.123000,1.4744,1536,3477.5
microsoft1es@2025-11-24T19:19:13.096Z,test-control,microsoft1es,,,2025-11-24T19:19:13.096Z,0.593000,0.097900,0.790600,0.111500,1.4694,1536,3179.0
microsoft1es@2025-11-24T20:30:26.628Z,test-control,microsoft1es,,,2025-11-24T20:30:26.628Z,0.586200,0.100000,0.794400,0.105600,1.4993,1536,4013.7
microsoft1es@2025-11-24T21:44:14.202Z,test-control,microsoft1es,,,2025-11-24T21:44:14.202Z,0.614500,0.105200,0.780200,0.114600,1.4804,1536,6720.5
microsoft1es@2025-11-24T22:49:29.246Z,test-control,microsoft1es,,,2025-11-24T22:49:29.246Z,0.486800,0.107300,0.756400,0.136300,1.3884,1536,6733.0
microsoft1es@2025-11-24T23:57:56.941Z,test-control,microsoft1es,,,2025-11-24T23:57:56.941Z,0.558600,0.110500,0.747700,0.141800,1.4425,1536,3972.8
microsoft1es@2025-11-25T01:00:00.214Z,test-control,microsoft1es,,,2025-11-25T01:00:00.214Z,0.616700,0.121700,0.753000,0.125300,1.4584,1536,3203.5
microsoft1es@2025-11-25T02:00:37.570Z,test-control,microsoft1es,,,2025-11-25T02:00:37.570Z,0.494300,0.098100,0.787200,0.114700,1.3842,1536,5132.9
microsoft1es@2025-11-25T03:03:38.312Z,test-control,microsoft1es,,,2025-11-25T03:03:38.312Z,0.564400,0.136500,0.725100,0.138400,1.4235,1536,9485.3
microsoft1es@2025-11-25T04:03:51.360Z,test-control,microsoft1es,,,2025-11-25T04:03:51.360Z,0.566500,0.125300,0.750100,0.124700,1.3463,1536,3167.5
microsoft1es@2025-11-25T05:12:30.139Z,test-control,microsoft1es,,,2025-11-25T05:12:30.139Z,0.587300,0.106500,0.777800,0.115700,1.4162,1536,2993.8
microsoft1es@2025-11-25T06:14:48.811Z,test-control,microsoft1es,,,2025-11-25T06:14:48.811Z,0.595100,0.109600,0.763700,0.126700,1.3618,1536,7458.7
microsoft1es@2025-11-25T07:15:51.711Z,test-control,microsoft1es,,,2025-11-25T07:15:51.711Z,0.602300,0.103800,0.779600,0.116600,1.4567,1536,7036.5
microsoft1es@2025-11-25T08:17:18.483Z,test-control,microsoft1es,,,2025-11-25T08:17:18.483Z,0.515100,0.102600,0.788300,0.109100,1.4842,1536,2824.5
microsoft1es@2025-11-25T09:20:48.325Z,test-control,microsoft1es,,,2025-11-25T09:20:48.325Z,0.534500,0.104200,0.758600,0.137200,1.3995,1536,2814.0
microsoft1es@2025-11-25T10:29:20.499Z,test-control,microsoft1es,,,2025-11-25T10:29:20.499Z,0.501500,0.106500,0.759300,0.134200,1.3838,1536,2906.9
microsoft1es@2025-11-25T11:32:20.368Z,test-control,microsoft1es,,,2025-11-25T11:32:20.368Z,0.538200,0.111500,0.756000,0.132500,1.3526,1536,2821.8
microsoft1es@2025-11-25T12:32:48.959Z,test-control,microsoft1es,,,2025-11-25T12:32:48.959Z,0.526600,0.093300,0.786100,0.120600,1.3584,1536,3043.8
microsoft1es@2025-11-25T13:44:26.202Z,test-control,microsoft1es,,,2025-11-25T13:44:26.202Z,0.510800,0.089200,0.801500,0.109300,1.2816,1536,2917.7
microsoft1es@2025-11-25T14:46:15.064Z,test-control,microsoft1es,,,2025-11-25T14:46:15.064Z,0.507400,0.086700,0.791600,0.121600,1.2620,1536,2832.0
microsoft1es@2025-11-25T15:51:22.479Z,test-control,microsoft1es,,,2025-11-25T15:51:22.479Z,0.482800,0.102900,0.763600,0.133500,1.2653,1536,3612.4
microsoft1es@2025-11-25T17:02:38.829Z,test-control,microsoft1es,,,2025-11-25T17:02:38.829Z,0.553700,0.087900,0.803700,0.108400,1.2984,1536,6856.5
microsoft1es@2025-11-25T18:06:27.648Z,test-control,microsoft1es,,,2025-11-25T18:06:27.648Z,0.560000,0.090800,0.808900,0.100200,1.2890,1536,5805.1
microsoft1es@2025-11-25T19:11:14.247Z,test-control,microsoft1es,,,2025-11-25T19:11:14.247Z,0.668800,0.111000,0.767600,0.121400,1.4128,1536,4826.2
microsoft1es@2025-11-25T20:13:03.708Z,test-control,microsoft1es,,,2025-11-25T20:13:03.708Z,0.657700,0.110300,0.760500,0.129200,1.4063,1536,2938.8
microsoft1es@2025-11-25T21:15:24.502Z,test-control,microsoft1es,,,2025-11-25T21:15:24.502Z,0.664700,0.119700,0.753700,0.126600,1.4259,1536,2787.8
microsoft1es@2025-11-25T22:15:40.300Z,test-control,microsoft1es,,,2025-11-25T22:15:40.300Z,0.696600,0.120400,0.761500,0.118100,1.4339,1536,2886.0
microsoft1es@2025-11-25T23:29:16.181Z,test-control,microsoft1es,,,2025-11-25T23:29:16.181Z,0.534600,0.116400,0.764600,0.119000,1.3602,1536,2813.5
microsoft1es@2025-11-26T00:32:56.734Z,test-control,microsoft1es,,,2025-11-26T00:32:56.734Z,0.557000,0.133300,0.738200,0.128600,1.3972,1536,2854.4
microsoft1es@2025-11-26T01:33:18.997Z,test-control,microsoft1es,,,2025-11-26T01:33:18.997Z,0.506800,0.117900,0.734500,0.147600,1.3313,1536,2832.3
microsoft1es@2025-11-26T02:42:21.751Z,test-control,microsoft1es,,,2025-11-26T02:42:21.751Z,0.517000,0.121200,0.739700,0.139100,1.4525,1536,2796.0
microsoft1es@2025-11-26T03:45:35.272Z,test-control,microsoft1es,,,2025-11-26T03:45:35.272Z,0.609800,0.126000,0.747200,0.126700,1.3894,1536,2835.1
microsoft1es@2025-11-26T04:58:11.514Z,test-control,microsoft1es,,,2025-11-26T04:58:11.514Z,0.606700,0.088300,0.792500,0.119200,1.4299,1536,3750.1
microsoft1es@2025-11-26T06:00:07.717Z,test-control,microsoft1es,,,2025-11-26T06:00:07.717Z,0.592200,0.084300,0.796700,0.119000,1.3483,1536,6742.9
microsoft1es@2025-11-26T07:01:18.019Z,test-control,microsoft1es,,,2025-11-26T07:01:18.019Z,0.595900,0.105100,0.762500,0.132400,1.4037,1536,6488.8
microsoft1es@2025-11-26T08:01:18.175Z,test-control,microsoft1es,,,2025-11-26T08:01:18.175Z,0.562100,0.118900,0.752800,0.128300,1.4334,1536,3316.8
microsoft1es@2025-11-26T09:07:44.931Z,test-control,microsoft1es,,,2025-11-26T09:07:44.931Z,0.604000,0.102900,0.759300,0.137800,1.4975,1536,2795.6
microsoft1es@2025-11-26T10:23:48.725Z,test-control,microsoft1es,,,2025-11-26T10:23:48.725Z,0.560000,0.081400,0.809800,0.108800,1.3630,1536,2833.5
microsoft1es@2025-11-26T11:31:01.966Z,test-control,microsoft1es,,,2025-11-26T11:31:01.966Z,0.533700,0.086200,0.793600,0.120300,1.3682,1536,2840.9
microsoft1es@2025-11-26T12:36:47.027Z,test-control,microsoft1es,,,2025-11-26T12:36:47.027Z,0.534400,0.085500,0.801100,0.113400,1.3170,1536,3365.6
microsoft1es@2025-11-26T13:45:13.314Z,test-control,microsoft1es,,,2025-11-26T13:45:13.314Z,0.560600,0.095000,0.779700,0.125200,1.2662,1536,6559.3
microsoft1es@2025-11-26T14:51:02.340Z,test-control,microsoft1es,,,2025-11-26T14:51:02.340Z,0.507000,0.083700,0.802700,0.113600,1.2971,1536,6960.4
microsoft1es@2025-11-26T15:58:54.926Z,test-control,microsoft1es,,,2025-11-26T15:58:54.926Z,0.501100,0.083000,0.797400,0.119700,1.3035,1536,3511.9
microsoft1es@2025-11-26T17:06:02.776Z,test-control,microsoft1es,,,2025-11-26T17:06:02.776Z,0.570600,0.080400,0.808000,0.111600,1.2380,1536,3011.5
microsoft1es@2025-11-26T18:07:21.471Z,test-control,microsoft1es,,,2025-11-26T18:07:21.471Z,0.546100,0.072400,0.821300,0.106300,1.2461,1536,2972.5
microsoft1es@2025-11-26T20:01:57.861Z,test-control,microsoft1es,,,2025-11-26T20:01:57.861Z,0.645800,0.101000,0.776300,0.122700,1.3682,1536,6520.6
microsoft1es@2025-11-26T21:14:20.116Z,test-control,microsoft1es,,,2025-11-26T21:14:20.116Z,0.657200,0.096400,0.792300,0.111300,1.2987,1536,7831.0
microsoft1es@2025-11-26T22:14:21.781Z,test-control,microsoft1es,,,2025-11-26T22:14:21.781Z,0.654900,0.088900,0.793400,0.117700,1.3020,1536,2972.0
microsoft1es@2025-11-26T23:15:27.271Z,test-control,microsoft1es,,,2025-11-26T23:15:27.271Z,0.538800,0.087800,0.804500,0.107700,1.2687,1536,3109.3
microsoft1es@2025-11-27T00:17:03.232Z,test-control,microsoft1es,,,2025-11-27T00:17:03.232Z,0.547700,0.109300,0.766400,0.124300,1.2591,1536,7418.8
microsoft1es@2025-11-27T01:21:45.975Z,test-control,microsoft1es,,,2025-11-27T01:21:45.975Z,0.580900,0.100000,0.780100,0.119900,1.2756,1536,7338.5
microsoft1es@2025-11-27T02:26:58.334Z,test-control,microsoft1es,,,2025-11-27T02:26:58.334Z,0.541700,0.104800,0.762500,0.132700,1.3309,1536,3071.1
microsoft1es@2025-11-27T03:29:12.225Z,test-control,microsoft1es,,,2025-11-27T03:29:12.225Z,0.564100,0.115200,0.761200,0.123600,1.3199,1536,6511.3
microsoft1es@2025-11-27T04:57:18.109Z,test-control,microsoft1es,,,2025-11-27T04:57:18.109Z,0.588700,0.091400,0.791600,0.117000,1.3794,1536,7666.8
microsoft1es@2025-11-27T05:59:34.298Z,test-control,microsoft1es,,,2025-11-27T05:59:34.298Z,0.584400,0.094400,0.785500,0.120000,1.3706,1536,5276.0
microsoft1es@2025-11-27T06:59:50.886Z,test-control,microsoft1es,,,2025-11-27T06:59:50.886Z,0.604100,0.109300,0.761000,0.129700,1.4297,1536,7926.0
microsoft1es@2025-11-27T08:08:39.218Z,test-control,microsoft1es,,,2025-11-27T08:08:39.218Z,0.555300,0.117400,0.747400,0.135300,1.4349,1536,4292.7
microsoft1es@2025-11-27T09:15:54.707Z,test-control,microsoft1es,,,2025-11-27T09:15:54.707Z,0.572600,0.127100,0.731900,0.141000,1.5048,1536,2862.9
microsoft1es@2025-11-27T10:16:28.621Z,test-control,microsoft1es,,,2025-11-27T10:16:28.621Z,0.576500,0.111500,0.767300,0.121200,1.3902,1536,4201.5
microsoft1es@2025-11-27T11:21:20.825Z,test-control,microsoft1es,,,2025-11-27T11:21:20.825Z,0.567600,0.109400,0.769400,0.121200,1.3930,1536,8593.3
microsoft1es@2025-11-27T12:28:15.786Z,test-control,microsoft1es,,,2025-11-27T12:28:15.786Z,0.580100,0.094300,0.788600,0.117100,1.3276,1536,4880.8
microsoft1es@2025-11-27T13:29:23.906Z,test-control,microsoft1es,,,2025-11-27T13:29:23.906Z,0.480400,0.089900,0.793000,0.117100,1.2854,1536,6088.1
microsoft1es@2025-11-27T14:37:03.032Z,test-control,microsoft1es,,,2025-11-27T14:37:03.032Z,0.517600,0.096100,0.789300,0.114600,1.2941,1536,7542.5
microsoft1es@2025-11-27T15:42:55.371Z,test-control,microsoft1es,,,2025-11-27T15:42:55.371Z,0.532700,0.092600,0.784700,0.122800,1.3251,1536,3804.3
microsoft1es@2025-11-27T16:44:41.282Z,test-control,microsoft1es,,,2025-11-27T16:44:41.282Z,0.610000,0.091500,0.802400,0.106100,1.3217,1536,2931.8
microsoft1es@2025-11-27T18:01:14.004Z,test-control,microsoft1es,,,2025-11-27T18:01:14.004Z,0.584800,0.083300,0.808500,0.108200,1.2807,1536,2934.9
microsoft1es@2025-11-27T19:06:51.805Z,test-control,microsoft1es,,,2025-11-27T19:06:51.805Z,0.597500,0.100700,0.782700,0.116600,1.2952,1536,4982.6
microsoft1es@2025-11-27T20:13:20.523Z,test-control,microsoft1es,,,2025-11-27T20:13:20.523Z,0.624500,0.101900,0.783100,0.115100,1.3718,1536,4854.0
microsoft1es@2025-11-27T21:28:32.821Z,test-control,microsoft1es,,,2025-11-27T21:28:32.821Z,0.600400,0.100200,0.784200,0.115500,1.2734,1536,4662.7
microsoft1es@2025-11-27T22:32:22.088Z,test-control,microsoft1es,,,2025-11-27T22:32:22.088Z,0.531300,0.104800,0.780000,0.115200,1.2583,1536,6959.0
microsoft1es@2025-11-27T23:41:36.236Z,test-control,microsoft1es,,,2025-11-27T23:41:36.236Z,0.508100,0.103800,0.773700,0.122600,1.2911,1536,3325.1
microsoft1es@2025-11-28T00:43:08.685Z,test-control,microsoft1es,,,2025-11-28T00:43:08.685Z,0.592800,0.136000,0.729400,0.134500,1.1651,1536,7199.5
microsoft1es@2025-11-28T01:43:26.199Z,test-control,microsoft1es,,,2025-11-28T01:43:26.199Z,0.558700,0.089200,0.804700,0.106100,1.2425,1536,6909.2
microsoft1es@2025-11-28T02:44:54.912Z,test-control,microsoft1es,,,2025-11-28T02:44:54.912Z,0.605600,0.123800,0.754100,0.122100,1.3818,1536,3238.8
microsoft1es@2025-11-28T03:45:30.080Z,test-control,microsoft1es,,,2025-11-28T03:45:30.080Z,0.621900,0.120100,0.768300,0.111500,1.3757,1536,2840.0
microsoft1es@2025-11-28T04:59:18.224Z,test-control,microsoft1es,,,2025-11-28T04:59:18.224Z,0.598800,0.096100,0.786600,0.117300,1.4153,1536,3437.0
microsoft1es@2025-11-28T07:30:51.925Z,test-control,microsoft1es,,,2025-11-28T07:30:51.925Z,0.596400,0.108900,0.759600,0.131400,1.4645,1536,4338.7
microsoft1es@2025-11-28T08:36:32.031Z,test-control,microsoft1es,,,2025-11-28T08:36:32.031Z,0.577000,0.099000,0.778200,0.122800,1.3353,1536,4092.8
microsoft1es@2025-11-28T09:36:43.018Z,test-control,microsoft1es,,,2025-11-28T09:36:43.018Z,0.574100,0.107900,0.744200,0.147900,1.4290,1536,4730.8
microsoft1es@2025-11-28T10:45:10.340Z,test-control,microsoft1es,,,2025-11-28T10:45:10.340Z,0.590800,0.102400,0.775000,0.122600,1.2534,1536,5292.1
microsoft1es@2025-11-28T11:51:20.537Z,test-control,microsoft1es,,,2025-11-28T11:51:20.537Z,0.599200,0.094500,0.787400,0.118100,1.3344,1536,5594.8
microsoft1es@2025-11-28T12:51:47.444Z,test-control,microsoft1es,,,2025-11-28T12:51:47.444Z,0.578400,0.097700,0.777700,0.124600,1.2782,1536,3100.7
microsoft1es@2025-11-28T13:52:10.753Z,test-control,microsoft1es,,,2025-11-28T13:52:10.753Z,0.576600,0.093400,0.783100,0.123500,1.2646,1536,3013.1
microsoft1es@2025-11-28T14:58:02.310Z,test-control,microsoft1es,,,2025-11-28T14:58:02.310Z,0.559100,0.100000,0.768800,0.131300,1.2948,1536,3108.2
microsoft1es@2025-11-28T15:59:50.759Z,test-control,microsoft1es,,,2025-11-28T15:59:50.759Z,0.538700,0.103400,0.759400,0.137300,1.3151,1536,3243.5
microsoft1es@2025-11-28T17:11:31.221Z,test-control,microsoft1es,,,2025-11-28T17:11:31.221Z,0.613500,0.089200,0.789000,0.121800,1.2649,1536,3838.6
microsoft1es@2025-11-28T18:12:31.008Z,test-control,microsoft1es,,,2025-11-28T18:12:31.008Z,0.597900,0.095100,0.779300,0.125500,1.3118,1536,4378.4
microsoft1es@2025-11-28T19:13:02.337Z,test-control,microsoft1es,,,2025-11-28T19:13:02.337Z,0.662500,0.112400,0.756600,0.131000,1.3362,1536,4429.7
microsoft1es@2025-11-28T20:14:28.785Z,test-control,microsoft1es,,,2025-11-28T20:14:28.785Z,0.689600,0.117800,0.750300,0.131800,1.3382,1536,4892.2
microsoft1es@2025-11-28T21:25:06.009Z,test-control,microsoft1es,,,2025-11-28T21:25:06.009Z,0.683900,0.109700,0.754700,0.135600,1.3112,1536,5713.4
microsoft1es@2025-11-28T22:27:19.532Z,test-control,microsoft1es,,,2025-11-28T22:27:19.532Z,0.684800,0.112200,0.753200,0.134700,1.2812,1536,4968.3
microsoft1es@2025-11-28T23:28:31.016Z,test-control,microsoft1es,,,2025-11-28T23:28:31.016Z,0.554000,0.102700,0.774100,0.123100,1.3499,1536,2946.6
microsoft1es@2025-11-29T00:28:47.601Z,test-control,microsoft1es,,,2025-11-29T00:28:47.601Z,0.606600,0.133100,0.737700,0.129200,1.3775,1536,2898.5
microsoft1es@2025-11-29T01:28:59.382Z,test-control,microsoft1es,,,2025-11-29T01:28:59.382Z,0.592700,0.115800,0.742000,0.142200,1.2533,1536,3883.9
microsoft1es@2025-11-29T02:30:03.013Z,test-control,microsoft1es,,,2025-11-29T02:30:03.013Z,0.549200,0.121100,0.733500,0.145500,1.2699,1536,7250.7
microsoft1es@2025-11-29T03:36:10.891Z,test-control,microsoft1es,,,2025-11-29T03:36:10.891Z,0.618000,0.141400,0.730000,0.128500,1.3632,1536,6809.9
microsoft1es@2025-11-29T04:43:35.769Z,test-control,microsoft1es,,,2025-11-29T04:43:35.769Z,0.662000,0.135100,0.739900,0.124900,1.4640,1536,3230.8
microsoft1es@2025-11-29T05:43:38.453Z,test-control,microsoft1es,,,2025-11-29T05:43:38.453Z,0.613700,0.125300,0.746800,0.127900,1.3765,1536,2825.1
microsoft1es@2025-11-29T06:44:23.841Z,test-control,microsoft1es,,,2025-11-29T06:44:23.841Z,0.627800,0.137300,0.731700,0.131000,1.3807,1536,3002.5
microsoft1es@2025-11-29T08:10:59.331Z,test-control,microsoft1es,,,2025-11-29T08:10:59.331Z,0.655500,0.119600,0.747000,0.133400,1.4357,1536,3271.6
microsoft1es@2025-12-01T03:34:56.254Z,test-control,microsoft1es,,,2025-12-01T03:34:56.254Z,0.528600,0.131400,0.741000,0.127600,1.3821,1536,6838.6
microsoft1es@2025-12-01T08:14:57.152Z,test-control,microsoft1es,,,2025-12-01T08:14:57.152Z,0.565300,0.114300,0.760700,0.125000,1.3712,1536,7817.4
microsoft1es@2025-12-01T09:21:08.449Z,test-control,microsoft1es,,,2025-12-01T09:21:08.449Z,0.681500,0.112800,0.772100,0.115000,1.2790,1536,3408.1
microsoft1es@2025-12-01T10:28:35.327Z,test-control,microsoft1es,,,2025-12-01T10:28:35.327Z,0.512900,0.101700,0.774300,0.124000,1.3434,1536,5888.8
microsoft1es@2025-12-01T11:45:25.854Z,test-control,microsoft1es,,,2025-12-01T11:45:25.854Z,0.534700,0.097500,0.775500,0.127000,1.3941,1536,7268.8
microsoft1es@2025-12-01T12:45:38.720Z,test-control,microsoft1es,,,2025-12-01T12:45:38.720Z,0.527900,0.107400,0.755600,0.137100,1.2795,1536,4184.5
microsoft1es@2025-12-01T13:45:43.675Z,test-control,microsoft1es,,,2025-12-01T13:45:43.675Z,0.530400,0.096800,0.776400,0.126800,1.2985,1536,6696.2
microsoft1es@2025-12-01T14:57:09.718Z,test-control,microsoft1es,,,2025-12-01T14:57:09.718Z,0.557500,0.099200,0.773800,0.127000,1.2771,1536,8117.5
microsoft1es@2025-12-01T15:58:51.313Z,test-control,microsoft1es,,,2025-12-01T15:58:51.313Z,0.558900,0.109400,0.757700,0.132900,1.3325,1536,4788.6
microsoft1es@2025-12-01T16:59:14.270Z,test-control,microsoft1es,,,2025-12-01T16:59:14.270Z,0.618200,0.087200,0.806300,0.106500,1.2599,1536,8733.9
microsoft1es@2025-12-01T18:07:18.378Z,test-control,microsoft1es,,,2025-12-01T18:07:18.378Z,0.594200,0.094800,0.779400,0.125800,1.2783,1536,3772.1
microsoft1es@2025-12-01T19:20:12.454Z,test-control,microsoft1es,,,2025-12-01T19:20:12.454Z,0.641700,0.098000,0.777100,0.124900,1.3538,1536,2850.5
microsoft1es@2025-12-01T20:23:39.353Z,test-control,microsoft1es,,,2025-12-01T20:23:39.353Z,0.608700,0.095700,0.776000,0.128400,1.3174,1536,3963.7
microsoft1es@2025-12-01T21:26:15.177Z,test-control,microsoft1es,,,2025-12-01T21:26:15.177Z,0.601300,0.096700,0.786700,0.116500,1.3102,1536,6837.6
microsoft1es@2025-12-01T22:29:08.568Z,test-control,microsoft1es,,,2025-12-01T22:29:08.568Z,0.634100,0.102900,0.784300,0.112800,1.3044,1536,6806.1
microsoft1es@2025-12-01T23:29:30.517Z,test-control,microsoft1es,,,2025-12-01T23:29:30.517Z,0.561900,0.118700,0.748800,0.132600,1.3003,1536,2906.6
microsoft1es@2025-12-02T00:34:01.847Z,test-control,microsoft1es,,,2025-12-02T00:34:01.847Z,0.572000,0.101500,0.769600,0.128900,1.3105,1536,2962.3
microsoft1es@2025-12-02T01:35:43.606Z,test-control,microsoft1es,,,2025-12-02T01:35:43.606Z,0.509100,0.117200,0.723600,0.159200,1.2915,1536,5167.0
microsoft1es@2025-12-02T02:45:50.024Z,test-control,microsoft1es,,,2025-12-02T02:45:50.024Z,0.535300,0.106600,0.761200,0.132200,1.3582,1536,9048.6
microsoft1es@2025-12-02T03:46:26.130Z,test-control,microsoft1es,,,2025-12-02T03:46:26.130Z,0.582700,0.133200,0.745300,0.121400,1.3655,1536,3624.0
microsoft1es@2025-12-02T04:47:17.733Z,test-control,microsoft1es,,,2025-12-02T04:47:17.733Z,0.618300,0.111700,0.781900,0.106400,1.4153,1536,8074.6
microsoft1es@2025-12-02T06:09:09.324Z,test-control,microsoft1es,,,2025-12-02T06:09:09.324Z,0.597300,0.100600,0.779500,0.119900,1.3760,1536,5916.1
microsoft1es@2025-12-02T07:09:18.388Z,test-control,microsoft1es,,,2025-12-02T07:09:18.388Z,0.587800,0.098200,0.784300,0.117500,1.3213,1536,2975.1
microsoft1es@2025-12-02T08:14:09.288Z,test-control,microsoft1es,,,2025-12-02T08:14:09.288Z,0.594200,0.112500,0.763000,0.124500,1.4662,1536,6810.6
microsoft1es@2025-12-02T09:21:05.022Z,test-control,microsoft1es,,,2025-12-02T09:21:05.022Z,0.579300,0.107700,0.766800,0.125500,1.4329,1536,7880.5
microsoft1es@2025-12-02T10:21:07.743Z,test-control,microsoft1es,,,2025-12-02T10:21:07.743Z,0.572500,0.118500,0.748900,0.132600,1.3822,1536,4644.1
microsoft1es@2025-12-02T11:21:52.865Z,test-control,microsoft1es,,,2025-12-02T11:21:52.865Z,0.564000,0.108300,0.758300,0.133400,1.3528,1536,9399.2
microsoft1es@2025-12-02T12:33:38.633Z,test-control,microsoft1es,,,2025-12-02T12:33:38.633Z,0.509200,0.108600,0.747200,0.144200,1.3065,1536,8256.8
microsoft1es@2025-12-02T13:37:49.909Z,test-control,microsoft1es,,,2025-12-02T13:37:49.909Z,0.555400,0.095800,0.788100,0.116200,1.2399,1536,7756.2
microsoft1es@2025-12-02T14:46:44.342Z,test-control,microsoft1es,,,2025-12-02T14:46:44.342Z,0.534200,0.093500,0.785600,0.120900,1.2035,1536,7100.7
microsoft1es@2025-12-02T15:51:37.140Z,test-control,microsoft1es,,,2025-12-02T15:51:37.140Z,0.510900,0.106300,0.755800,0.137900,1.3620,1536,7278.2
microsoft1es@2025-12-02T17:07:01.063Z,test-control,microsoft1es,,,2025-12-02T17:07:01.063Z,0.590800,0.091100,0.789700,0.119100,1.2331,1536,2989.5
microsoft1es@2025-12-02T18:09:17.998Z,test-control,microsoft1es,,,2025-12-02T18:09:17.998Z,0.594300,0.089000,0.795100,0.115900,1.2414,1536,2826.8
microsoft1es@2025-12-02T19:10:18.541Z,test-control,microsoft1es,,,2025-12-02T19:10:18.541Z,0.604700,0.096300,0.778200,0.125600,1.2905,1536,2949.7
microsoft1es@2025-12-02T20:15:20.038Z,test-control,microsoft1es,,,2025-12-02T20:15:20.038Z,0.568300,0.105700,0.769900,0.124400,1.2732,1536,5007.6
microsoft1es@2025-12-02T21:15:27.038Z,test-control,microsoft1es,,,2025-12-02T21:15:27.038Z,0.588600,0.122800,0.743500,0.133700,1.3580,1536,5960.0
microsoft1es@2025-12-02T22:30:08.630Z,test-control,microsoft1es,,,2025-12-02T22:30:08.630Z,0.559700,0.105400,0.761700,0.132900,1.2561,1536,6401.0
microsoft1es@2025-12-02T23:30:50.917Z,test-control,microsoft1es,,,2025-12-02T23:30:50.917Z,0.568900,0.098300,0.786600,0.115000,1.3569,1536,3954.8
microsoft1es@2025-12-03T00:31:24.427Z,test-control,microsoft1es,,,2025-12-03T00:31:24.427Z,0.619500,0.105300,0.768600,0.126100,1.3179,1536,2810.3
microsoft1es@2025-12-03T01:43:57.382Z,test-control,microsoft1es,,,2025-12-03T01:43:57.382Z,0.515700,0.112000,0.765200,0.122700,1.3032,1536,2797.7
microsoft1es@2025-12-03T02:45:04.427Z,test-control,microsoft1es,,,2025-12-03T02:45:04.427Z,0.527700,0.099800,0.774700,0.125400,1.2992,1536,2922.9
microsoft1es@2025-12-03T03:45:12.448Z,test-control,microsoft1es,,,2025-12-03T03:45:12.448Z,0.583800,0.118300,0.767200,0.114500,1.3846,1536,2875.2
microsoft1es@2025-12-03T04:45:30.217Z,test-control,microsoft1es,,,2025-12-03T04:45:30.217Z,0.656900,0.099800,0.774200,0.126000,1.4327,1536,2799.0
microsoft1es@2025-12-03T06:00:25.757Z,test-control,microsoft1es,,,2025-12-03T06:00:25.757Z,0.581200,0.090400,0.795200,0.114300,1.4297,1536,2815.1
microsoft1es@2025-12-03T07:01:20.478Z,test-control,microsoft1es,,,2025-12-03T07:01:20.478Z,0.603200,0.083100,0.805000,0.111900,1.3160,1536,2766.6
microsoft1es@2025-12-03T08:06:25.720Z,test-control,microsoft1es,,,2025-12-03T08:06:25.720Z,0.576800,0.086400,0.809200,0.104400,1.3571,1536,3024.7
microsoft1es@2025-12-03T09:17:01.457Z,test-control,microsoft1es,,,2025-12-03T09:17:01.457Z,0.568300,0.106200,0.781300,0.112500,1.4308,1536,3664.4
microsoft1es@2025-12-03T10:17:52.264Z,test-control,microsoft1es,,,2025-12-03T10:17:52.264Z,0.646800,0.096200,0.787300,0.116500,1.3830,1536,4268.1
microsoft1es@2025-12-03T11:22:15.454Z,test-control,microsoft1es,,,2025-12-03T11:22:15.454Z,0.525200,0.109500,0.769700,0.120800,1.3522,1536,7182.8
microsoft1es@2025-12-03T12:30:32.915Z,test-control,microsoft1es,,,2025-12-03T12:30:32.915Z,0.569800,0.097400,0.798000,0.104600,1.3154,1536,5229.0
microsoft1es@2025-12-03T13:37:44.593Z,test-control,microsoft1es,,,2025-12-03T13:37:44.593Z,0.554500,0.091200,0.801600,0.107200,1.2104,1536,5047.4
microsoft1es@2025-12-03T14:48:54.283Z,test-control,microsoft1es,,,2025-12-03T14:48:54.283Z,0.508300,0.100300,0.780300,0.119400,1.2277,1536,8569.6
microsoft1es@2025-12-03T15:54:00.273Z,test-control,microsoft1es,,,2025-12-03T15:54:00.273Z,0.497900,0.092400,0.784400,0.123200,1.3302,1536,3884.3
microsoft1es@2025-12-03T17:00:57.171Z,test-control,microsoft1es,,,2025-12-03T17:00:57.171Z,0.591400,0.095800,0.786500,0.117700,1.2785,1536,2995.0
microsoft1es@2025-12-03T18:06:56.555Z,test-control,microsoft1es,,,2025-12-03T18:06:56.555Z,0.585600,0.100700,0.782600,0.116800,1.2772,1536,3901.2
microsoft1es@2025-12-03T19:07:29.019Z,test-control,microsoft1es,,,2025-12-03T19:07:29.019Z,0.626500,0.105200,0.767600,0.127200,1.3147,1536,6608.2
microsoft1es@2025-12-03T20:21:05.161Z,test-control,microsoft1es,,,2025-12-03T20:21:05.161Z,0.620200,0.111700,0.762300,0.126000,1.3676,1536,6923.0
microsoft1es@2025-12-03T21:29:48.498Z,test-control,microsoft1es,,,2025-12-03T21:29:48.498Z,0.604900,0.101100,0.772800,0.126100,1.3779,1536,3072.8
microsoft1es@2025-12-03T22:32:09.405Z,test-control,microsoft1es,,,2025-12-03T22:32:09.405Z,0.594100,0.109100,0.763600,0.127400,1.3226,1536,4330.0
microsoft1es@2025-12-03T23:39:33.957Z,test-control,microsoft1es,,,2025-12-03T23:39:33.957Z,0.547800,0.117400,0.760400,0.122100,1.3806,1536,8631.3
microsoft1es@2025-12-04T00:47:15.986Z,test-control,microsoft1es,,,2025-12-04T00:47:15.986Z,0.612700,0.109900,0.758100,0.132000,1.2989,1536,4148.7
microsoft1es@2025-12-04T01:47:22.406Z,test-control,microsoft1es,,,2025-12-04T01:47:22.406Z,0.544800,0.114400,0.765600,0.120000,1.2038,1536,7113.4
microsoft1es@2025-12-04T02:58:05.946Z,test-control,microsoft1es,,,2025-12-04T02:58:05.946Z,0.624600,0.133700,0.750400,0.115900,1.4146,1536,7289.6
microsoft1es@2025-12-04T04:00:29.132Z,test-control,microsoft1es,,,2025-12-04T04:00:29.132Z,0.586400,0.132800,0.744000,0.123100,1.3052,1536,2903.8
microsoft1es@2025-12-04T05:00:35.450Z,test-control,microsoft1es,,,2025-12-04T05:00:35.450Z,0.596800,0.092500,0.785300,0.122200,1.3812,1536,3510.7
microsoft1es@2025-12-04T06:06:08.990Z,test-control,microsoft1es,,,2025-12-04T06:06:08.990Z,0.596300,0.097900,0.779600,0.122500,1.3889,1536,8516.6
microsoft1es@2025-12-04T07:07:52.363Z,test-control,microsoft1es,,,2025-12-04T07:07:52.363Z,0.595200,0.090200,0.786500,0.123400,1.3354,1536,6072.8
microsoft1es@2025-12-04T08:09:19.126Z,test-control,microsoft1es,,,2025-12-04T08:09:19.126Z,0.590100,0.101700,0.776900,0.121300,1.4074,1536,2957.0
microsoft1es@2025-12-04T09:13:02.207Z,test-control,microsoft1es,,,2025-12-04T09:13:02.207Z,0.552200,0.100400,0.762200,0.137400,1.3527,1536,5778.1
microsoft1es@2025-12-04T10:23:12.978Z,test-control,microsoft1es,,,2025-12-04T10:23:12.978Z,0.549200,0.102700,0.769700,0.127600,1.3555,1536,9254.3
microsoft1es@2025-12-04T11:30:36.598Z,test-control,microsoft1es,,,2025-12-04T11:30:36.598Z,0.530200,0.098700,0.773500,0.127800,1.3022,1536,3273.7
microsoft1es@2025-12-04T12:32:41.044Z,test-control,microsoft1es,,,2025-12-04T12:32:41.044Z,0.555500,0.102300,0.775000,0.122700,1.3187,1536,8703.3
microsoft1es@2025-12-04T13:47:57.867Z,test-control,microsoft1es,,,2025-12-04T13:47:57.867Z,0.516700,0.087700,0.803100,0.109200,1.2348,1536,6049.1
microsoft1es@2025-12-04T14:58:37.996Z,test-control,microsoft1es,,,2025-12-04T14:58:37.996Z,0.565100,0.113600,0.766000,0.120400,1.2160,1536,4684.5
microsoft1es@2025-12-04T16:01:11.848Z,test-control,microsoft1es,,,2025-12-04T16:01:11.848Z,0.546400,0.103100,0.777900,0.118900,1.3174,1536,9187.3
microsoft1es@2025-12-04T17:01:55.091Z,test-control,microsoft1es,,,2025-12-04T17:01:55.091Z,0.615900,0.085800,0.816400,0.097800,1.2164,1536,4244.7
microsoft1es@2025-12-04T18:09:48.223Z,test-control,microsoft1es,,,2025-12-04T18:09:48.223Z,0.603100,0.097200,0.810000,0.092800,1.2588,1536,3338.6
microsoft1es@2025-12-04T19:14:48.838Z,test-control,microsoft1es,,,2025-12-04T19:14:48.838Z,0.601600,0.111700,0.778500,0.109800,1.4108,1536,7412.2
microsoft1es@2025-12-04T20:20:15.904Z,test-control,microsoft1es,,,2025-12-04T20:20:15.904Z,0.588400,0.114600,0.773300,0.112000,1.4063,1536,7241.9
microsoft1es@2025-12-04T21:21:09.439Z,test-control,microsoft1es,,,2025-12-04T21:21:09.439Z,0.565300,0.116300,0.776200,0.107500,1.3507,1536,4004.4
microsoft1es@2025-12-04T22:21:34.612Z,test-control,microsoft1es,,,2025-12-04T22:21:34.612Z,0.607000,0.119200,0.767800,0.113100,1.4324,1536,9470.9
microsoft1es@2025-12-04T23:30:00.096Z,test-control,microsoft1es,,,2025-12-04T23:30:00.096Z,0.522300,0.111900,0.782200,0.105900,1.2935,1536,4315.8
microsoft1es@2025-12-05T00:31:02.541Z,test-control,microsoft1es,,,2025-12-05T00:31:02.541Z,0.545400,0.117500,0.754200,0.128300,1.3228,1536,4836.0
microsoft1es@2025-12-05T01:31:13.205Z,test-control,microsoft1es,,,2025-12-05T01:31:13.205Z,0.521500,0.104600,0.774100,0.121200,1.1142,1536,8822.2
microsoft1es@2025-12-05T02:42:34.672Z,test-control,microsoft1es,,,2025-12-05T02:42:34.672Z,0.599200,0.103800,0.771000,0.125200,1.2745,1536,4442.6
microsoft1es@2025-12-05T03:43:36.419Z,test-control,microsoft1es,,,2025-12-05T03:43:36.419Z,0.575200,0.117500,0.764000,0.118600,1.2268,1536,2976.0
microsoft1es@2025-12-05T04:44:40.730Z,test-control,microsoft1es,,,2025-12-05T04:44:40.730Z,0.646000,0.111300,0.762000,0.126700,1.4209,1536,2911.9
microsoft1es@2025-12-05T06:01:37.780Z,test-control,microsoft1es,,,2025-12-05T06:01:37.780Z,0.625600,0.090600,0.802100,0.107300,1.3730,1536,3263.4
microsoft1es@2025-12-05T07:01:40.078Z,test-control,microsoft1es,,,2025-12-05T07:01:40.078Z,0.623400,0.091200,0.789900,0.118900,1.3689,1536,6810.0
microsoft1es@2025-12-05T08:01:40.883Z,test-control,microsoft1es,,,2025-12-05T08:01:40.883Z,0.595100,0.086800,0.809300,0.104000,1.3497,1536,7590.3
microsoft1es@2025-12-05T09:28:56.636Z,test-control,microsoft1es,,,2025-12-05T09:28:56.636Z,0.589400,0.099700,0.768600,0.131700,1.4379,1536,5245.6
microsoft1es@2025-12-05T10:31:56.112Z,test-control,microsoft1es,,,2025-12-05T10:31:56.112Z,0.524200,0.096800,0.781000,0.122200,1.2647,1536,8527.9
microsoft1es@2025-12-05T11:42:47.586Z,test-control,microsoft1es,,,2025-12-05T11:42:47.586Z,0.538500,0.093400,0.790600,0.115900,1.3484,1536,3779.0
microsoft1es@2025-12-05T12:43:19.498Z,test-control,microsoft1es,,,2025-12-05T12:43:19.498Z,0.519700,0.102900,0.770600,0.126500,1.2714,1536,3521.2
microsoft1es@2025-12-05T13:45:08.369Z,test-control,microsoft1es,,,2025-12-05T13:45:08.369Z,0.569400,0.085100,0.809900,0.105000,1.3077,1536,7430.6
microsoft1es@2025-12-05T14:47:41.687Z,test-control,microsoft1es,,,2025-12-05T14:47:41.687Z,0.670100,0.113300,0.765200,0.121500,1.2067,1536,7535.5
microsoft1es@2025-12-05T15:59:12.734Z,test-control,microsoft1es,,,2025-12-05T15:59:12.734Z,0.650900,0.112500,0.765100,0.122400,1.2156,1536,3053.9
microsoft1es@2025-12-05T17:02:31.272Z,test-control,microsoft1es,,,2025-12-05T17:02:31.272Z,0.591900,0.084100,0.811800,0.104100,1.2358,1536,4550.0
microsoft1es@2025-12-05T18:03:23.970Z,test-control,microsoft1es,,,2025-12-05T18:03:23.970Z,0.595800,0.086100,0.810900,0.103000,1.2627,1536,6754.6
microsoft1es@2025-12-05T19:03:32.515Z,test-control,microsoft1es,,,2025-12-05T19:03:32.515Z,0.657900,0.099300,0.778600,0.122100,1.3742,1536,6261.5
microsoft1es@2025-12-05T20:08:46.833Z,test-control,microsoft1es,,,2025-12-05T20:08:46.833Z,0.656200,0.103200,0.779600,0.117300,1.4007,1536,2848.9
microsoft1es@2025-12-05T21:14:45.281Z,test-control,microsoft1es,,,2025-12-05T21:14:45.281Z,0.650200,0.109800,0.771900,0.118200,1.3936,1536,2822.9
microsoft1es@2025-12-05T22:16:06.975Z,test-control,microsoft1es,,,2025-12-05T22:16:06.975Z,0.642400,0.113500,0.761300,0.125300,1.4099,1536,2789.9
microsoft1es@2025-12-05T23:17:32.608Z,test-control,microsoft1es,,,2025-12-05T23:17:32.608Z,0.548200,0.120500,0.769300,0.110200,1.3867,1536,2824.2
microsoft1es@2025-12-06T00:18:33.224Z,test-control,microsoft1es,,,2025-12-06T00:18:33.224Z,0.529800,0.092100,0.796600,0.111300,1.2573,1536,2770.2
microsoft1es@2025-12-06T01:20:30.601Z,test-control,microsoft1es,,,2025-12-06T01:20:30.601Z,0.548800,0.114100,0.768100,0.117900,1.2314,1536,3201.2
microsoft1es@2025-12-06T02:27:14.959Z,test-control,microsoft1es,,,2025-12-06T02:27:14.959Z,0.533400,0.113700,0.762800,0.123500,1.2236,1536,5646.1
microsoft1es@2025-12-06T03:27:55.019Z,test-control,microsoft1es,,,2025-12-06T03:27:55.019Z,0.589600,0.129300,0.765800,0.105000,1.3766,1536,5333.5
microsoft1es@2025-12-06T04:28:18.341Z,test-control,microsoft1es,,,2025-12-06T04:28:18.341Z,0.634400,0.133500,0.756300,0.110300,1.3837,1536,6792.2
microsoft1es@2025-12-06T05:29:21.573Z,test-control,microsoft1es,,,2025-12-06T05:29:21.573Z,0.568500,0.112200,0.770900,0.116900,1.3230,1536,3072.1
microsoft1es@2025-12-06T06:30:40.323Z,test-control,microsoft1es,,,2025-12-06T06:30:40.323Z,0.578200,0.123000,0.759200,0.117700,1.3101,1536,3399.4
microsoft1es@2025-12-06T07:53:07.530Z,test-control,microsoft1es,,,2025-12-06T07:53:07.530Z,0.509300,0.094000,0.788300,0.117700,1.3439,1536,7089.9
microsoft1es@2025-12-08T08:39:21.128Z,test-control,microsoft1es,,,2025-12-08T08:39:21.128Z,0.521300,0.116300,0.762500,0.121200,1.3044,1536,6832.9
microsoft1es@2025-12-08T09:44:14.777Z,test-control,microsoft1es,,,2025-12-08T09:44:14.777Z,0.696900,0.130900,0.758100,0.111000,1.2890,1536,3054.0
microsoft1es@2025-12-08T10:44:35.873Z,test-control,microsoft1es,,,2025-12-08T10:44:35.873Z,0.536600,0.108200,0.775600,0.116300,1.3931,1536,2986.7
microsoft1es@2025-12-08T11:45:39.830Z,test-control,microsoft1es,,,2025-12-08T11:45:39.830Z,0.553100,0.094600,0.789800,0.115600,1.3761,1536,2958.5
microsoft1es@2025-12-08T12:46:10.152Z,test-control,microsoft1es,,,2025-12-08T12:46:10.152Z,0.566600,0.099600,0.779700,0.120700,1.3386,1536,2980.9
microsoft1es@2025-12-08T13:47:58.400Z,test-control,microsoft1es,,,2025-12-08T13:47:58.400Z,0.566400,0.100000,0.780300,0.119800,1.2630,1536,2952.6
microsoft1es@2025-12-08T15:30:10.817Z,test-control,microsoft1es,,,2025-12-08T15:30:10.817Z,0.543900,0.101300,0.774500,0.124200,1.3313,1536,2956.0
microsoft1es@2025-12-08T16:37:05.146Z,test-control,microsoft1es,,,2025-12-08T16:37:05.146Z,0.622500,0.090300,0.804200,0.105400,1.2699,1536,3282.7
microsoft1es@2025-12-08T17:44:00.433Z,test-control,microsoft1es,,,2025-12-08T17:44:00.433Z,0.623800,0.088800,0.796600,0.114600,1.2928,1536,4958.5
microsoft1es@2025-12-08T18:45:59.299Z,test-control,microsoft1es,,,2025-12-08T18:45:59.299Z,0.649400,0.104000,0.775400,0.120600,1.3047,1536,4767.0
microsoft1es@2025-12-08T19:50:48.158Z,test-control,microsoft1es,,,2025-12-08T19:50:48.158Z,0.631300,0.105300,0.767000,0.127700,1.3502,1536,3168.8
microsoft1es@2025-12-08T20:51:35.158Z,test-control,microsoft1es,,,2025-12-08T20:51:35.158Z,0.676900,0.127400,0.747200,0.125400,1.3768,1536,3406.8
microsoft1es@2025-12-08T22:02:28.990Z,test-control,microsoft1es,,,2025-12-08T22:02:28.990Z,0.697200,0.122800,0.758200,0.119000,1.4604,1536,5157.6
microsoft1es@2025-12-08T23:14:32.936Z,test-control,microsoft1es,,,2025-12-08T23:14:32.936Z,0.564300,0.116600,0.752500,0.130900,1.3180,1536,5797.5
microsoft1es@2025-12-09T00:17:44.471Z,test-control,microsoft1es,,,2025-12-09T00:17:44.471Z,0.555400,0.101700,0.776700,0.121600,1.3482,1536,2900.1
microsoft1es@2025-12-09T01:21:52.515Z,test-control,microsoft1es,,,2025-12-09T01:21:52.515Z,0.559000,0.113800,0.772900,0.113300,1.3347,1536,2809.3
microsoft1es@2025-12-09T02:26:42.688Z,test-control,microsoft1es,,,2025-12-09T02:26:42.688Z,0.543900,0.107100,0.776000,0.116900,1.3388,1536,2730.9
microsoft1es@2025-12-09T03:28:20.945Z,test-control,microsoft1es,,,2025-12-09T03:28:20.945Z,0.592200,0.107900,0.778200,0.114000,1.2579,1536,2723.0
microsoft1es@2025-12-09T04:32:06.436Z,test-control,microsoft1es,,,2025-12-09T04:32:06.436Z,0.682600,0.123100,0.762000,0.114900,1.4532,1536,2860.2
microsoft1es@2025-12-09T05:42:31.081Z,test-control,microsoft1es,,,2025-12-09T05:42:31.081Z,0.597000,0.113300,0.757800,0.128900,1.4087,1536,2788.3
microsoft1es@2025-12-09T07:01:40.998Z,test-control,microsoft1es,,,2025-12-09T07:01:40.998Z,0.597500,0.096700,0.773200,0.130000,1.3087,1536,2745.5
microsoft1es@2025-12-09T08:04:37.841Z,test-control,microsoft1es,,,2025-12-09T08:04:37.841Z,0.560100,0.106000,0.768700,0.125300,1.3888,1536,2771.5
microsoft1es@2025-12-09T09:15:17.084Z,test-control,microsoft1es,,,2025-12-09T09:15:17.084Z,0.600100,0.101700,0.770500,0.127700,1.3776,1536,2745.7
microsoft1es@2025-12-09T10:16:17.631Z,test-control,microsoft1es,,,2025-12-09T10:16:17.631Z,0.535000,0.103800,0.769000,0.127200,1.3486,1536,2821.6
microsoft1es@2025-12-09T11:20:46.203Z,test-control,microsoft1es,,,2025-12-09T11:20:46.203Z,0.534300,0.090300,0.791100,0.118600,1.3343,1536,4377.7
microsoft1es@2025-12-09T12:29:45.694Z,test-control,microsoft1es,,,2025-12-09T12:29:45.694Z,0.549900,0.106200,0.764000,0.129900,1.3475,1536,5952.2
microsoft1es@2025-12-09T13:33:37.691Z,test-control,microsoft1es,,,2025-12-09T13:33:37.691Z,0.570000,0.085900,0.810600,0.103400,1.3211,1536,3475.3
microsoft1es@2025-12-09T14:38:10.866Z,test-control,microsoft1es,,,2025-12-09T14:38:10.866Z,0.584700,0.109100,0.766600,0.124400,1.3430,1536,3288.4
microsoft1es@2025-12-09T15:47:45.311Z,test-control,microsoft1es,,,2025-12-09T15:47:45.311Z,0.586700,0.085500,0.811300,0.103200,1.2376,1536,6450.5
microsoft1es@2025-12-09T16:58:30.935Z,test-control,microsoft1es,,,2025-12-09T16:58:30.935Z,0.558700,0.087500,0.794700,0.117700,1.1972,1536,3390.4
microsoft1es@2025-12-09T18:07:46.588Z,test-control,microsoft1es,,,2025-12-09T18:07:46.588Z,0.579500,0.088600,0.798500,0.113000,1.2909,1536,5756.9
microsoft1es@2025-12-09T19:14:18.634Z,test-control,microsoft1es,,,2025-12-09T19:14:18.634Z,0.622300,0.107800,0.759900,0.132300,1.3002,1536,3843.9
microsoft1es@2025-12-09T20:17:23.336Z,test-control,microsoft1es,,,2025-12-09T20:17:23.336Z,0.628700,0.112000,0.754200,0.133800,1.3264,1536,2958.4
microsoft1es@2025-12-09T21:22:02.525Z,test-control,microsoft1es,,,2025-12-09T21:22:02.525Z,0.642200,0.127600,0.739000,0.133400,1.3122,1536,3010.4
microsoft1es@2025-12-09T22:22:50.964Z,test-control,microsoft1es,,,2025-12-09T22:22:50.964Z,0.641800,0.127300,0.740000,0.132600,1.2927,1536,3101.0
microsoft1es@2025-12-09T23:29:32.404Z,test-control,microsoft1es,,,2025-12-09T23:29:32.404Z,0.597700,0.116600,0.761900,0.121500,1.3889,1536,3148.1
microsoft1es@2025-12-10T00:30:26.094Z,test-control,microsoft1es,,,2025-12-10T00:30:26.094Z,0.603100,0.112100,0.769400,0.118500,1.3599,1536,6015.6
microsoft1es@2025-12-10T01:35:48.097Z,test-control,microsoft1es,,,2025-12-10T01:35:48.097Z,0.537600,0.098100,0.779100,0.122900,1.2059,1536,4186.7
microsoft1es@2025-12-10T02:45:56.833Z,test-control,microsoft1es,,,2025-12-10T02:45:56.833Z,0.598400,0.112200,0.772400,0.115400,1.3494,1536,4753.1
microsoft1es@2025-12-10T03:57:45.584Z,test-control,microsoft1es,,,2025-12-10T03:57:45.584Z,0.633000,0.131400,0.749500,0.119100,1.4426,1536,6780.4
microsoft1es@2025-12-10T04:58:20.494Z,test-control,microsoft1es,,,2025-12-10T04:58:20.494Z,0.608000,0.104700,0.776700,0.118600,1.4805,1536,6722.7
microsoft1es@2025-12-10T06:00:08.060Z,test-control,microsoft1es,,,2025-12-10T06:00:08.060Z,0.619900,0.111700,0.773200,0.115100,1.4479,1536,4146.3
microsoft1es@2025-12-10T07:05:16.162Z,test-control,microsoft1es,,,2025-12-10T07:05:16.162Z,0.609000,0.086800,0.798500,0.114700,1.3430,1536,5016.4
microsoft1es@2025-12-10T08:10:44.473Z,test-control,microsoft1es,,,2025-12-10T08:10:44.473Z,0.581600,0.104100,0.770400,0.125500,1.3465,1536,3307.8
microsoft1es@2025-12-10T09:21:11.709Z,test-control,microsoft1es,,,2025-12-10T09:21:11.709Z,0.596500,0.109400,0.756500,0.134100,1.5449,1536,4028.0
microsoft1es@2025-12-10T10:30:49.653Z,test-control,microsoft1es,,,2025-12-10T10:30:49.653Z,0.529200,0.095500,0.780700,0.123800,1.3239,1536,3552.3
microsoft1es@2025-12-10T11:36:58.886Z,test-control,microsoft1es,,,2025-12-10T11:36:58.886Z,0.536800,0.092900,0.789200,0.117900,1.2932,1536,6636.6
microsoft1es@2025-12-10T12:45:18.682Z,test-control,microsoft1es,,,2025-12-10T12:45:18.682Z,0.557400,0.093100,0.793400,0.113500,1.3279,1536,3555.7
microsoft1es@2025-12-10T13:46:41.306Z,test-control,microsoft1es,,,2025-12-10T13:46:41.306Z,0.476400,0.108900,0.749400,0.141600,1.3634,1536,2882.2
microsoft1es@2025-12-10T14:47:44.562Z,test-control,microsoft1es,,,2025-12-10T14:47:44.562Z,0.532100,0.122500,0.736600,0.140900,1.4081,1536,2859.9
microsoft1es@2025-12-10T15:50:07.484Z,test-control,microsoft1es,,,2025-12-10T15:50:07.484Z,0.510100,0.120000,0.740100,0.139900,1.4363,1536,2861.6
microsoft1es@2025-12-10T16:51:44.648Z,test-control,microsoft1es,,,2025-12-10T16:51:44.648Z,0.625200,0.097600,0.773500,0.128900,1.3442,1536,2960.8
microsoft1es@2025-12-10T17:52:06.515Z,test-control,microsoft1es,,,2025-12-10T17:52:06.515Z,0.613500,0.099000,0.779100,0.121900,1.2958,1536,2862.9
microsoft1es@2025-12-10T18:58:08.478Z,test-control,microsoft1es,,,2025-12-10T18:58:08.478Z,0.635700,0.131200,0.735600,0.133200,1.3549,1536,2886.8
microsoft1es@2025-12-10T20:07:29.112Z,test-control,microsoft1es,,,2025-12-10T20:07:29.112Z,0.592600,0.117800,0.757200,0.125000,1.2643,1536,2858.3
microsoft1es@2025-12-10T21:08:45.624Z,test-control,microsoft1es,,,2025-12-10T21:08:45.624Z,0.661200,0.131900,0.745300,0.122800,1.4250,1536,2906.0
microsoft1es@2025-12-10T22:21:39.003Z,test-control,microsoft1es,,,2025-12-10T22:21:39.003Z,0.618400,0.137900,0.738300,0.123800,1.3458,1536,3499.2
microsoft1es@2025-12-10T23:36:46.647Z,test-control,microsoft1es,,,2025-12-10T23:36:46.647Z,0.549600,0.118100,0.762300,0.119600,1.2956,1536,3472.8
microsoft1es@2025-12-11T00:49:51.240Z,test-control,microsoft1es,,,2025-12-11T00:49:51.240Z,0.587400,0.134600,0.735700,0.129700,1.2581,1536,3843.5
microsoft1es@2025-12-11T01:52:28.690Z,test-control,microsoft1es,,,2025-12-11T01:52:28.690Z,0.544800,0.119700,0.753800,0.126500,1.2960,1536,3744.8
microsoft1es@2025-12-11T02:57:56.232Z,test-control,microsoft1es,,,2025-12-11T02:57:56.232Z,0.555100,0.109600,0.781300,0.109200,1.3427,1536,3956.0
microsoft1es@2025-12-11T04:00:54.595Z,test-control,microsoft1es,,,2025-12-11T04:00:54.595Z,0.674200,0.148400,0.732300,0.119200,1.4665,1536,6944.5
microsoft1es@2025-12-11T05:00:55.463Z,test-control,microsoft1es,,,2025-12-11T05:00:55.463Z,0.606400,0.129600,0.739900,0.130500,1.5035,1536,3858.5
microsoft1es@2025-12-11T06:01:13.364Z,test-control,microsoft1es,,,2025-12-11T06:01:13.364Z,0.633900,0.125800,0.752000,0.122200,1.5326,1536,2961.7
microsoft1es@2025-12-11T07:02:00.565Z,test-control,microsoft1es,,,2025-12-11T07:02:00.565Z,0.608900,0.110600,0.757700,0.131700,1.4031,1536,2779.0
microsoft1es@2025-12-11T08:02:28.455Z,test-control,microsoft1es,,,2025-12-11T08:02:28.455Z,0.614000,0.128800,0.734500,0.136800,1.3751,1536,2757.0
microsoft1es@2025-12-11T09:07:37.931Z,test-control,microsoft1es,,,2025-12-11T09:07:37.931Z,0.614100,0.116500,0.758800,0.124700,1.4049,1536,2798.3
microsoft1es@2025-12-11T10:22:41.539Z,test-control,microsoft1es,,,2025-12-11T10:22:41.539Z,0.555500,0.112000,0.770900,0.117100,1.3586,1536,2743.3
microsoft1es@2025-12-11T11:22:58.425Z,test-control,microsoft1es,,,2025-12-11T11:22:58.425Z,0.538200,0.113200,0.769500,0.117400,1.3098,1536,2790.3
microsoft1es@2025-12-11T12:34:11.398Z,test-control,microsoft1es,,,2025-12-11T12:34:11.398Z,0.516600,0.100100,0.784700,0.115200,1.2055,1536,2920.0
microsoft1es@2025-12-11T13:46:04.668Z,test-control,microsoft1es,,,2025-12-11T13:46:04.668Z,0.508500,0.091100,0.788900,0.120000,1.1672,1536,3091.6
microsoft1es@2025-12-11T14:46:05.496Z,test-control,microsoft1es,,,2025-12-11T14:46:05.496Z,0.543400,0.105700,0.774700,0.119600,1.1978,1536,3209.8
microsoft1es@2025-12-11T15:52:05.372Z,test-control,microsoft1es,,,2025-12-11T15:52:05.372Z,0.602100,0.119100,0.770400,0.110500,1.2729,1536,3125.4
microsoft1es@2025-12-11T17:00:52.278Z,test-control,microsoft1es,,,2025-12-11T17:00:52.278Z,0.564100,0.097000,0.798500,0.104500,1.1905,1536,2899.4
microsoft1es@2025-12-11T18:16:44.852Z,test-control,microsoft1es,,,2025-12-11T18:16:44.852Z,0.623400,0.105400,0.776500,0.118100,1.2137,1536,5032.8
microsoft1es@2025-12-11T19:18:52.163Z,test-control,microsoft1es,,,2025-12-11T19:18:52.163Z,0.604200,0.107700,0.774000,0.118300,1.1336,1536,8261.6
microsoft1es@2025-12-11T21:59:17.897Z,test-control,microsoft1es,,,2025-12-11T21:59:17.897Z,0.617400,0.097600,0.786700,0.115700,1.1699,1536,3926.1
microsoft1es@2025-12-11T23:44:26.356Z,test-control,microsoft1es,,,2025-12-11T23:44:26.356Z,0.592700,0.135200,0.735000,0.129800,1.2210,1536,3031.9
microsoft1es@2025-12-12T00:54:21.540Z,test-control,microsoft1es,,,2025-12-12T00:54:21.540Z,0.648800,0.103400,0.784100,0.112600,1.3857,1536,4701.1
microsoft1es@2025-12-12T02:19:52.835Z,test-control,microsoft1es,,,2025-12-12T02:19:52.835Z,0.659700,0.111900,0.772500,0.115500,1.2676,1536,8882.8
microsoft1es@2025-12-12T05:45:40.381Z,test-control,microsoft1es,,,2025-12-12T05:45:40.381Z,0.671400,0.138200,0.736000,0.125800,1.3913,1536,3860.4
microsoft1es@2025-12-12T08:04:24.992Z,test-control,microsoft1es,,,2025-12-12T08:04:24.992Z,0.609800,0.105600,0.798100,0.096300,1.3663,1536,3032.5
microsoft1es@2025-12-12T11:04:17.516Z,test-control,microsoft1es,,,2025-12-12T11:04:17.516Z,0.627000,0.090700,0.816100,0.093100,1.3493,1536,6464.2
microsoft1es@2025-12-12T19:40:24.377Z,test-control,microsoft1es,,,2025-12-12T19:40:24.377Z,0.583200,0.164700,0.683800,0.151600,1.3774,1536,8335.6
microsoft1es@2025-12-12T20:45:27.286Z,test-control,microsoft1es,,,2025-12-12T20:45:27.286Z,0.541900,0.109600,0.773100,0.117300,1.2106,1536,2921.2
microsoft1es@2025-12-12T21:45:30.100Z,test-control,microsoft1es,,,2025-12-12T21:45:30.100Z,0.567700,0.105900,0.783100,0.110900,1.2016,1536,2836.5
microsoft1es@2025-12-12T22:58:03.878Z,test-control,microsoft1es,,,2025-12-12T22:58:03.878Z,0.537600,0.109100,0.791200,0.099700,1.2592,1536,2847.1
microsoft1es@2025-12-12T23:59:18.472Z,test-control,microsoft1es,,,2025-12-12T23:59:18.472Z,0.539100,0.114500,0.784900,0.100600,1.3006,1536,3043.8
microsoft1es@2025-12-13T01:03:24.353Z,test-control,microsoft1es,,,2025-12-13T01:03:24.353Z,0.513800,0.117200,0.773500,0.109300,1.2510,1536,2962.7
microsoft1es@2025-12-13T02:14:19.515Z,test-control,microsoft1es,,,2025-12-13T02:14:19.515Z,0.527500,0.098300,0.787100,0.114600,1.2460,1536,2929.9
microsoft1es@2025-12-13T03:14:33.944Z,test-control,microsoft1es,,,2025-12-13T03:14:33.944Z,0.537400,0.104600,0.781900,0.113500,1.2827,1536,2964.4
microsoft1es@2025-12-13T04:28:06.310Z,test-control,microsoft1es,,,2025-12-13T04:28:06.310Z,0.588600,0.115400,0.763100,0.121400,1.3861,1536,3017.2
microsoft1es@2025-12-13T05:42:15.070Z,test-control,microsoft1es,,,2025-12-13T05:42:15.070Z,0.595400,0.103200,0.782200,0.114600,1.4501,1536,3056.3
microsoft1es@2025-12-13T06:45:12.906Z,test-control,microsoft1es,,,2025-12-13T06:45:12.906Z,0.575400,0.101200,0.777700,0.121100,1.3404,1536,7649.8
microsoft1es@2025-12-13T07:45:27.005Z,test-control,microsoft1es,,,2025-12-13T07:45:27.005Z,0.633800,0.118200,0.759800,0.122000,1.4622,1536,6774.8
microsoft1es@2025-12-15T08:19:59.395Z,test-control,microsoft1es,,,2025-12-15T08:19:59.395Z,0.562700,0.108100,0.782300,0.109600,1.1978,1536,9454.9
microsoft1es@2025-12-15T09:20:24.787Z,test-control,microsoft1es,,,2025-12-15T09:20:24.787Z,0.580200,0.093200,0.813300,0.093500,1.3517,1536,4548.4
microsoft1es@2025-12-15T10:22:50.327Z,test-control,microsoft1es,,,2025-12-15T10:22:50.327Z,0.577800,0.110900,0.776900,0.112300,1.2564,1536,3273.3
microsoft1es@2025-12-15T11:44:54.091Z,test-control,microsoft1es,,,2025-12-15T11:44:54.091Z,0.574900,0.096000,0.799900,0.104100,1.3595,1536,5464.8
microsoft1es@2025-12-15T12:44:58.273Z,test-control,microsoft1es,,,2025-12-15T12:44:58.273Z,0.574200,0.102700,0.785500,0.111900,1.2241,1536,7832.4
microsoft1es@2025-12-15T13:46:05.792Z,test-control,microsoft1es,,,2025-12-15T13:46:05.792Z,0.601800,0.138900,0.747500,0.113700,1.3101,1536,4410.2
microsoft1es@2025-12-15T14:57:38.152Z,test-control,microsoft1es,,,2025-12-15T14:57:38.152Z,0.631700,0.143400,0.750500,0.106200,1.3050,1536,3041.0
microsoft1es@2025-12-15T16:00:08.395Z,test-control,microsoft1es,,,2025-12-15T16:00:08.395Z,0.535000,0.105400,0.773200,0.121400,1.3084,1536,3497.1
microsoft1es@2025-12-15T17:07:00.218Z,test-control,microsoft1es,,,2025-12-15T17:07:00.218Z,0.600700,0.103500,0.788200,0.108300,1.1860,1536,7691.5
microsoft1es@2025-12-15T18:18:30.482Z,test-control,microsoft1es,,,2025-12-15T18:18:30.482Z,0.610600,0.103200,0.784900,0.111900,1.2989,1536,6659.7
microsoft1es@2025-12-15T19:28:14.393Z,test-control,microsoft1es,,,2025-12-15T19:28:14.393Z,0.649000,0.125200,0.755300,0.119500,1.4208,1536,2772.5
microsoft1es@2025-12-15T20:30:07.269Z,test-control,microsoft1es,,,2025-12-15T20:30:07.269Z,0.624200,0.122300,0.764700,0.113000,1.3741,1536,2769.4
microsoft1es@2025-12-15T21:30:31.788Z,test-control,microsoft1es,,,2025-12-15T21:30:31.788Z,0.639700,0.126400,0.765400,0.108200,1.3743,1536,2919.1
microsoft1es@2025-12-15T22:30:49.292Z,test-control,microsoft1es,,,2025-12-15T22:30:49.292Z,0.531700,0.115900,0.767600,0.116500,1.2371,1536,3007.4
microsoft1es@2025-12-15T23:44:05.264Z,test-control,microsoft1es,,,2025-12-15T23:44:05.264Z,0.529100,0.115500,0.771300,0.113300,1.3061,1536,8229.5
microsoft1es@2025-12-16T00:44:32.282Z,test-control,microsoft1es,,,2025-12-16T00:44:32.282Z,0.582400,0.105400,0.778900,0.115700,1.3756,1536,7185.7
microsoft1es@2025-12-16T02:00:47.854Z,test-control,microsoft1es,,,2025-12-16T02:00:47.854Z,0.489200,0.102300,0.772800,0.124900,1.2981,1536,10148.8
microsoft1es@2025-12-16T03:01:22.803Z,test-control,microsoft1es,,,2025-12-16T03:01:22.803Z,0.538700,0.102800,0.777500,0.119700,1.2517,1536,4048.7
microsoft1es@2025-12-16T04:14:42.083Z,test-control,microsoft1es,,,2025-12-16T04:14:42.083Z,0.581500,0.123900,0.767800,0.108300,1.3890,1536,6989.8
microsoft1es@2025-12-16T05:28:17.662Z,test-control,microsoft1es,,,2025-12-16T05:28:17.662Z,0.614200,0.113800,0.762400,0.123800,1.4620,1536,7826.1
microsoft1es@2025-12-16T06:43:37.197Z,test-control,microsoft1es,,,2025-12-16T06:43:37.197Z,0.604400,0.114800,0.763200,0.121900,1.4671,1536,4123.9
microsoft1es@2025-12-16T07:53:08.257Z,test-control,microsoft1es,,,2025-12-16T07:53:08.257Z,0.600800,0.117300,0.754200,0.128400,1.4269,1536,6513.0
microsoft1es@2025-12-16T08:58:31.591Z,test-control,microsoft1es,,,2025-12-16T08:58:31.591Z,0.579900,0.108800,0.773400,0.117800,1.4455,1536,7087.6
microsoft1es@2025-12-16T10:01:08.664Z,test-control,microsoft1es,,,2025-12-16T10:01:08.664Z,0.583500,0.108600,0.770000,0.121400,1.3722,1536,2932.0
microsoft1es@2025-12-16T11:14:34.014Z,test-control,microsoft1es,,,2025-12-16T11:14:34.014Z,0.522700,0.102900,0.775000,0.122100,1.3652,1536,4262.6
microsoft1es@2025-12-16T12:16:40.928Z,test-control,microsoft1es,,,2025-12-16T12:16:40.928Z,0.550500,0.101400,0.785800,0.112800,1.3542,1536,9301.4
microsoft1es@2025-12-16T13:28:46.917Z,test-control,microsoft1es,,,2025-12-16T13:28:46.917Z,0.542500,0.103900,0.779400,0.116700,1.4001,1536,4166.2
microsoft1es@2025-12-16T14:32:20.716Z,test-control,microsoft1es,,,2025-12-16T14:32:20.716Z,0.589000,0.113200,0.761400,0.125400,1.1747,1536,2973.3
microsoft1es@2025-12-16T15:43:34.257Z,test-control,microsoft1es,,,2025-12-16T15:43:34.257Z,0.511300,0.126100,0.742900,0.131000,1.2918,1536,5498.3
microsoft1es@2025-12-16T17:00:29.170Z,test-control,microsoft1es,,,2025-12-16T17:00:29.170Z,0.604300,0.091400,0.800000,0.108600,1.1767,1536,7143.2
microsoft1es@2025-12-16T18:12:18.328Z,test-control,microsoft1es,,,2025-12-16T18:12:18.328Z,0.606800,0.092200,0.798500,0.109300,1.2580,1536,5396.3
microsoft1es@2025-12-16T19:19:29.924Z,test-control,microsoft1es,,,2025-12-16T19:19:29.924Z,0.625700,0.112000,0.769000,0.119100,1.3368,1536,2892.3
microsoft1es@2025-12-16T20:30:05.533Z,test-control,microsoft1es,,,2025-12-16T20:30:05.533Z,0.590000,0.109700,0.765600,0.124700,1.3310,1536,3485.1
microsoft1es@2025-12-16T21:42:08.307Z,test-control,microsoft1es,,,2025-12-16T21:42:08.307Z,0.581300,0.107500,0.767800,0.124600,1.3320,1536,5886.2
microsoft1es@2025-12-16T23:00:59.401Z,test-control,microsoft1es,,,2025-12-16T23:00:59.401Z,0.541200,0.107600,0.786700,0.105700,1.3854,1536,7940.3
microsoft1es@2025-12-17T00:12:08.533Z,test-control,microsoft1es,,,2025-12-17T00:12:08.533Z,0.542300,0.111800,0.782900,0.105300,1.3618,1536,3360.1
microsoft1es@2025-12-17T01:22:17.585Z,test-control,microsoft1es,,,2025-12-17T01:22:17.585Z,0.561200,0.097300,0.788400,0.114300,1.3640,1536,2969.4
microsoft1es@2025-12-17T02:25:33.745Z,test-control,microsoft1es,,,2025-12-17T02:25:33.745Z,0.533300,0.099800,0.773800,0.126400,1.3348,1536,3052.9
microsoft1es@2025-12-17T03:35:18.266Z,test-control,microsoft1es,,,2025-12-17T03:35:18.266Z,0.572400,0.100200,0.797800,0.102000,1.3761,1536,6072.8
microsoft1es@2025-12-17T04:45:30.664Z,test-control,microsoft1es,,,2025-12-17T04:45:30.664Z,0.637400,0.134800,0.740600,0.124600,1.6280,1536,6844.7
microsoft1es@2025-12-17T06:00:48.528Z,test-control,microsoft1es,,,2025-12-17T06:00:48.528Z,0.601900,0.112400,0.758100,0.129500,1.5799,1536,5115.7
microsoft1es@2025-12-17T07:00:54.434Z,test-control,microsoft1es,,,2025-12-17T07:00:54.434Z,0.600700,0.130300,0.724500,0.145200,1.5049,1536,7627.2
microsoft1es@2025-12-17T08:04:33.139Z,test-control,microsoft1es,,,2025-12-17T08:04:33.139Z,0.544300,0.110600,0.774200,0.115200,1.4600,1536,6960.8
microsoft1es@2025-12-17T09:20:43.776Z,test-control,microsoft1es,,,2025-12-17T09:20:43.776Z,0.581300,0.104400,0.757800,0.137800,1.3088,1536,3147.6
microsoft1es@2025-12-17T10:29:43.416Z,test-control,microsoft1es,,,2025-12-17T10:29:43.416Z,0.537000,0.095000,0.792400,0.112600,1.3219,1536,3191.5
microsoft1es@2025-12-17T11:31:56.157Z,test-control,microsoft1es,,,2025-12-17T11:31:56.157Z,0.569800,0.091900,0.804800,0.103300,1.3141,1536,6569.4
microsoft1es@2025-12-17T12:42:38.933Z,test-control,microsoft1es,,,2025-12-17T12:42:38.933Z,0.548200,0.098400,0.783800,0.117900,1.3013,1536,8169.4
microsoft1es@2025-12-17T13:42:39.650Z,test-control,microsoft1es,,,2025-12-17T13:42:39.650Z,0.518100,0.085300,0.810500,0.104200,1.2420,1536,3778.6
microsoft1es@2025-12-17T14:45:20.351Z,test-control,microsoft1es,,,2025-12-17T14:45:20.351Z,0.555500,0.091400,0.805000,0.103700,1.2997,1536,8146.8
microsoft1es@2025-12-17T15:45:41.454Z,test-control,microsoft1es,,,2025-12-17T15:45:41.454Z,0.536600,0.112400,0.761000,0.126600,1.4294,1536,5941.6
microsoft1es@2025-12-17T16:45:41.776Z,test-control,microsoft1es,,,2025-12-17T16:45:41.776Z,0.578000,0.088200,0.806300,0.105500,1.3632,1536,2828.1
microsoft1es@2025-12-17T17:59:41.062Z,test-control,microsoft1es,,,2025-12-17T17:59:41.062Z,0.554800,0.081700,0.811500,0.106800,1.3048,1536,2901.1
microsoft1es@2025-12-17T18:59:45.696Z,test-control,microsoft1es,,,2025-12-17T18:59:45.696Z,0.640700,0.122700,0.755100,0.122200,1.4692,1536,3132.3
microsoft1es@2025-12-17T20:30:26.756Z,test-control,microsoft1es,,,2025-12-17T20:30:26.756Z,0.621200,0.101800,0.766500,0.131700,1.3586,1536,6645.9
microsoft1es@2025-12-17T21:43:13.576Z,test-control,microsoft1es,,,2025-12-17T21:43:13.576Z,0.620800,0.111600,0.762800,0.125700,1.4066,1536,7882.0
microsoft1es@2025-12-17T22:44:27.498Z,test-control,microsoft1es,,,2025-12-17T22:44:27.498Z,0.531200,0.105500,0.768800,0.125700,1.2510,1536,3193.3
microsoft1es@2025-12-17T23:57:11.136Z,test-control,microsoft1es,,,2025-12-17T23:57:11.136Z,0.579500,0.105400,0.760500,0.134100,1.2593,1536,4478.8
microsoft1es@2025-12-18T00:57:57.769Z,test-control,microsoft1es,,,2025-12-18T00:57:57.769Z,0.564800,0.111900,0.767500,0.120600,1.2539,1536,8624.4
microsoft1es@2025-12-18T01:58:07.139Z,test-control,microsoft1es,,,2025-12-18T01:58:07.139Z,0.637800,0.119100,0.754200,0.126700,1.3205,1536,5251.6
microsoft1es@2025-12-18T02:58:08.039Z,test-control,microsoft1es,,,2025-12-18T02:58:08.039Z,0.553300,0.094900,0.792200,0.112800,1.3777,1536,2800.1
microsoft1es@2025-12-18T03:59:52.910Z,test-control,microsoft1es,,,2025-12-18T03:59:52.910Z,0.552100,0.106600,0.775300,0.118100,1.4385,1536,2946.0
microsoft1es@2025-12-18T05:00:22.461Z,test-control,microsoft1es,,,2025-12-18T05:00:22.461Z,0.586900,0.122800,0.750600,0.126600,1.5876,1536,2823.1
microsoft1es@2025-12-18T06:01:51.018Z,test-control,microsoft1es,,,2025-12-18T06:01:51.018Z,0.611000,0.116100,0.749600,0.134300,1.5142,1536,3528.5
microsoft1es@2025-12-18T07:06:21.224Z,test-control,microsoft1es,,,2025-12-18T07:06:21.224Z,0.611300,0.116600,0.753900,0.129500,1.5531,1536,5197.0
microsoft1es@2025-12-18T08:14:31.698Z,test-control,microsoft1es,,,2025-12-18T08:14:31.698Z,0.605100,0.105800,0.762400,0.131800,1.4724,1536,3774.6
microsoft1es@2025-12-18T09:15:05.743Z,test-control,microsoft1es,,,2025-12-18T09:15:05.743Z,0.581300,0.115400,0.752600,0.132000,1.5388,1536,4822.8
microsoft1es@2025-12-18T10:19:59.071Z,test-control,microsoft1es,,,2025-12-18T10:19:59.071Z,0.563200,0.106800,0.774500,0.118700,1.3544,1536,6441.3
microsoft1es@2025-12-18T11:22:08.764Z,test-control,microsoft1es,,,2025-12-18T11:22:08.764Z,0.574200,0.115500,0.761100,0.123400,1.3617,1536,3074.0
microsoft1es@2025-12-18T12:28:14.079Z,test-control,microsoft1es,,,2025-12-18T12:28:14.079Z,0.585000,0.116700,0.760600,0.122700,1.3528,1536,2853.4
microsoft1es@2025-12-18T13:29:19.443Z,test-control,microsoft1es,,,2025-12-18T13:29:19.443Z,0.477800,0.105900,0.762900,0.131300,1.1988,1536,2885.2
microsoft1es@2025-12-18T14:30:27.932Z,test-control,microsoft1es,,,2025-12-18T14:30:27.932Z,0.437200,0.126900,0.749900,0.123200,1.2856,1536,2871.0
microsoft1es@2025-12-18T15:44:25.351Z,test-control,microsoft1es,,,2025-12-18T15:44:25.351Z,0.483200,0.109300,0.766000,0.124700,1.1197,1536,2938.0
microsoft1es@2025-12-18T17:00:10.764Z,test-control,microsoft1es,,,2025-12-18T17:00:10.764Z,0.476600,0.107300,0.762500,0.130200,1.1150,1536,2827.5
microsoft1es@2025-12-18T18:12:52.665Z,test-control,microsoft1es,,,2025-12-18T18:12:52.665Z,0.477300,0.123500,0.748100,0.128400,1.1046,1536,2946.7
microsoft1es@2025-12-18T19:14:00.413Z,test-control,microsoft1es,,,2025-12-18T19:14:00.413Z,0.551500,0.113400,0.742500,0.144100,1.2266,1536,6045.2
microsoft1es@2025-12-18T20:14:11.236Z,test-control,microsoft1es,,,2025-12-18T20:14:11.236Z,0.553400,0.108000,0.759200,0.132800,1.2336,1536,5835.1
microsoft1es@2025-12-18T21:16:20.251Z,test-control,microsoft1es,,,2025-12-18T21:16:20.251Z,0.519300,0.100600,0.750500,0.148900,1.2389,1536,5337.2
microsoft1es@2025-12-18T22:20:32.300Z,test-control,microsoft1es,,,2025-12-18T22:20:32.300Z,0.492800,0.119900,0.732500,0.147500,1.2623,1536,3036.0
microsoft1es@2025-12-18T23:30:48.887Z,test-control,microsoft1es,,,2025-12-18T23:30:48.887Z,0.560700,0.116400,0.747300,0.136200,1.3121,1536,2865.4
microsoft1es@2025-12-19T00:36:14.377Z,test-control,microsoft1es,,,2025-12-19T00:36:14.377Z,0.558200,0.111300,0.772900,0.115700,1.2681,1536,2950.5
microsoft1es@2025-12-19T01:36:41.335Z,test-control,microsoft1es,,,2025-12-19T01:36:41.335Z,0.553700,0.106100,0.771200,0.122700,1.2594,1536,2795.3
microsoft1es@2025-12-19T02:36:45.464Z,test-control,microsoft1es,,,2025-12-19T02:36:45.464Z,0.594000,0.120100,0.756100,0.123800,1.4179,1536,3195.1
microsoft1es@2025-12-19T03:40:25.773Z,test-control,microsoft1es,,,2025-12-19T03:40:25.773Z,0.509900,0.102800,0.777400,0.119800,1.3212,1536,8251.7
microsoft1es@2025-12-19T05:03:07.859Z,test-control,microsoft1es,,,2025-12-19T05:03:07.859Z,0.562500,0.118900,0.750800,0.130300,1.4749,1536,6880.9
microsoft1es@2025-12-19T06:07:24.248Z,test-control,microsoft1es,,,2025-12-19T06:07:24.248Z,0.590400,0.133700,0.733000,0.133300,1.5283,1536,4095.9
microsoft1es@2025-12-19T07:09:24.432Z,test-control,microsoft1es,,,2025-12-19T07:09:24.432Z,0.587400,0.113000,0.754000,0.133000,1.4261,1536,8764.4
microsoft1es@2025-12-19T08:09:31.969Z,test-control,microsoft1es,,,2025-12-19T08:09:31.969Z,0.523900,0.097100,0.788600,0.114400,1.3490,1536,5254.4
microsoft1es@2025-12-19T09:19:48.808Z,test-control,microsoft1es,,,2025-12-19T09:19:48.808Z,0.570500,0.112400,0.745300,0.142300,1.4477,1536,3087.5
microsoft1es@2025-12-19T10:20:22.975Z,test-control,microsoft1es,,,2025-12-19T10:20:22.975Z,0.593500,0.113200,0.757200,0.129500,1.4600,1536,2831.5
microsoft1es@2025-12-19T11:24:04.234Z,test-control,microsoft1es,,,2025-12-19T11:24:04.234Z,0.526400,0.101700,0.774900,0.123400,1.2240,1536,2859.0
microsoft1es@2025-12-19T12:39:52.254Z,test-control,microsoft1es,,,2025-12-19T12:39:52.254Z,0.554400,0.106500,0.771700,0.121800,1.2556,1536,2849.6
microsoft1es@2025-12-19T13:45:37.548Z,test-control,microsoft1es,,,2025-12-19T13:45:37.548Z,0.552900,0.114800,0.754500,0.130600,1.2525,1536,5678.0
microsoft1es@2025-12-19T14:48:04.886Z,test-control,microsoft1es,,,2025-12-19T14:48:04.886Z,0.507600,0.103200,0.769500,0.127300,1.2740,1536,8480.1
microsoft1es@2025-12-19T15:51:49.450Z,test-control,microsoft1es,,,2025-12-19T15:51:49.450Z,0.448400,0.096200,0.783200,0.120600,1.1372,1536,3603.1
microsoft1es@2025-12-19T16:51:52.079Z,test-control,microsoft1es,,,2025-12-19T16:51:52.079Z,0.595600,0.090700,0.803400,0.105800,1.2759,1536,6087.1
microsoft1es@2025-12-19T18:07:40.150Z,test-control,microsoft1es,,,2025-12-19T18:07:40.150Z,0.576400,0.109200,0.766600,0.124100,1.3126,1536,5655.0
microsoft1es@2025-12-19T19:08:46.471Z,test-control,microsoft1es,,,2025-12-19T19:08:46.471Z,0.585800,0.109500,0.755400,0.135100,1.2617,1536,6643.8
microsoft1es@2025-12-19T20:19:28.729Z,test-control,microsoft1es,,,2025-12-19T20:19:28.729Z,0.604700,0.121400,0.744700,0.133900,1.3602,1536,3150.3
microsoft1es@2025-12-19T21:24:11.059Z,test-control,microsoft1es,,,2025-12-19T21:24:11.059Z,0.603700,0.111900,0.769600,0.118500,1.4156,1536,5531.3
microsoft1es@2025-12-19T22:31:28.599Z,test-control,microsoft1es,,,2025-12-19T22:31:28.599Z,0.612200,0.102000,0.775000,0.123000,1.3662,1536,8695.3
microsoft1es@2025-12-19T23:37:21.948Z,test-control,microsoft1es,,,2025-12-19T23:37:21.948Z,0.536900,0.120300,0.765500,0.114200,1.3918,1536,4498.7
microsoft1es@2025-12-20T00:48:43.735Z,test-control,microsoft1es,,,2025-12-20T00:48:43.735Z,0.584000,0.125800,0.764500,0.109700,1.3539,1536,2814.1
microsoft1es@2025-12-20T01:58:39.426Z,test-control,microsoft1es,,,2025-12-20T01:58:39.426Z,0.534200,0.109900,0.766400,0.123700,1.1899,1536,2876.1
microsoft1es@2025-12-20T02:58:44.872Z,test-control,microsoft1es,,,2025-12-20T02:58:44.872Z,0.551200,0.110000,0.774300,0.115700,1.3212,1536,3410.3
microsoft1es@2025-12-20T04:00:44.121Z,test-control,microsoft1es,,,2025-12-20T04:00:44.121Z,0.560800,0.128000,0.745500,0.126500,1.2922,1536,7641.7
microsoft1es@2025-12-20T05:02:19.103Z,test-control,microsoft1es,,,2025-12-20T05:02:19.103Z,0.582500,0.104300,0.761200,0.134500,1.3934,1536,6686.2
microsoft1es@2025-12-20T06:04:07.359Z,test-control,microsoft1es,,,2025-12-20T06:04:07.359Z,0.583300,0.114600,0.771400,0.114100,1.5210,1536,4526.5
microsoft1es@2025-12-20T07:08:28.761Z,test-control,microsoft1es,,,2025-12-20T07:08:28.761Z,0.593800,0.105200,0.767200,0.127600,1.4219,1536,8102.4
microsoft1es@2025-12-20T08:08:38.086Z,test-control,microsoft1es,,,2025-12-20T08:08:38.086Z,0.549200,0.107200,0.772300,0.120600,1.3898,1536,4565.2
microsoft1es@2025-12-22T08:22:44.468Z,test-control,microsoft1es,,,2025-12-22T08:22:44.468Z,0.569500,0.114600,0.768500,0.117000,1.2421,1536,5750.2
microsoft1es@2025-12-22T09:30:59.327Z,test-control,microsoft1es,,,2025-12-22T09:30:59.327Z,0.639800,0.128300,0.750200,0.121500,1.3085,1536,9045.6
microsoft1es@2025-12-22T10:36:27.225Z,test-control,microsoft1es,,,2025-12-22T10:36:27.225Z,0.547300,0.104300,0.770700,0.124900,1.3322,1536,3489.7
microsoft1es@2025-12-22T11:45:10.046Z,test-control,microsoft1es,,,2025-12-22T11:45:10.046Z,0.553400,0.097500,0.772100,0.130400,1.2874,1536,3338.4
microsoft1es@2025-12-22T12:45:45.312Z,test-control,microsoft1es,,,2025-12-22T12:45:45.312Z,0.570300,0.107200,0.774000,0.118700,1.3354,1536,5879.3
microsoft1es@2025-12-22T13:48:05.556Z,test-control,microsoft1es,,,2025-12-22T13:48:05.556Z,0.507000,0.094400,0.785100,0.120400,1.2267,1536,6686.6
microsoft1es@2025-12-22T14:59:32.603Z,test-control,microsoft1es,,,2025-12-22T14:59:32.603Z,0.557300,0.092600,0.788500,0.118900,1.2606,1536,5897.7
microsoft1es@2025-12-22T16:00:08.686Z,test-control,microsoft1es,,,2025-12-22T16:00:08.686Z,0.486400,0.097000,0.782300,0.120700,1.1862,1536,3053.3
microsoft1es@2025-12-22T17:01:28.131Z,test-control,microsoft1es,,,2025-12-22T17:01:28.131Z,0.579800,0.091100,0.796200,0.112700,1.2468,1536,3015.0
microsoft1es@2025-12-22T18:05:55.890Z,test-control,microsoft1es,,,2025-12-22T18:05:55.890Z,0.580700,0.085200,0.808500,0.106300,1.2945,1536,4798.9
microsoft1es@2025-12-22T19:09:29.855Z,test-control,microsoft1es,,,2025-12-22T19:09:29.855Z,0.647900,0.126700,0.745300,0.128000,1.3487,1536,7268.6
microsoft1es@2025-12-22T20:17:55.592Z,test-control,microsoft1es,,,2025-12-22T20:17:55.592Z,0.614300,0.122200,0.746500,0.131200,1.4057,1536,6235.2
microsoft1es@2025-12-22T21:18:51.518Z,test-control,microsoft1es,,,2025-12-22T21:18:51.518Z,0.662400,0.125200,0.750800,0.124000,1.4183,1536,3118.8
microsoft1es@2025-12-22T22:43:00.487Z,test-control,microsoft1es,,,2025-12-22T22:43:00.487Z,0.522200,0.113400,0.754500,0.132000,1.3030,1536,3225.8
microsoft1es@2025-12-22T23:44:10.701Z,test-control,microsoft1es,,,2025-12-22T23:44:10.701Z,0.554000,0.129300,0.742800,0.127900,1.3806,1536,3318.3
microsoft1es@2025-12-23T00:44:30.152Z,test-control,microsoft1es,,,2025-12-23T00:44:30.152Z,0.567600,0.121100,0.748500,0.130300,1.3461,1536,7415.2
microsoft1es@2025-12-23T01:44:49.226Z,test-control,microsoft1es,,,2025-12-23T01:44:49.226Z,0.527800,0.115500,0.758800,0.125700,1.3472,1536,7260.5
microsoft1es@2025-12-23T02:58:22.050Z,test-control,microsoft1es,,,2025-12-23T02:58:22.050Z,0.544900,0.104100,0.782000,0.113900,1.3266,1536,2949.2
microsoft1es@2025-12-23T04:03:18.129Z,test-control,microsoft1es,,,2025-12-23T04:03:18.129Z,0.586000,0.124000,0.758900,0.117100,1.3612,1536,2994.4
microsoft1es@2025-12-23T05:07:34.877Z,test-control,microsoft1es,,,2025-12-23T05:07:34.877Z,0.579200,0.109800,0.770000,0.120200,1.4052,1536,3058.5
microsoft1es@2025-12-23T06:08:27.253Z,test-control,microsoft1es,,,2025-12-23T06:08:27.253Z,0.625700,0.104500,0.787900,0.107600,1.4026,1536,5163.2
microsoft1es@2025-12-23T07:08:35.003Z,test-control,microsoft1es,,,2025-12-23T07:08:35.003Z,0.593100,0.091100,0.799300,0.109700,1.3642,1536,8468.0
microsoft1es@2025-12-23T08:11:06.058Z,test-control,microsoft1es,,,2025-12-23T08:11:06.058Z,0.560000,0.105900,0.776900,0.117200,1.3840,1536,4219.4
microsoft1es@2025-12-23T09:17:43.034Z,test-control,microsoft1es,,,2025-12-23T09:17:43.034Z,0.576300,0.102300,0.779400,0.118300,1.5235,1536,3454.1
microsoft1es@2025-12-23T10:19:09.502Z,test-control,microsoft1es,,,2025-12-23T10:19:09.502Z,0.590300,0.118400,0.754700,0.126900,1.4055,1536,4566.6
microsoft1es@2025-12-23T11:21:25.802Z,test-control,microsoft1es,,,2025-12-23T11:21:25.802Z,0.583100,0.121100,0.748600,0.130300,1.4030,1536,9291.3
microsoft1es@2025-12-23T12:29:21.868Z,test-control,microsoft1es,,,2025-12-23T12:29:21.868Z,0.554000,0.111000,0.766500,0.122500,1.3963,1536,3749.8
microsoft1es@2025-12-23T13:29:34.210Z,test-control,microsoft1es,,,2025-12-23T13:29:34.210Z,0.502600,0.105500,0.760200,0.134300,1.1206,1536,4046.3
microsoft1es@2025-12-23T14:47:15.245Z,test-control,microsoft1es,,,2025-12-23T14:47:15.245Z,0.499600,0.111400,0.759100,0.129600,1.0843,1536,9515.2
microsoft1es@2025-12-23T15:48:29.398Z,test-control,microsoft1es,,,2025-12-23T15:48:29.398Z,0.518600,0.111900,0.759400,0.128700,1.0677,1536,4219.4
microsoft1es@2025-12-23T16:58:06.290Z,test-control,microsoft1es,,,2025-12-23T16:58:06.290Z,0.611500,0.088500,0.797700,0.113900,1.2548,1536,3161.4
microsoft1es@2025-12-23T18:00:25.487Z,test-control,microsoft1es,,,2025-12-23T18:00:25.487Z,0.590300,0.093000,0.791000,0.115900,1.2499,1536,5210.6
microsoft1es@2025-12-23T19:08:50.839Z,test-control,microsoft1es,,,2025-12-23T19:08:50.839Z,0.615700,0.107300,0.771800,0.120900,1.2803,1536,9456.7
microsoft1es@2025-12-23T20:13:45.768Z,test-control,microsoft1es,,,2025-12-23T20:13:45.768Z,0.642800,0.113900,0.767600,0.118500,1.3086,1536,7184.8
microsoft1es@2025-12-23T21:14:15.325Z,test-control,microsoft1es,,,2025-12-23T21:14:15.325Z,0.610400,0.106800,0.769100,0.124200,1.2653,1536,7800.9
microsoft1es@2025-12-23T22:14:52.488Z,test-control,microsoft1es,,,2025-12-23T22:14:52.488Z,0.626800,0.113300,0.755100,0.131600,1.2655,1536,3224.4
microsoft1es@2025-12-23T23:27:29.647Z,test-control,microsoft1es,,,2025-12-23T23:27:29.647Z,0.552700,0.113000,0.777400,0.109600,1.2893,1536,4150.2
microsoft1es@2025-12-24T00:28:41.527Z,test-control,microsoft1es,,,2025-12-24T00:28:41.527Z,0.502700,0.092500,0.787300,0.120200,1.2052,1536,6621.9
microsoft1es@2025-12-24T01:42:29.707Z,test-control,microsoft1es,,,2025-12-24T01:42:29.707Z,0.532600,0.120100,0.755500,0.124500,1.1778,1536,7456.9
microsoft1es@2025-12-24T02:43:12.023Z,test-control,microsoft1es,,,2025-12-24T02:43:12.023Z,0.579100,0.110800,0.773900,0.115300,1.2371,1536,3257.4
microsoft1es@2025-12-24T03:43:32.109Z,test-control,microsoft1es,,,2025-12-24T03:43:32.109Z,0.584400,0.129100,0.768700,0.102200,1.4031,1536,4772.1
microsoft1es@2025-12-24T04:44:54.623Z,test-control,microsoft1es,,,2025-12-24T04:44:54.623Z,0.612400,0.100000,0.783500,0.116500,1.3902,1536,10007.9
microsoft1es@2025-12-24T05:58:25.826Z,test-control,microsoft1es,,,2025-12-24T05:58:25.826Z,0.575300,0.090600,0.796700,0.112700,1.3851,1536,7886.2
microsoft1es@2025-12-24T06:58:56.238Z,test-control,microsoft1es,,,2025-12-24T06:58:56.238Z,0.599400,0.102700,0.774500,0.122800,1.4357,1536,7441.4
microsoft1es@2025-12-24T07:59:04.216Z,test-control,microsoft1es,,,2025-12-24T07:59:04.216Z,0.555700,0.122200,0.759500,0.118200,1.3748,1536,7618.2
microsoft1es@2025-12-24T08:59:14.597Z,test-control,microsoft1es,,,2025-12-24T08:59:14.597Z,0.547000,0.100300,0.777700,0.122000,1.3662,1536,8619.9
microsoft1es@2025-12-24T10:15:09.823Z,test-control,microsoft1es,,,2025-12-24T10:15:09.823Z,0.570700,0.117100,0.762800,0.120100,1.3852,1536,9335.5
microsoft1es@2025-12-24T11:15:19.023Z,test-control,microsoft1es,,,2025-12-24T11:15:19.023Z,0.568900,0.102500,0.778900,0.118600,1.1993,1536,7737.0
microsoft1es@2025-12-24T12:20:38.045Z,test-control,microsoft1es,,,2025-12-24T12:20:38.045Z,0.567900,0.106800,0.765300,0.127900,1.1555,1536,8637.2
microsoft1es@2025-12-24T13:28:07.949Z,test-control,microsoft1es,,,2025-12-24T13:28:07.949Z,0.501600,0.105100,0.770900,0.123900,1.1875,1536,3208.0
microsoft1es@2025-12-24T15:29:02.898Z,test-control,microsoft1es,,,2025-12-24T15:29:02.898Z,0.499900,0.118400,0.762300,0.119300,1.1034,1536,2941.4
microsoft1es@2025-12-24T16:30:36.554Z,test-control,microsoft1es,,,2025-12-24T16:30:36.554Z,0.501500,0.105800,0.770900,0.123300,1.1167,1536,4656.3
microsoft1es@2025-12-24T17:42:44.605Z,test-control,microsoft1es,,,2025-12-24T17:42:44.605Z,0.587500,0.102700,0.778600,0.118700,1.2807,1536,9308.2
microsoft1es@2025-12-24T18:43:16.389Z,test-control,microsoft1es,,,2025-12-24T18:43:16.389Z,0.570200,0.101500,0.775600,0.122900,1.2595,1536,5249.4
microsoft1es@2025-12-24T19:57:35.382Z,test-control,microsoft1es,,,2025-12-24T19:57:35.382Z,0.668900,0.104700,0.784600,0.110700,1.2896,1536,8452.4
microsoft1es@2025-12-24T20:57:43.443Z,test-control,microsoft1es,,,2025-12-24T20:57:43.443Z,0.607800,0.098900,0.786500,0.114600,1.2912,1536,6143.6
microsoft1es@2025-12-24T21:58:01.466Z,test-control,microsoft1es,,,2025-12-24T21:58:01.466Z,0.654900,0.094000,0.804000,0.102100,1.2988,1536,8735.8
microsoft1es@2025-12-24T22:58:32.678Z,test-control,microsoft1es,,,2025-12-24T22:58:32.678Z,0.539600,0.098200,0.780900,0.120900,1.3013,1536,6088.1
microsoft1es@2025-12-24T23:58:33.606Z,test-control,microsoft1es,,,2025-12-24T23:58:33.606Z,0.542000,0.090800,0.788900,0.120300,1.4355,1536,3825.5
microsoft1es@2025-12-25T01:12:28.606Z,test-control,microsoft1es,,,2025-12-25T01:12:28.606Z,0.558500,0.126400,0.746900,0.126700,1.2216,1536,8705.3
microsoft1es@2025-12-25T02:12:56.595Z,test-control,microsoft1es,,,2025-12-25T02:12:56.595Z,0.558100,0.097100,0.784400,0.118500,1.2224,1536,5847.0
microsoft1es@2025-12-25T03:13:53.680Z,test-control,microsoft1es,,,2025-12-25T03:13:53.680Z,0.527700,0.105500,0.784900,0.109600,1.2603,1536,3332.5
microsoft1es@2025-12-25T04:19:17.839Z,test-control,microsoft1es,,,2025-12-25T04:19:17.839Z,0.595300,0.115700,0.771100,0.113200,1.4368,1536,3319.2
microsoft1es@2025-12-25T05:42:37.364Z,test-control,microsoft1es,,,2025-12-25T05:42:37.364Z,0.602500,0.111700,0.771100,0.117200,1.4180,1536,3631.8
microsoft1es@2025-12-25T06:43:46.877Z,test-control,microsoft1es,,,2025-12-25T06:43:46.877Z,0.600400,0.123200,0.749700,0.127000,1.3769,1536,5771.9
microsoft1es@2025-12-25T07:47:51.544Z,test-control,microsoft1es,,,2025-12-25T07:47:51.544Z,0.581700,0.130900,0.722600,0.146600,1.4299,1536,6193.9
microsoft1es@2025-12-25T08:57:42.826Z,test-control,microsoft1es,,,2025-12-25T08:57:42.826Z,0.580100,0.108900,0.759900,0.131300,1.3717,1536,5377.8
microsoft1es@2025-12-25T09:58:16.943Z,test-control,microsoft1es,,,2025-12-25T09:58:16.943Z,0.570300,0.109600,0.759200,0.131200,1.3769,1536,2973.0
microsoft1es@2025-12-25T11:13:39.322Z,test-control,microsoft1es,,,2025-12-25T11:13:39.322Z,0.557800,0.090000,0.793400,0.116600,1.2900,1536,2963.7
microsoft1es@2025-12-25T12:16:18.976Z,test-control,microsoft1es,,,2025-12-25T12:16:18.976Z,0.508300,0.085000,0.798000,0.117000,1.2474,1536,3040.0
microsoft1es@2025-12-25T13:16:23.317Z,test-control,microsoft1es,,,2025-12-25T13:16:23.317Z,0.538100,0.098000,0.784200,0.117800,1.3035,1536,2944.9
microsoft1es@2025-12-25T14:42:47.982Z,test-control,microsoft1es,,,2025-12-25T14:42:47.982Z,0.512800,0.099700,0.780700,0.119600,1.2952,1536,3148.1
microsoft1es@2025-12-25T16:58:38.441Z,test-control,microsoft1es,,,2025-12-25T16:58:38.441Z,0.476000,0.102500,0.774600,0.122900,1.0860,1536,5740.2
microsoft1es@2025-12-25T18:30:40.564Z,test-control,microsoft1es,,,2025-12-25T18:30:40.564Z,0.457200,0.100500,0.777100,0.122400,1.1126,1536,6494.9
microsoft1es@2025-12-26T01:19:58.002Z,test-control,microsoft1es,,,2025-12-26T01:19:58.002Z,0.606100,0.107000,0.776400,0.116600,1.2088,1536,5662.4
microsoft1es@2025-12-26T02:27:36.946Z,test-control,microsoft1es,,,2025-12-26T02:27:36.946Z,0.541500,0.106100,0.768500,0.125400,1.2425,1536,6056.6
microsoft1es@2025-12-26T07:04:45.320Z,test-control,microsoft1es,,,2025-12-26T07:04:45.320Z,0.626000,0.101200,0.791900,0.106900,1.2792,1536,8493.6
microsoft1es@2025-12-26T12:27:40.025Z,test-control,microsoft1es,,,2025-12-26T12:27:40.025Z,0.598500,0.109500,0.774000,0.116600,1.2020,1536,3856.6
microsoft1es@2025-12-26T13:28:03.340Z,test-control,microsoft1es,,,2025-12-26T13:28:03.340Z,0.628500,0.108200,0.767500,0.124300,1.3260,1536,9256.3
microsoft1es@2025-12-26T14:28:10.959Z,test-control,microsoft1es,,,2025-12-26T14:28:10.959Z,0.624400,0.095600,0.786600,0.117700,1.4050,1536,4302.3
microsoft1es@2025-12-26T15:33:06.637Z,test-control,microsoft1es,,,2025-12-26T15:33:06.637Z,0.640100,0.100500,0.780800,0.118700,1.4062,1536,4702.0
microsoft1es@2025-12-26T16:44:00.337Z,test-control,microsoft1es,,,2025-12-26T16:44:00.337Z,0.677200,0.105700,0.778200,0.116100,1.1991,1536,6548.4
microsoft1es@2025-12-26T17:44:17.889Z,test-control,microsoft1es,,,2025-12-26T17:44:17.889Z,0.675800,0.114500,0.770200,0.115400,1.2555,1536,6416.0
microsoft1es@2025-12-26T18:47:47.228Z,test-control,microsoft1es,,,2025-12-26T18:47:47.228Z,0.666200,0.123000,0.750200,0.126800,1.3525,1536,2997.3
microsoft1es@2025-12-26T19:58:21.194Z,test-control,microsoft1es,,,2025-12-26T19:58:21.194Z,0.642500,0.106000,0.772500,0.121400,1.3206,1536,3222.3
microsoft1es@2025-12-26T20:59:13.163Z,test-control,microsoft1es,,,2025-12-26T20:59:13.163Z,0.643100,0.114300,0.769000,0.116700,1.3389,1536,3109.5
microsoft1es@2025-12-26T22:00:28.568Z,test-control,microsoft1es,,,2025-12-26T22:00:28.568Z,0.599600,0.105900,0.769400,0.124700,1.3316,1536,4000.8
microsoft1es@2025-12-26T23:12:22.280Z,test-control,microsoft1es,,,2025-12-26T23:12:22.280Z,0.600500,0.113800,0.764200,0.122100,1.3978,1536,7322.3
microsoft1es@2025-12-27T00:14:16.604Z,test-control,microsoft1es,,,2025-12-27T00:14:16.604Z,0.654400,0.145800,0.719700,0.134400,1.3489,1536,6714.6
microsoft1es@2025-12-27T01:16:28.341Z,test-control,microsoft1es,,,2025-12-27T01:16:28.341Z,0.580600,0.116100,0.770600,0.113300,1.5776,1536,3316.0
microsoft1es@2025-12-27T02:18:50.571Z,test-control,microsoft1es,,,2025-12-27T02:18:50.571Z,0.553800,0.128100,0.742400,0.129600,1.3139,1536,2973.1
microsoft1es@2025-12-27T03:27:02.347Z,test-control,microsoft1es,,,2025-12-27T03:27:02.347Z,0.597900,0.132200,0.744000,0.123800,1.3662,1536,3014.6
microsoft1es@2025-12-27T04:28:13.861Z,test-control,microsoft1es,,,2025-12-27T04:28:13.861Z,0.597800,0.097600,0.789300,0.113000,1.3306,1536,3002.3
microsoft1es@2025-12-27T05:28:30.813Z,test-control,microsoft1es,,,2025-12-27T05:28:30.813Z,0.600400,0.098600,0.787900,0.113400,1.3823,1536,3263.9
microsoft1es@2025-12-27T06:29:37.048Z,test-control,microsoft1es,,,2025-12-27T06:29:37.048Z,0.606500,0.092400,0.791900,0.115800,1.4079,1536,6957.2
microsoft1es@2025-12-27T07:31:34.178Z,test-control,microsoft1es,,,2025-12-27T07:31:34.178Z,0.624400,0.114500,0.744200,0.141200,1.4340,1536,7443.4
microsoft1es@2025-12-29T08:16:38.995Z,test-control,microsoft1es,,,2025-12-29T08:16:38.995Z,0.559900,0.107800,0.777700,0.114500,1.2317,1536,3101.9
microsoft1es@2025-12-29T09:20:14.609Z,test-control,microsoft1es,,,2025-12-29T09:20:14.609Z,0.620500,0.109200,0.780700,0.110100,1.3316,1536,3476.0
microsoft1es@2025-12-29T10:29:14.638Z,test-control,microsoft1es,,,2025-12-29T10:29:14.638Z,0.632200,0.104000,0.791300,0.104700,1.2883,1536,7942.1
microsoft1es@2025-12-29T11:33:53.975Z,test-control,microsoft1es,,,2025-12-29T11:33:53.975Z,0.592200,0.101900,0.789200,0.108900,1.3496,1536,6380.0
microsoft1es@2025-12-29T12:46:12.683Z,test-control,microsoft1es,,,2025-12-29T12:46:12.683Z,0.603300,0.111700,0.766500,0.121800,1.3171,1536,3003.8
microsoft1es@2025-12-29T13:47:13.929Z,test-control,microsoft1es,,,2025-12-29T13:47:13.929Z,0.532800,0.106800,0.773200,0.120000,1.1560,1536,5361.4
microsoft1es@2025-12-29T14:47:38.283Z,test-control,microsoft1es,,,2025-12-29T14:47:38.283Z,0.545100,0.111800,0.765200,0.123000,1.2113,1536,8922.5
microsoft1es@2025-12-29T15:49:10.841Z,test-control,microsoft1es,,,2025-12-29T15:49:10.841Z,0.468300,0.103800,0.767600,0.128600,1.1393,1536,3895.7
microsoft1es@2025-12-29T16:50:48.665Z,test-control,microsoft1es,,,2025-12-29T16:50:48.665Z,0.607200,0.090800,0.800900,0.108300,1.3426,1536,6550.1
microsoft1es@2025-12-29T18:00:50.500Z,test-control,microsoft1es,,,2025-12-29T18:00:50.500Z,0.587700,0.114000,0.754900,0.131100,1.3820,1536,7364.0
microsoft1es@2025-12-29T19:06:34.792Z,test-control,microsoft1es,,,2025-12-29T19:06:34.792Z,0.648500,0.116900,0.768600,0.114500,1.3859,1536,3240.4
microsoft1es@2025-12-29T20:13:37.528Z,test-control,microsoft1es,,,2025-12-29T20:13:37.528Z,0.656400,0.127400,0.743200,0.129400,1.4142,1536,4634.0
microsoft1es@2025-12-29T21:13:41.123Z,test-control,microsoft1es,,,2025-12-29T21:13:41.123Z,0.637700,0.124200,0.745500,0.130300,1.4077,1536,6909.2
microsoft1es@2025-12-29T22:16:07.770Z,test-control,microsoft1es,,,2025-12-29T22:16:07.770Z,0.610800,0.114000,0.759600,0.126400,1.3520,1536,6183.9
microsoft1es@2025-12-29T23:27:26.309Z,test-control,microsoft1es,,,2025-12-29T23:27:26.309Z,0.544700,0.124100,0.740800,0.135200,1.3914,1536,3161.6
microsoft1es@2025-12-30T00:28:44.398Z,test-control,microsoft1es,,,2025-12-30T00:28:44.398Z,0.493600,0.117600,0.725200,0.157200,1.2971,1536,3063.7
microsoft1es@2025-12-30T01:29:26.361Z,test-control,microsoft1es,,,2025-12-30T01:29:26.361Z,0.522700,0.121000,0.755800,0.123100,1.3331,1536,4912.6
microsoft1es@2025-12-30T02:30:28.079Z,test-control,microsoft1es,,,2025-12-30T02:30:28.079Z,0.530000,0.120600,0.746200,0.133100,1.2872,1536,9154.5
microsoft1es@2025-12-30T03:31:13.355Z,test-control,microsoft1es,,,2025-12-30T03:31:13.355Z,0.631900,0.130600,0.754500,0.114900,1.4828,1536,4505.3
microsoft1es@2025-12-30T04:42:42.029Z,test-control,microsoft1es,,,2025-12-30T04:42:42.029Z,0.609800,0.129800,0.733800,0.136300,1.3952,1536,7313.9
microsoft1es@2025-12-30T05:42:57.602Z,test-control,microsoft1es,,,2025-12-30T05:42:57.602Z,0.613300,0.109200,0.766300,0.124600,1.4476,1536,7986.3
microsoft1es@2025-12-30T06:46:00.981Z,test-control,microsoft1es,,,2025-12-30T06:46:00.981Z,0.618200,0.116400,0.759900,0.123700,1.4154,1536,5033.0
microsoft1es@2025-12-30T07:46:04.437Z,test-control,microsoft1es,,,2025-12-30T07:46:04.437Z,0.627700,0.117500,0.742400,0.140100,1.4187,1536,9093.4
microsoft1es@2025-12-30T08:57:49.924Z,test-control,microsoft1es,,,2025-12-30T08:57:49.924Z,0.577500,0.096500,0.784700,0.118800,1.4308,1536,4707.8
microsoft1es@2025-12-30T09:58:18.539Z,test-control,microsoft1es,,,2025-12-30T09:58:18.539Z,0.595900,0.105000,0.769100,0.126000,1.3945,1536,8424.4
microsoft1es@2025-12-30T11:15:37.576Z,test-control,microsoft1es,,,2025-12-30T11:15:37.576Z,0.555200,0.094600,0.793400,0.112000,1.2964,1536,4842.2
microsoft1es@2025-12-30T12:15:58.681Z,test-control,microsoft1es,,,2025-12-30T12:15:58.681Z,0.566200,0.106800,0.760600,0.132700,1.3237,1536,2928.2
microsoft1es@2025-12-30T13:17:28.299Z,test-control,microsoft1es,,,2025-12-30T13:17:28.299Z,0.557600,0.092200,0.801200,0.106600,1.1537,1536,3311.0
microsoft1es@2025-12-30T14:30:10.086Z,test-control,microsoft1es,,,2025-12-30T14:30:10.086Z,0.561300,0.100800,0.781800,0.117400,1.1955,1536,5198.9
microsoft1es@2025-12-30T15:30:32.083Z,test-control,microsoft1es,,,2025-12-30T15:30:32.083Z,0.490800,0.108400,0.762100,0.129500,1.0504,1536,8558.0
microsoft1es@2025-12-30T16:33:28.401Z,test-control,microsoft1es,,,2025-12-30T16:33:28.401Z,0.558600,0.101400,0.772300,0.126300,1.2679,1536,4271.0
microsoft1es@2025-12-30T17:37:50.239Z,test-control,microsoft1es,,,2025-12-30T17:37:50.239Z,0.598100,0.104200,0.779500,0.116200,1.2424,1536,3022.1
microsoft1es@2025-12-30T18:43:20.838Z,test-control,microsoft1es,,,2025-12-30T18:43:20.838Z,0.669400,0.111300,0.761700,0.127100,1.3040,1536,3124.4
microsoft1es@2025-12-30T19:58:03.640Z,test-control,microsoft1es,,,2025-12-30T19:58:03.640Z,0.610600,0.100600,0.775200,0.124200,1.2722,1536,3077.5
microsoft1es@2025-12-30T20:58:59.109Z,test-control,microsoft1es,,,2025-12-30T20:58:59.109Z,0.651000,0.107100,0.769400,0.123600,1.2800,1536,8133.4
microsoft1es@2025-12-30T21:59:02.519Z,test-control,microsoft1es,,,2025-12-30T21:59:02.519Z,0.631800,0.127300,0.735000,0.137700,1.2552,1536,6296.7
microsoft1es@2025-12-30T23:13:22.723Z,test-control,microsoft1es,,,2025-12-30T23:13:22.723Z,0.606200,0.126300,0.761400,0.112300,1.3549,1536,6406.7
microsoft1es@2025-12-31T00:15:24.536Z,test-control,microsoft1es,,,2025-12-31T00:15:24.536Z,0.609700,0.130100,0.747500,0.122400,1.3385,1536,7877.9
microsoft1es@2025-12-31T01:22:35.046Z,test-control,microsoft1es,,,2025-12-31T01:22:35.046Z,0.532400,0.105900,0.774900,0.119100,1.2048,1536,3146.1
microsoft1es@2025-12-31T02:30:43.921Z,test-control,microsoft1es,,,2025-12-31T02:30:43.921Z,0.553700,0.120500,0.770000,0.109500,1.2762,1536,5840.9
microsoft1es@2025-12-31T03:31:00.134Z,test-control,microsoft1es,,,2025-12-31T03:31:00.134Z,0.609000,0.127400,0.751000,0.121600,1.3200,1536,7745.9
microsoft1es@2025-12-31T04:51:51.591Z,test-control,microsoft1es,,,2025-12-31T04:51:51.591Z,0.595900,0.103200,0.770500,0.126300,1.3406,1536,4212.6
microsoft1es@2025-12-31T05:57:55.567Z,test-control,microsoft1es,,,2025-12-31T05:57:55.567Z,0.589400,0.097400,0.780600,0.122000,1.3488,1536,2932.1
microsoft1es@2025-12-31T07:00:58.423Z,test-control,microsoft1es,,,2025-12-31T07:00:58.423Z,0.656900,0.107100,0.766000,0.126900,1.3504,1536,4632.2
microsoft1es@2025-12-31T08:09:29.456Z,test-control,microsoft1es,,,2025-12-31T08:09:29.456Z,0.568300,0.106000,0.781400,0.112600,1.4103,1536,5733.2
microsoft1es@2025-12-31T09:14:19.258Z,test-control,microsoft1es,,,2025-12-31T09:14:19.258Z,0.587600,0.110600,0.764800,0.124600,1.4729,1536,5834.2
microsoft1es@2025-12-31T10:15:14.225Z,test-control,microsoft1es,,,2025-12-31T10:15:14.225Z,0.533100,0.094500,0.785000,0.120400,1.2389,1536,4465.2
microsoft1es@2025-12-31T11:16:40.090Z,test-control,microsoft1es,,,2025-12-31T11:16:40.090Z,0.556200,0.106800,0.776200,0.117000,1.3213,1536,2820.6
microsoft1es@2025-12-31T12:17:09.320Z,test-control,microsoft1es,,,2025-12-31T12:17:09.320Z,0.540500,0.097000,0.789200,0.113800,1.2623,1536,3283.8
microsoft1es@2025-12-31T13:27:20.373Z,test-control,microsoft1es,,,2025-12-31T13:27:20.373Z,0.539400,0.102400,0.791200,0.106400,1.2395,1536,8364.8
microsoft1es@2025-12-31T14:28:35.232Z,test-control,microsoft1es,,,2025-12-31T14:28:35.232Z,0.521900,0.089000,0.805200,0.105800,1.2235,1536,5443.7
microsoft1es@2025-12-31T15:28:44.503Z,test-control,microsoft1es,,,2025-12-31T15:28:44.503Z,0.500000,0.101900,0.775200,0.123000,1.0802,1536,2839.6
microsoft1es@2025-12-31T16:29:32.687Z,test-control,microsoft1es,,,2025-12-31T16:29:32.687Z,0.513200,0.094100,0.785500,0.120400,1.1205,1536,3266.6
microsoft1es@2025-12-31T17:30:16.836Z,test-control,microsoft1es,,,2025-12-31T17:30:16.836Z,0.626500,0.085400,0.808000,0.106600,1.2495,1536,6265.0
microsoft1es@2025-12-31T18:42:27.815Z,test-control,microsoft1es,,,2025-12-31T18:42:27.815Z,0.663800,0.104700,0.776600,0.118700,1.2609,1536,7365.4
microsoft1es@2025-12-31T19:58:18.171Z,test-control,microsoft1es,,,2025-12-31T19:58:18.171Z,0.649200,0.107100,0.778200,0.114700,1.2572,1536,3499.3
microsoft1es@2025-12-31T21:12:27.908Z,test-control,microsoft1es,,,2025-12-31T21:12:27.908Z,0.666000,0.113400,0.766500,0.120100,1.3321,1536,2815.1
microsoft1es@2025-12-31T22:13:14.977Z,test-control,microsoft1es,,,2025-12-31T22:13:14.977Z,0.655200,0.109300,0.776600,0.114100,1.3207,1536,3322.9
microsoft1es@2025-12-31T23:26:40.519Z,test-control,microsoft1es,,,2025-12-31T23:26:40.519Z,0.594500,0.114200,0.770400,0.115400,1.3801,1536,9091.9
GitHub Actions@2025-08-27T18:53:31.308Z,test-control,GitHub Actions,,,2025-08-27T18:53:31.308Z,0.554000,0.107900,0.741200,0.150900,1.2781,1536,5443.1
GitHub Actions@2025-08-28T17:09:48.642Z,test-control,GitHub Actions,,,2025-08-28T17:09:48.642Z,0.513900,0.087200,0.776100,0.136700,1.4312,1536,4325.7
GitHub Actions@2025-08-28T18:25:04.086Z,test-control,GitHub Actions,,,2025-08-28T18:25:04.086Z,0.502300,0.076900,0.817000,0.106100,1.4424,1536,8106.1
GitHub Actions@2025-08-29T01:56:58.747Z,test-control,GitHub Actions,,,2025-08-29T01:56:58.747Z,0.510700,0.097500,0.748300,0.154200,1.2866,1536,5605.7
GitHub Actions@2025-08-29T03:24:19.659Z,test-control,GitHub Actions,,,2025-08-29T03:24:19.659Z,0.447000,0.093000,0.822500,0.084500,1.3132,1536,2993.2
GitHub Actions@2025-08-29T07:07:40.062Z,test-control,GitHub Actions,,,2025-08-29T07:07:40.062Z,0.475500,0.095200,0.800600,0.104200,1.4724,1536,3412.4
GitHub Actions@2025-08-30T05:21:28.479Z,test-control,GitHub Actions,,,2025-08-30T05:21:28.479Z,0.475000,0.101100,0.804600,0.094300,1.2444,1536,8968.2
GitHub Actions@2025-08-30T07:44:37.818Z,test-control,GitHub Actions,,,2025-08-30T07:44:37.818Z,0.521000,0.086900,0.817500,0.095600,1.2504,1536,5929.9
GitHub Actions@2025-08-31T10:54:14.829Z,test-control,GitHub Actions,,,2025-08-31T10:54:14.829Z,0.480700,0.081400,0.820100,0.098400,1.2744,1536,4960.9
GitHub Actions@2025-09-01T05:42:45.251Z,test-control,GitHub Actions,,,2025-09-01T05:42:45.251Z,0.523300,0.111500,0.714500,0.174000,1.3286,1536,8152.4
GitHub Actions@2025-09-01T10:42:30.020Z,test-control,GitHub Actions,,,2025-09-01T10:42:30.020Z,0.483700,0.118200,0.715300,0.166500,1.2848,1536,4509.3
GitHub Actions@2025-09-01T11:46:49.306Z,test-control,GitHub Actions,,,2025-09-01T11:46:49.306Z,0.507400,0.099900,0.749500,0.150600,1.3469,1536,4080.3
GitHub Actions@2025-09-01T13:27:18.490Z,test-control,GitHub Actions,,,2025-09-01T13:27:18.490Z,0.492400,0.096000,0.766600,0.137400,1.2601,1536,6977.3
GitHub Actions@2025-09-02T03:32:23.774Z,test-control,GitHub Actions,,,2025-09-02T03:32:23.774Z,0.503800,0.076000,0.840500,0.083400,1.1812,1536,6556.9
GitHub Actions@2025-09-02T09:11:52.303Z,test-control,GitHub Actions,,,2025-09-02T09:11:52.303Z,0.516100,0.070300,0.854700,0.074900,1.2840,1536,3040.4
GitHub Actions@2025-09-02T10:37:13.184Z,test-control,GitHub Actions,,,2025-09-02T10:37:13.184Z,0.496600,0.097600,0.759500,0.142900,1.2203,1536,3095.6
GitHub Actions@2025-09-02T11:50:21.064Z,test-control,GitHub Actions,,,2025-09-02T11:50:21.064Z,0.502900,0.098100,0.756800,0.145100,1.2226,1536,7180.8
GitHub Actions@2025-09-02T18:08:51.093Z,test-control,GitHub Actions,,,2025-09-02T18:08:51.093Z,0.492000,0.080300,0.843500,0.076200,1.2520,1536,7891.9
GitHub Actions@2025-09-03T11:27:10.089Z,test-control,GitHub Actions,,,2025-09-03T11:27:10.089Z,0.483400,0.103800,0.749800,0.146500,1.3395,1536,2940.2
GitHub Actions@2025-09-03T15:47:51.102Z,test-control,GitHub Actions,,,2025-09-03T15:47:51.102Z,0.485700,0.075100,0.816900,0.108000,1.3954,1536,3217.4
GitHub Actions@2025-09-03T19:57:10.317Z,test-control,GitHub Actions,,,2025-09-03T19:57:10.317Z,0.503100,0.091200,0.775600,0.133200,1.2497,1536,7085.3
GitHub Actions@2025-09-05T11:08:33.736Z,test-control,GitHub Actions,,,2025-09-05T11:08:33.736Z,0.448300,0.083900,0.818400,0.097700,1.2367,1536,7150.3
GitHub Actions@2025-09-06T07:01:48.294Z,test-control,GitHub Actions,,,2025-09-06T07:01:48.294Z,0.541600,0.088600,0.795300,0.116200,1.3625,1536,3134.6
GitHub Actions@2025-09-08T03:40:57.640Z,test-control,GitHub Actions,,,2025-09-08T03:40:57.640Z,0.484000,0.077600,0.829200,0.093200,1.2656,1536,5259.4
GitHub Actions@2025-09-08T06:48:43.749Z,test-control,GitHub Actions,,,2025-09-08T06:48:43.749Z,0.493400,0.081100,0.823400,0.095500,1.3082,1536,7865.2
GitHub Actions@2025-09-08T14:05:00.516Z,test-control,GitHub Actions,,,2025-09-08T14:05:00.516Z,0.494600,0.082200,0.816300,0.101500,1.4304,1536,4845.1
GitHub Actions@2025-09-08T17:04:19.635Z,test-control,GitHub Actions,,,2025-09-08T17:04:19.635Z,0.511400,0.084300,0.816300,0.099400,1.3890,1536,3158.5
GitHub Actions@2025-09-09T18:46:56.481Z,test-control,GitHub Actions,,,2025-09-09T18:46:56.481Z,0.460800,0.096500,0.815000,0.088500,1.3013,1536,3501.0
GitHub Actions@2025-09-10T11:34:10.080Z,test-control,GitHub Actions,,,2025-09-10T11:34:10.080Z,0.606900,0.115900,0.714800,0.169400,1.2285,1536,6648.1
GitHub Actions@2025-09-10T14:57:25.194Z,test-control,GitHub Actions,,,2025-09-10T14:57:25.194Z,0.479600,0.070700,0.829300,0.100000,1.2464,1536,8143.4
GitHub Actions@2025-09-12T11:07:02.564Z,test-control,GitHub Actions,,,2025-09-12T11:07:02.564Z,0.468300,0.099800,0.798100,0.102200,1.3986,1536,3360.4
GitHub Actions@2025-09-12T13:19:26.318Z,test-control,GitHub Actions,,,2025-09-12T13:19:26.318Z,0.499800,0.095800,0.804900,0.099300,1.4023,1536,7485.3
GitHub Actions@2025-09-14T17:15:47.504Z,test-control,GitHub Actions,,,2025-09-14T17:15:47.504Z,0.517200,0.085300,0.803600,0.111100,1.6426,1536,8170.5
GitHub Actions@2025-09-15T03:07:53.590Z,test-control,GitHub Actions,,,2025-09-15T03:07:53.590Z,0.505400,0.078500,0.839100,0.082300,1.2855,1536,3074.4
GitHub Actions@2025-09-15T06:33:34.706Z,test-control,GitHub Actions,,,2025-09-15T06:33:34.706Z,0.564000,0.076800,0.837300,0.085900,1.2532,1536,3066.4
GitHub Actions@2025-09-15T09:51:02.816Z,test-control,GitHub Actions,,,2025-09-15T09:51:02.816Z,0.494600,0.092800,0.798500,0.108600,1.3037,1536,5389.3
GitHub Actions@2025-09-15T11:25:52.623Z,test-control,GitHub Actions,,,2025-09-15T11:25:52.623Z,0.499700,0.094400,0.801600,0.104000,1.3141,1536,8687.9
GitHub Actions@2025-09-15T12:31:41.756Z,test-control,GitHub Actions,,,2025-09-15T12:31:41.756Z,0.505200,0.087200,0.816100,0.096700,1.3252,1536,3753.9
GitHub Actions@2025-09-15T15:45:55.514Z,test-control,GitHub Actions,,,2025-09-15T15:45:55.514Z,0.525500,0.071400,0.838200,0.090400,1.3061,1536,3055.7
GitHub Actions@2025-09-15T17:04:38.296Z,test-control,GitHub Actions,,,2025-09-15T17:04:38.296Z,0.522100,0.074900,0.833800,0.091400,1.3887,1536,6257.3
GitHub Actions@2025-09-18T11:57:59.271Z,test-control,GitHub Actions,,,2025-09-18T11:57:59.271Z,0.516600,0.087200,0.836600,0.076100,1.4409,1536,7889.0
GitHub Actions@2025-09-18T14:08:10.821Z,test-control,GitHub Actions,,,2025-09-18T14:08:10.821Z,0.536200,0.095400,0.812700,0.091900,1.2738,1536,3189.5
GitHub Actions@2025-09-18T16:44:28.848Z,test-control,GitHub Actions,,,2025-09-18T16:44:28.848Z,0.479700,0.085900,0.825900,0.088100,1.2979,1536,2953.4
GitHub Actions@2025-09-22T11:20:58.610Z,test-control,GitHub Actions,,,2025-09-22T11:20:58.610Z,0.488600,0.086000,0.818400,0.095600,1.3458,1536,6721.6
GitHub Actions@2025-09-22T13:03:13.113Z,test-control,GitHub Actions,,,2025-09-22T13:03:13.113Z,0.527300,0.089300,0.816400,0.094300,1.3731,1536,8830.3
GitHub Actions@2025-09-22T16:08:01.681Z,test-control,GitHub Actions,,,2025-09-22T16:08:01.681Z,0.493100,0.085000,0.826900,0.088100,1.3461,1536,3344.6
GitHub Actions@2025-09-22T17:19:25.632Z,test-control,GitHub Actions,,,2025-09-22T17:19:25.632Z,0.494900,0.089100,0.816100,0.094800,1.3748,1536,6395.9
GitHub Actions@2025-09-22T22:59:02.267Z,test-control,GitHub Actions,,,2025-09-22T22:59:02.267Z,0.459100,0.081000,0.806500,0.112500,1.3895,1536,6855.1
GitHub Actions@2025-09-23T12:38:55.477Z,test-control,GitHub Actions,,,2025-09-23T12:38:55.477Z,0.484400,0.084000,0.838000,0.077900,1.4079,1536,4194.2
GitHub Actions@2025-09-24T04:23:34.185Z,test-control,GitHub Actions,,,2025-09-24T04:23:34.185Z,0.475400,0.084500,0.816500,0.099000,1.2862,1536,5711.9
GitHub Actions@2025-09-25T05:47:26.433Z,test-control,GitHub Actions,,,2025-09-25T05:47:26.433Z,0.514600,0.102400,0.763600,0.134000,1.5112,1536,8415.7
GitHub Actions@2025-09-25T14:59:18.145Z,test-control,GitHub Actions,,,2025-09-25T14:59:18.145Z,0.512600,0.112300,0.721100,0.166700,1.2288,1536,3358.4
GitHub Actions@2025-09-25T16:22:58.398Z,test-control,GitHub Actions,,,2025-09-25T16:22:58.398Z,0.486300,0.091800,0.785300,0.122800,1.2721,1536,6106.1
GitHub Actions@2025-09-25T18:52:07.137Z,test-control,GitHub Actions,,,2025-09-25T18:52:07.137Z,0.502700,0.090400,0.780900,0.128700,1.3002,1536,8285.6
GitHub Actions@2025-09-27T02:40:12.009Z,test-control,GitHub Actions,,,2025-09-27T02:40:12.009Z,0.545700,0.099200,0.744400,0.156400,1.3311,1536,2882.0
GitHub Actions@2025-09-27T05:16:56.713Z,test-control,GitHub Actions,,,2025-09-27T05:16:56.713Z,0.497000,0.088300,0.780500,0.131200,1.2769,1536,2813.3
GitHub Actions@2025-09-27T06:27:00.904Z,test-control,GitHub Actions,,,2025-09-27T06:27:00.904Z,0.492700,0.091300,0.786300,0.122400,1.2424,1536,3209.3
GitHub Actions@2025-09-28T06:14:15.631Z,test-control,GitHub Actions,,,2025-09-28T06:14:15.631Z,0.521200,0.084500,0.801300,0.114300,1.4569,1536,6757.7
GitHub Actions@2025-09-28T08:38:31.364Z,test-control,GitHub Actions,,,2025-09-28T08:38:31.364Z,0.499200,0.085300,0.820300,0.094400,1.4009,1536,7349.6
GitHub Actions@2025-09-28T12:48:27.808Z,test-control,GitHub Actions,,,2025-09-28T12:48:27.808Z,0.479600,0.073400,0.841000,0.085500,1.4187,1536,3226.7
GitHub Actions@2025-09-28T14:12:14.918Z,test-control,GitHub Actions,,,2025-09-28T14:12:14.918Z,0.483400,0.076000,0.835800,0.088100,1.4197,1536,2853.2
GitHub Actions@2025-09-28T15:40:57.467Z,test-control,GitHub Actions,,,2025-09-28T15:40:57.467Z,0.491200,0.099800,0.792600,0.107500,1.4394,1536,2797.1
GitHub Actions@2025-09-28T19:23:54.582Z,test-control,GitHub Actions,,,2025-09-28T19:23:54.582Z,0.487200,0.101300,0.813300,0.085400,1.4310,1536,2781.6
GitHub Actions@2025-09-29T11:06:43.020Z,test-control,GitHub Actions,,,2025-09-29T11:06:43.020Z,0.538800,0.095100,0.774500,0.130400,1.2765,1536,2818.8
GitHub Actions@2025-09-29T15:23:45.389Z,test-control,GitHub Actions,,,2025-09-29T15:23:45.389Z,0.461000,0.087800,0.787200,0.125000,1.2826,1536,4267.8
GitHub Actions@2025-09-29T17:06:34.271Z,test-control,GitHub Actions,,,2025-09-29T17:06:34.271Z,0.495300,0.081100,0.794900,0.124100,1.2814,1536,6931.9
GitHub Actions@2025-09-29T20:44:13.507Z,test-control,GitHub Actions,,,2025-09-29T20:44:13.507Z,0.503900,0.081400,0.798700,0.119900,1.2369,1536,5985.9
GitHub Actions@2025-09-30T00:14:39.074Z,test-control,GitHub Actions,,,2025-09-30T00:14:39.074Z,0.495300,0.066800,0.846100,0.087100,1.2260,1536,3046.3
GitHub Actions@2025-09-30T05:47:25.307Z,test-control,GitHub Actions,,,2025-09-30T05:47:25.307Z,0.507600,0.085600,0.797100,0.117300,1.2652,1536,2934.8
GitHub Actions@2025-09-30T16:27:51.837Z,test-control,GitHub Actions,,,2025-09-30T16:27:51.837Z,0.495800,0.113300,0.714200,0.172500,1.2449,1536,2854.3
GitHub Actions@2025-10-01T05:39:10.821Z,test-control,GitHub Actions,,,2025-10-01T05:39:10.821Z,0.508700,0.080600,0.807300,0.112100,1.4824,1536,3082.9
GitHub Actions@2025-10-01T08:50:39.634Z,test-control,GitHub Actions,,,2025-10-01T08:50:39.634Z,0.510400,0.071700,0.831100,0.097100,1.4656,1536,6676.9
GitHub Actions@2025-10-01T11:45:19.004Z,test-control,GitHub Actions,,,2025-10-01T11:45:19.004Z,0.500600,0.072000,0.839800,0.088200,1.4204,1536,7350.5
GitHub Actions@2025-10-01T23:35:08.733Z,test-control,GitHub Actions,,,2025-10-01T23:35:08.733Z,0.497700,0.100000,0.741200,0.158800,1.2543,1536,3341.9
GitHub Actions@2025-10-02T05:16:52.346Z,test-control,GitHub Actions,,,2025-10-02T05:16:52.346Z,0.507900,0.095000,0.756700,0.148300,1.2079,1536,8826.8
GitHub Actions@2025-10-02T10:08:56.084Z,test-control,GitHub Actions,,,2025-10-02T10:08:56.084Z,0.481200,0.109200,0.748000,0.142800,1.3220,1536,5567.1
GitHub Actions@2025-10-03T04:47:32.937Z,test-control,GitHub Actions,,,2025-10-03T04:47:32.937Z,0.524300,0.092200,0.780800,0.127000,1.5090,1536,2966.5
GitHub Actions@2025-10-03T05:48:01.342Z,test-control,GitHub Actions,,,2025-10-03T05:48:01.342Z,0.495400,0.113000,0.759400,0.127600,1.4396,1536,4756.9
GitHub Actions@2025-10-03T11:36:31.677Z,test-control,GitHub Actions,,,2025-10-03T11:36:31.677Z,0.526100,0.087300,0.823700,0.089000,1.3724,1536,8997.2
GitHub Actions@2025-10-03T14:00:24.099Z,test-control,GitHub Actions,,,2025-10-03T14:00:24.099Z,0.439100,0.088800,0.812800,0.098400,1.1482,1536,3597.9
GitHub Actions@2025-10-05T05:17:15.873Z,test-control,GitHub Actions,,,2025-10-05T05:17:15.873Z,0.456100,0.097600,0.777200,0.125300,1.4025,1536,8093.2
GitHub Actions@2025-10-05T10:26:57.811Z,test-control,GitHub Actions,,,2025-10-05T10:26:57.811Z,0.541100,0.108800,0.730000,0.161200,1.2628,1536,6211.0
GitHub Actions@2025-10-06T05:17:25.161Z,test-control,GitHub Actions,,,2025-10-06T05:17:25.161Z,0.475800,0.096300,0.782200,0.121500,1.4426,1536,2884.3
GitHub Actions@2025-10-06T12:19:45.102Z,test-control,GitHub Actions,,,2025-10-06T12:19:45.102Z,0.510000,0.110800,0.727800,0.161400,1.2663,1536,3102.6
GitHub Actions@2025-10-06T13:19:46.424Z,test-control,GitHub Actions,,,2025-10-06T13:19:46.424Z,0.476800,0.078100,0.831400,0.090600,1.3681,1536,5401.2
GitHub Actions@2025-10-06T14:32:50.151Z,test-control,GitHub Actions,,,2025-10-06T14:32:50.151Z,0.476100,0.077300,0.836700,0.086000,1.3314,1536,6234.7
GitHub Actions@2025-10-06T16:31:11.450Z,test-control,GitHub Actions,,,2025-10-06T16:31:11.450Z,0.471300,0.071900,0.848000,0.080100,1.3468,1536,6014.5
GitHub Actions@2025-10-07T02:02:50.586Z,test-control,GitHub Actions,,,2025-10-07T02:02:50.586Z,0.565600,0.097100,0.753800,0.149100,1.2516,1536,3209.6
GitHub Actions@2025-10-07T03:16:41.938Z,test-control,GitHub Actions,,,2025-10-07T03:16:41.938Z,0.484600,0.080900,0.828500,0.090700,1.3107,1536,3135.4
GitHub Actions@2025-10-07T05:17:04.152Z,test-control,GitHub Actions,,,2025-10-07T05:17:04.152Z,0.486300,0.080700,0.827700,0.091500,1.2967,1536,4703.5
GitHub Actions@2025-10-07T21:29:44.305Z,test-control,GitHub Actions,,,2025-10-07T21:29:44.305Z,0.594800,0.142100,0.726700,0.131200,1.4294,1536,9423.7
GitHub Actions@2025-10-08T13:04:05.325Z,test-control,GitHub Actions,,,2025-10-08T13:04:05.325Z,0.547300,0.096100,0.766600,0.137300,1.3945,1536,4996.6
GitHub Actions@2025-10-08T16:36:21.325Z,test-control,GitHub Actions,,,2025-10-08T16:36:21.325Z,0.468600,0.079600,0.795100,0.125300,1.4237,1536,8993.5
GitHub Actions@2025-10-11T09:54:31.372Z,test-control,GitHub Actions,,,2025-10-11T09:54:31.372Z,0.505300,0.079700,0.815100,0.105200,1.5183,1536,3789.7
GitHub Actions@2025-10-11T12:19:25.847Z,test-control,GitHub Actions,,,2025-10-11T12:19:25.847Z,0.517700,0.068100,0.834600,0.097300,1.4736,1536,2946.8
GitHub Actions@2025-10-13T07:38:03.359Z,test-control,GitHub Actions,,,2025-10-13T07:38:03.359Z,0.521900,0.087200,0.803700,0.109000,1.3145,1536,3502.7
GitHub Actions@2025-10-13T17:04:26.183Z,test-control,GitHub Actions,,,2025-10-13T17:04:26.183Z,0.484200,0.077500,0.834700,0.087800,1.2146,1536,8096.5
GitHub Actions@2025-10-15T07:06:46.895Z,test-control,GitHub Actions,,,2025-10-15T07:06:46.895Z,0.441100,0.110800,0.747300,0.141800,1.3324,1536,5848.9
GitHub Actions@2025-10-15T08:59:37.837Z,test-control,GitHub Actions,,,2025-10-15T08:59:37.837Z,0.500000,0.083800,0.822600,0.093700,1.2941,1536,4396.2
GitHub Actions@2025-10-15T12:33:10.025Z,test-control,GitHub Actions,,,2025-10-15T12:33:10.025Z,0.518600,0.086000,0.823100,0.091000,1.3071,1536,8537.2
GitHub Actions@2025-10-16T09:23:04.982Z,test-control,GitHub Actions,,,2025-10-16T09:23:04.982Z,0.521300,0.094600,0.793400,0.112000,1.3946,1536,4432.4
GitHub Actions@2025-10-17T05:10:18.296Z,test-control,GitHub Actions,,,2025-10-17T05:10:18.296Z,0.494300,0.093400,0.798000,0.108600,1.3041,1536,2872.9
GitHub Actions@2025-10-17T06:55:50.887Z,test-control,GitHub Actions,,,2025-10-17T06:55:50.887Z,0.495000,0.089300,0.806200,0.104500,1.3321,1536,4356.1
GitHub Actions@2025-10-17T19:14:17.361Z,test-control,GitHub Actions,,,2025-10-17T19:14:17.361Z,0.505700,0.086300,0.797900,0.115800,1.4742,1536,6077.8
GitHub Actions@2025-10-18T05:17:09.296Z,test-control,GitHub Actions,,,2025-10-18T05:17:09.296Z,0.488700,0.104200,0.763200,0.132700,1.4267,1536,4237.0
GitHub Actions@2025-10-18T06:53:29.561Z,test-control,GitHub Actions,,,2025-10-18T06:53:29.561Z,0.471700,0.105000,0.760400,0.134600,1.4556,1536,5742.8
GitHub Actions@2025-10-19T22:31:54.501Z,test-control,GitHub Actions,,,2025-10-19T22:31:54.501Z,0.458400,0.087300,0.813200,0.099500,1.2789,1536,2957.5
GitHub Actions@2025-10-20T06:33:06.947Z,test-control,GitHub Actions,,,2025-10-20T06:33:06.947Z,0.519700,0.080000,0.828500,0.091500,1.3225,1536,2857.6
GitHub Actions@2025-10-20T15:50:46.045Z,test-control,GitHub Actions,,,2025-10-20T15:50:46.045Z,0.478300,0.098200,0.749100,0.152700,1.2929,1536,3206.2
GitHub Actions@2025-10-20T17:04:44.679Z,test-control,GitHub Actions,,,2025-10-20T17:04:44.679Z,0.473100,0.083600,0.790900,0.125500,1.3211,1536,5348.0
GitHub Actions@2025-10-20T18:51:05.929Z,test-control,GitHub Actions,,,2025-10-20T18:51:05.929Z,0.471600,0.080000,0.795700,0.124300,1.3531,1536,4872.4
GitHub Actions@2025-10-21T05:17:27.036Z,test-control,GitHub Actions,,,2025-10-21T05:17:27.036Z,0.449300,0.086100,0.804300,0.109600,1.4743,1536,6564.1
GitHub Actions@2025-10-21T12:36:43.261Z,test-control,GitHub Actions,,,2025-10-21T12:36:43.261Z,0.485200,0.092600,0.813500,0.093800,1.3481,1536,3243.5
GitHub Actions@2025-10-22T15:27:01.726Z,test-control,GitHub Actions,,,2025-10-22T15:27:01.726Z,0.525100,0.084900,0.814000,0.101100,1.4312,1536,2972.0
GitHub Actions@2025-10-22T17:12:42.823Z,test-control,GitHub Actions,,,2025-10-22T17:12:42.823Z,0.511400,0.093500,0.803300,0.103200,1.4955,1536,4644.8
GitHub Actions@2025-10-22T20:33:43.797Z,test-control,GitHub Actions,,,2025-10-22T20:33:43.797Z,0.494600,0.106500,0.796300,0.097200,1.5510,1536,7322.7
GitHub Actions@2025-10-23T06:44:40.131Z,test-control,GitHub Actions,,,2025-10-23T06:44:40.131Z,0.477800,0.094100,0.784100,0.121800,1.3619,1536,6593.8
GitHub Actions@2025-10-23T14:44:18.335Z,test-control,GitHub Actions,,,2025-10-23T14:44:18.335Z,0.476400,0.090400,0.822600,0.086900,1.4378,1536,9161.3
GitHub Actions@2025-10-23T17:23:30.346Z,test-control,GitHub Actions,,,2025-10-23T17:23:30.346Z,0.499300,0.071900,0.847400,0.080700,1.5493,1536,4948.5
GitHub Actions@2025-10-23T23:02:06.149Z,test-control,GitHub Actions,,,2025-10-23T23:02:06.149Z,0.514600,0.084000,0.799800,0.116200,1.3639,1536,9098.1
GitHub Actions@2025-10-27T05:57:36.537Z,test-control,GitHub Actions,,,2025-10-27T05:57:36.537Z,0.527600,0.083500,0.816400,0.100100,1.3206,1536,5130.1
GitHub Actions@2025-10-27T13:45:48.275Z,test-control,GitHub Actions,,,2025-10-27T13:45:48.275Z,0.510200,0.080200,0.840200,0.079600,1.2812,1536,7406.1
GitHub Actions@2025-10-29T05:17:43.762Z,test-control,GitHub Actions,,,2025-10-29T05:17:43.762Z,0.489800,0.100600,0.775100,0.124300,1.4129,1536,6898.4
GitHub Actions@2025-10-29T13:00:50.829Z,test-control,GitHub Actions,,,2025-10-29T13:00:50.829Z,0.526900,0.096800,0.795600,0.107600,1.4887,1536,2791.6
GitHub Actions@2025-10-29T14:21:34.375Z,test-control,GitHub Actions,,,2025-10-29T14:21:34.375Z,0.562500,0.093600,0.792800,0.113600,1.4388,1536,3227.1
GitHub Actions@2025-10-29T19:20:24.788Z,test-control,GitHub Actions,,,2025-10-29T19:20:24.788Z,0.546200,0.087300,0.814500,0.098200,1.5411,1536,7509.8
GitHub Actions@2025-10-30T09:56:09.689Z,test-control,GitHub Actions,,,2025-10-30T09:56:09.689Z,0.496400,0.092600,0.809300,0.098100,1.4497,1536,6452.4
GitHub Actions@2025-11-02T04:45:15.411Z,test-control,GitHub Actions,,,2025-11-02T04:45:15.411Z,0.526600,0.129600,0.724500,0.145900,1.2588,1536,2904.2
GitHub Actions@2025-11-02T06:52:02.127Z,test-control,GitHub Actions,,,2025-11-02T06:52:02.127Z,0.507200,0.122700,0.750100,0.127200,1.2768,1536,3121.4
GitHub Actions@2025-11-03T09:13:29.130Z,test-control,GitHub Actions,,,2025-11-03T09:13:29.130Z,0.415400,0.098100,0.791900,0.110000,1.2945,1536,2834.9
GitHub Actions@2025-11-03T17:05:02.164Z,test-control,GitHub Actions,,,2025-11-03T17:05:02.164Z,0.523400,0.098300,0.783000,0.118800,1.3625,1536,2855.2
GitHub Actions@2025-11-03T19:15:59.044Z,test-control,GitHub Actions,,,2025-11-03T19:15:59.044Z,0.521700,0.084200,0.812300,0.103500,1.4455,1536,2792.9
GitHub Actions@2025-11-05T01:27:29.626Z,test-control,GitHub Actions,,,2025-11-05T01:27:29.626Z,0.493100,0.095600,0.804800,0.099600,1.4093,1536,3027.0
GitHub Actions@2025-11-05T04:40:02.804Z,test-control,GitHub Actions,,,2025-11-05T04:40:02.804Z,0.494200,0.081700,0.825100,0.093200,1.4020,1536,6600.7
GitHub Actions@2025-11-05T08:24:20.391Z,test-control,GitHub Actions,,,2025-11-05T08:24:20.391Z,0.511100,0.085700,0.797400,0.116900,1.3411,1536,7774.6
GitHub Actions@2025-11-06T05:17:44.200Z,test-control,GitHub Actions,,,2025-11-06T05:17:44.200Z,0.472500,0.127100,0.747600,0.125300,1.3497,1536,3515.4
GitHub Actions@2025-11-06T06:40:20.629Z,test-control,GitHub Actions,,,2025-11-06T06:40:20.629Z,0.454900,0.089900,0.801400,0.108600,1.3408,1536,3682.7
GitHub Actions@2025-11-07T07:08:30.856Z,test-control,GitHub Actions,,,2025-11-07T07:08:30.856Z,0.470900,0.124900,0.736100,0.139000,1.3412,1536,8034.1
GitHub Actions@2025-11-07T16:22:20.177Z,test-control,GitHub Actions,,,2025-11-07T16:22:20.177Z,0.508000,0.090100,0.820200,0.089800,1.4301,1536,6891.0
GitHub Actions@2025-11-07T18:14:55.299Z,test-control,GitHub Actions,,,2025-11-07T18:14:55.299Z,0.504500,0.084100,0.826300,0.089600,1.4044,1536,2929.8
GitHub Actions@2025-11-07T21:56:07.063Z,test-control,GitHub Actions,,,2025-11-07T21:56:07.063Z,0.519400,0.086900,0.816400,0.096700,1.4043,1536,3920.1
GitHub Actions@2025-11-09T03:14:08.839Z,test-control,GitHub Actions,,,2025-11-09T03:14:08.839Z,0.537500,0.088900,0.800300,0.110800,1.4424,1536,9485.8
GitHub Actions@2025-11-09T05:17:00.347Z,test-control,GitHub Actions,,,2025-11-09T05:17:00.347Z,0.508800,0.082700,0.809500,0.107800,1.3530,1536,4486.4
GitHub Actions@2025-11-09T18:59:57.933Z,test-control,GitHub Actions,,,2025-11-09T18:59:57.933Z,0.505400,0.088600,0.805600,0.105900,1.3602,1536,3807.5
GitHub Actions@2025-11-10T08:56:40.354Z,test-control,GitHub Actions,,,2025-11-10T08:56:40.354Z,0.504400,0.122200,0.757400,0.120400,1.4382,1536,8885.6
GitHub Actions@2025-11-10T14:35:42.073Z,test-control,GitHub Actions,,,2025-11-10T14:35:42.073Z,0.517600,0.083300,0.831000,0.085700,1.5222,1536,4959.2
GitHub Actions@2025-11-10T15:43:56.675Z,test-control,GitHub Actions,,,2025-11-10T15:43:56.675Z,0.486200,0.064900,0.837800,0.097300,1.2831,1536,5493.4
GitHub Actions@2025-11-10T17:05:12.007Z,test-control,GitHub Actions,,,2025-11-10T17:05:12.007Z,0.464800,0.072400,0.805500,0.122100,1.2880,1536,8913.2
GitHub Actions@2025-11-10T21:51:43.861Z,test-control,GitHub Actions,,,2025-11-10T21:51:43.861Z,0.488800,0.067600,0.837500,0.095000,1.2056,1536,3077.2
GitHub Actions@2025-11-11T07:08:25.151Z,test-control,GitHub Actions,,,2025-11-11T07:08:25.151Z,0.517000,0.107600,0.774200,0.118200,1.3364,1536,3284.1
GitHub Actions@2025-11-11T09:18:48.804Z,test-control,GitHub Actions,,,2025-11-11T09:18:48.804Z,0.449000,0.091600,0.797500,0.111000,1.3392,1536,7033.5
GitHub Actions@2025-11-11T11:17:33.992Z,test-control,GitHub Actions,,,2025-11-11T11:17:33.992Z,0.520600,0.089000,0.827500,0.083500,1.2572,1536,7175.2
GitHub Actions@2025-11-11T13:21:12.856Z,test-control,GitHub Actions,,,2025-11-11T13:21:12.856Z,0.542900,0.087700,0.831700,0.080600,1.2986,1536,2819.0
GitHub Actions@2025-11-11T16:48:19.900Z,test-control,GitHub Actions,,,2025-11-11T16:48:19.900Z,0.511600,0.093300,0.763300,0.143400,1.2649,1536,2833.5
GitHub Actions@2025-11-12T01:16:11.712Z,test-control,GitHub Actions,,,2025-11-12T01:16:11.712Z,0.531000,0.091200,0.771400,0.137400,1.4358,1536,2755.0
GitHub Actions@2025-11-12T04:48:31.579Z,test-control,GitHub Actions,,,2025-11-12T04:48:31.579Z,0.436400,0.078100,0.792900,0.129000,1.3059,1536,2805.4
GitHub Actions@2025-11-12T08:01:45.873Z,test-control,GitHub Actions,,,2025-11-12T08:01:45.873Z,0.463800,0.097600,0.801400,0.101000,1.4779,1536,2745.0
GitHub Actions@2025-11-12T10:15:39.700Z,test-control,GitHub Actions,,,2025-11-12T10:15:39.700Z,0.463400,0.090200,0.818100,0.091600,1.4372,1536,2760.2
GitHub Actions@2025-11-12T20:12:17.674Z,test-control,GitHub Actions,,,2025-11-12T20:12:17.674Z,0.570200,0.132500,0.709200,0.158300,1.3024,1536,2771.4
GitHub Actions@2025-11-12T21:33:15.270Z,test-control,GitHub Actions,,,2025-11-12T21:33:15.270Z,0.538700,0.125800,0.741100,0.133100,1.3418,1536,2797.0
GitHub Actions@2025-11-12T22:36:09.019Z,test-control,GitHub Actions,,,2025-11-12T22:36:09.019Z,0.546500,0.126600,0.730300,0.143200,1.3671,1536,2773.5
GitHub Actions@2025-11-13T00:29:37.819Z,test-control,GitHub Actions,,,2025-11-13T00:29:37.819Z,0.472700,0.087900,0.812700,0.099400,1.3641,1536,3427.2
GitHub Actions@2025-11-13T06:10:00.341Z,test-control,GitHub Actions,,,2025-11-13T06:10:00.341Z,0.461800,0.102600,0.770600,0.126800,1.5340,1536,5514.9
GitHub Actions@2025-11-13T09:19:16.896Z,test-control,GitHub Actions,,,2025-11-13T09:19:16.896Z,0.462600,0.101100,0.781700,0.117200,1.5012,1536,4666.3
GitHub Actions@2025-11-13T18:26:48.064Z,test-control,GitHub Actions,,,2025-11-13T18:26:48.064Z,0.575200,0.085800,0.825500,0.088700,1.4634,1536,6416.6
GitHub Actions@2025-11-13T20:04:01.919Z,test-control,GitHub Actions,,,2025-11-13T20:04:01.919Z,0.577100,0.085300,0.826900,0.087800,1.4836,1536,3809.7
GitHub Actions@2025-11-13T21:05:01.958Z,test-control,GitHub Actions,,,2025-11-13T21:05:01.958Z,0.508100,0.084300,0.815100,0.100500,1.4926,1536,6259.5
GitHub Actions@2025-11-13T22:05:28.972Z,test-control,GitHub Actions,,,2025-11-13T22:05:28.972Z,0.478200,0.083700,0.816300,0.100000,1.5144,1536,8763.5
GitHub Actions@2025-11-14T00:06:45.194Z,test-control,GitHub Actions,,,2025-11-14T00:06:45.194Z,0.520200,0.085600,0.826600,0.087800,1.5066,1536,3027.7
GitHub Actions@2025-11-14T06:22:13.198Z,test-control,GitHub Actions,,,2025-11-14T06:22:13.198Z,0.469000,0.107400,0.762700,0.129900,1.3738,1536,3578.1
GitHub Actions@2025-11-14T16:30:18.592Z,test-control,GitHub Actions,,,2025-11-14T16:30:18.592Z,0.507400,0.083800,0.803800,0.112400,1.3557,1536,7443.9
GitHub Actions@2025-11-14T19:40:06.515Z,test-control,GitHub Actions,,,2025-11-14T19:40:06.515Z,0.556000,0.084600,0.834900,0.080500,1.4453,1536,7325.7
GitHub Actions@2025-11-15T07:07:21.841Z,test-control,GitHub Actions,,,2025-11-15T07:07:21.841Z,0.481000,0.101000,0.796000,0.103000,1.2878,1536,3167.6
GitHub Actions@2025-11-17T09:56:29.842Z,test-control,GitHub Actions,,,2025-11-17T09:56:29.842Z,0.455200,0.083300,0.820000,0.096800,1.3774,1536,5640.8
GitHub Actions@2025-11-17T12:48:43.545Z,test-control,GitHub Actions,,,2025-11-17T12:48:43.545Z,0.473800,0.090100,0.821500,0.088400,1.2355,1536,8527.9
GitHub Actions@2025-11-17T16:15:04.342Z,test-control,GitHub Actions,,,2025-11-17T16:15:04.342Z,0.508200,0.082100,0.830400,0.087500,1.2522,1536,3467.2
GitHub Actions@2025-11-17T17:25:21.778Z,test-control,GitHub Actions,,,2025-11-17T17:25:21.778Z,0.497000,0.084200,0.817800,0.097900,1.2930,1536,7490.4
GitHub Actions@2025-11-17T21:24:15.259Z,test-control,GitHub Actions,,,2025-11-17T21:24:15.259Z,0.481100,0.106800,0.735800,0.157400,1.2543,1536,7468.4
GitHub Actions@2025-11-18T07:08:23.063Z,test-control,GitHub Actions,,,2025-11-18T07:08:23.063Z,0.497300,0.121700,0.759600,0.118800,1.3455,1536,9255.8
GitHub Actions@2025-11-19T05:17:31.728Z,test-control,GitHub Actions,,,2025-11-19T05:17:31.728Z,0.536800,0.077800,0.815800,0.106400,1.3586,1536,6199.4
GitHub Actions@2025-11-19T06:31:54.518Z,test-control,GitHub Actions,,,2025-11-19T06:31:54.518Z,0.531400,0.075400,0.817900,0.106700,1.3381,1536,9134.3
GitHub Actions@2025-11-20T07:08:21.586Z,test-control,GitHub Actions,,,2025-11-20T07:08:21.586Z,0.508900,0.126300,0.740500,0.133300,1.3263,1536,5031.6
GitHub Actions@2025-11-21T07:08:43.712Z,test-control,GitHub Actions,,,2025-11-21T07:08:43.712Z,0.528000,0.114700,0.747000,0.138300,1.3094,1536,6507.2
GitHub Actions@2025-11-21T09:56:33.907Z,test-control,GitHub Actions,,,2025-11-21T09:56:33.907Z,0.523900,0.117000,0.747000,0.136100,1.3139,1536,7486.2
GitHub Actions@2025-11-21T16:01:08.159Z,test-control,GitHub Actions,,,2025-11-21T16:01:08.159Z,0.659200,0.108400,0.762500,0.129100,1.4105,1536,3348.6
GitHub Actions@2025-11-21T17:48:54.047Z,test-control,GitHub Actions,,,2025-11-21T17:48:54.047Z,0.493800,0.087700,0.799600,0.112700,1.4125,1536,6719.1
GitHub Actions@2025-11-21T18:51:09.808Z,test-control,GitHub Actions,,,2025-11-21T18:51:09.808Z,0.495000,0.084200,0.814300,0.101500,1.4133,1536,9487.4
GitHub Actions@2025-11-21T20:52:46.838Z,test-control,GitHub Actions,,,2025-11-21T20:52:46.838Z,0.476700,0.085000,0.809300,0.105700,1.4171,1536,9458.2
GitHub Actions@2025-11-22T07:07:25.326Z,test-control,GitHub Actions,,,2025-11-22T07:07:25.326Z,0.553900,0.117100,0.768100,0.114800,1.3537,1536,4200.3
GitHub Actions@2025-11-23T02:59:23.022Z,test-control,GitHub Actions,,,2025-11-23T02:59:23.022Z,0.565000,0.101400,0.736700,0.161900,1.3256,1536,3108.6
GitHub Actions@2025-11-23T03:59:39.433Z,test-control,GitHub Actions,,,2025-11-23T03:59:39.433Z,0.518800,0.079800,0.795700,0.124500,1.3019,1536,4861.4
GitHub Actions@2025-11-23T05:17:04.299Z,test-control,GitHub Actions,,,2025-11-23T05:17:04.299Z,0.514800,0.088100,0.772700,0.139200,1.2711,1536,6835.6
GitHub Actions@2025-11-23T11:32:31.746Z,test-control,GitHub Actions,,,2025-11-23T11:32:31.746Z,0.518500,0.104800,0.734200,0.161000,1.2854,1536,6570.2
GitHub Actions@2025-11-24T06:42:10.319Z,test-control,GitHub Actions,,,2025-11-24T06:42:10.319Z,0.523000,0.098600,0.773600,0.127800,1.2630,1536,2933.8
GitHub Actions@2025-11-24T07:47:20.458Z,test-control,GitHub Actions,,,2025-11-24T07:47:20.458Z,0.529000,0.098300,0.790200,0.111600,1.2897,1536,2835.3
GitHub Actions@2025-11-24T10:07:01.294Z,test-control,GitHub Actions,,,2025-11-24T10:07:01.294Z,0.480300,0.088000,0.822300,0.089700,1.1458,1536,2880.4
GitHub Actions@2025-11-24T12:56:10.878Z,test-control,GitHub Actions,,,2025-11-24T12:56:10.878Z,0.490500,0.092800,0.801000,0.106200,1.2454,1536,2926.5
GitHub Actions@2025-11-24T14:03:25.134Z,test-control,GitHub Actions,,,2025-11-24T14:03:25.134Z,0.497900,0.087300,0.815500,0.097200,1.2312,1536,4838.9
GitHub Actions@2025-11-24T16:19:27.158Z,test-control,GitHub Actions,,,2025-11-24T16:19:27.158Z,0.498600,0.068100,0.850200,0.081700,1.2560,1536,9749.7
GitHub Actions@2025-11-24T17:19:50.356Z,test-control,GitHub Actions,,,2025-11-24T17:19:50.356Z,0.491800,0.096200,0.775400,0.128400,1.2790,1536,9517.4
GitHub Actions@2025-11-24T18:44:10.125Z,test-control,GitHub Actions,,,2025-11-24T18:44:10.125Z,0.578000,0.092500,0.782200,0.125400,1.4932,1536,5364.0
GitHub Actions@2025-11-24T20:00:47.055Z,test-control,GitHub Actions,,,2025-11-24T20:00:47.055Z,0.579400,0.093700,0.792000,0.114300,1.5281,1536,6883.1
GitHub Actions@2025-11-24T23:15:08.214Z,test-control,GitHub Actions,,,2025-11-24T23:15:08.214Z,0.574200,0.094800,0.796800,0.108400,1.4308,1536,7621.7
GitHub Actions@2025-11-25T02:40:39.542Z,test-control,GitHub Actions,,,2025-11-25T02:40:39.542Z,0.518600,0.092500,0.776200,0.131300,1.2325,1536,3030.1
GitHub Actions@2025-11-25T07:08:39.118Z,test-control,GitHub Actions,,,2025-11-25T07:08:39.118Z,0.484800,0.119200,0.756700,0.124100,1.3083,1536,6973.2
GitHub Actions@2025-11-25T10:17:58.485Z,test-control,GitHub Actions,,,2025-11-25T10:17:58.485Z,0.481100,0.116000,0.760400,0.123600,1.3128,1536,7446.4
GitHub Actions@2025-11-25T19:51:04.362Z,test-control,GitHub Actions,,,2025-11-25T19:51:04.362Z,0.524100,0.089100,0.813000,0.097900,1.3490,1536,2945.0
GitHub Actions@2025-11-25T23:11:27.476Z,test-control,GitHub Actions,,,2025-11-25T23:11:27.476Z,0.554000,0.085300,0.820300,0.094400,1.4311,1536,3050.2
GitHub Actions@2025-11-26T07:08:20.510Z,test-control,GitHub Actions,,,2025-11-26T07:08:20.510Z,0.468800,0.089600,0.805300,0.105100,1.3259,1536,5058.6
GitHub Actions@2025-11-26T09:10:59.151Z,test-control,GitHub Actions,,,2025-11-26T09:10:59.151Z,0.514900,0.089600,0.809000,0.101400,1.3358,1536,8693.2
GitHub Actions@2025-11-26T10:32:03.443Z,test-control,GitHub Actions,,,2025-11-26T10:32:03.443Z,0.639400,0.106000,0.787800,0.106200,1.2813,1536,3776.8
GitHub Actions@2025-11-26T11:46:57.949Z,test-control,GitHub Actions,,,2025-11-26T11:46:57.949Z,0.600000,0.102400,0.790500,0.107100,1.3160,1536,5560.7
GitHub Actions@2025-11-26T13:02:18.565Z,test-control,GitHub Actions,,,2025-11-26T13:02:18.565Z,0.577300,0.097800,0.798000,0.104100,1.2790,1536,7972.1
GitHub Actions@2025-11-26T15:33:04.663Z,test-control,GitHub Actions,,,2025-11-26T15:33:04.663Z,0.588800,0.106900,0.779000,0.114100,1.2608,1536,3830.1
GitHub Actions@2025-11-26T16:44:25.267Z,test-control,GitHub Actions,,,2025-11-26T16:44:25.267Z,0.633100,0.113000,0.756500,0.130500,1.3468,1536,4551.9
GitHub Actions@2025-11-26T17:49:41.900Z,test-control,GitHub Actions,,,2025-11-26T17:49:41.900Z,0.627300,0.109400,0.772500,0.118100,1.2810,1536,8633.2
GitHub Actions@2025-11-27T08:29:56.202Z,test-control,GitHub Actions,,,2025-11-27T08:29:56.202Z,0.450700,0.121800,0.782100,0.096100,1.3922,1536,4968.6
GitHub Actions@2025-11-27T11:31:51.388Z,test-control,GitHub Actions,,,2025-11-27T11:31:51.388Z,0.520400,0.107600,0.775700,0.116700,1.3315,1536,3068.2
GitHub Actions@2025-11-27T13:16:15.443Z,test-control,GitHub Actions,,,2025-11-27T13:16:15.443Z,0.528400,0.115900,0.760000,0.124200,1.2853,1536,5146.6
GitHub Actions@2025-11-27T14:31:51.947Z,test-control,GitHub Actions,,,2025-11-27T14:31:51.947Z,0.524000,0.096800,0.785800,0.117300,1.2784,1536,7855.6
GitHub Actions@2025-11-28T07:08:23.730Z,test-control,GitHub Actions,,,2025-11-28T07:08:23.730Z,0.483400,0.122900,0.749300,0.127700,1.3292,1536,4840.8
GitHub Actions@2025-11-28T10:21:28.530Z,test-control,GitHub Actions,,,2025-11-28T10:21:28.530Z,0.467900,0.125800,0.745100,0.129100,1.3246,1536,3052.7
GitHub Actions@2025-11-28T13:46:28.803Z,test-control,GitHub Actions,,,2025-11-28T13:46:28.803Z,0.577800,0.110500,0.781900,0.107600,1.5272,1536,3001.8
GitHub Actions@2025-11-28T15:45:49.156Z,test-control,GitHub Actions,,,2025-11-28T15:45:49.156Z,0.444500,0.087500,0.814300,0.098200,1.4018,1536,3022.7
GitHub Actions@2025-11-28T17:01:12.621Z,test-control,GitHub Actions,,,2025-11-28T17:01:12.621Z,0.516000,0.090100,0.816300,0.093600,1.4799,1536,5076.1
GitHub Actions@2025-11-28T18:25:52.592Z,test-control,GitHub Actions,,,2025-11-28T18:25:52.592Z,0.539000,0.089100,0.817700,0.093200,1.5499,1536,4457.0
GitHub Actions@2025-11-28T20:58:02.914Z,test-control,GitHub Actions,,,2025-11-28T20:58:02.914Z,0.445400,0.088800,0.828100,0.083100,1.3264,1536,2940.8
GitHub Actions@2025-11-28T22:25:06.555Z,test-control,GitHub Actions,,,2025-11-28T22:25:06.555Z,0.489500,0.093100,0.768200,0.138700,1.2202,1536,3085.4
GitHub Actions@2025-11-28T23:36:18.382Z,test-control,GitHub Actions,,,2025-11-28T23:36:18.382Z,0.456300,0.093600,0.820400,0.086000,1.1847,1536,4408.4
GitHub Actions@2025-11-29T08:34:03.716Z,test-control,GitHub Actions,,,2025-11-29T08:34:03.716Z,0.464300,0.093200,0.783200,0.123500,1.3360,1536,6269.9
GitHub Actions@2025-11-29T10:15:00.574Z,test-control,GitHub Actions,,,2025-11-29T10:15:00.574Z,0.548100,0.082500,0.813200,0.104400,1.3559,1536,2975.3
GitHub Actions@2025-11-30T03:34:56.847Z,test-control,GitHub Actions,,,2025-11-30T03:34:56.847Z,0.464800,0.079400,0.828700,0.091900,1.3791,1536,4372.2
GitHub Actions@2025-11-30T05:17:09.725Z,test-control,GitHub Actions,,,2025-11-30T05:17:09.725Z,0.461500,0.078800,0.820800,0.100400,1.4125,1536,8574.7
GitHub Actions@2025-12-01T08:36:43.609Z,test-control,GitHub Actions,,,2025-12-01T08:36:43.609Z,0.453600,0.092300,0.795500,0.112200,1.3910,1536,5284.4
GitHub Actions@2025-12-01T10:22:30.857Z,test-control,GitHub Actions,,,2025-12-01T10:22:30.857Z,0.577800,0.090300,0.819100,0.090600,1.3440,1536,2877.5
GitHub Actions@2025-12-01T13:19:04.846Z,test-control,GitHub Actions,,,2025-12-01T13:19:04.846Z,0.499000,0.084400,0.809500,0.106100,1.3881,1536,2888.9
GitHub Actions@2025-12-01T14:27:34.150Z,test-control,GitHub Actions,,,2025-12-01T14:27:34.150Z,0.536100,0.087100,0.818400,0.094500,1.3494,1536,3467.8
GitHub Actions@2025-12-01T15:47:47.687Z,test-control,GitHub Actions,,,2025-12-01T15:47:47.687Z,0.490300,0.075200,0.835800,0.089000,1.2543,1536,5700.4
GitHub Actions@2025-12-01T17:06:34.241Z,test-control,GitHub Actions,,,2025-12-01T17:06:34.241Z,0.493500,0.076000,0.842200,0.081700,1.3318,1536,5007.3
GitHub Actions@2025-12-01T21:39:54.893Z,test-control,GitHub Actions,,,2025-12-01T21:39:54.893Z,0.594300,0.111300,0.775600,0.113000,1.3241,1536,6669.6
GitHub Actions@2025-12-01T23:02:23.325Z,test-control,GitHub Actions,,,2025-12-01T23:02:23.325Z,0.546300,0.096800,0.807600,0.095600,1.3448,1536,3605.5
GitHub Actions@2025-12-02T06:23:04.483Z,test-control,GitHub Actions,,,2025-12-02T06:23:04.483Z,0.513300,0.105900,0.774900,0.119200,1.4042,1536,2806.6
GitHub Actions@2025-12-02T08:40:51.220Z,test-control,GitHub Actions,,,2025-12-02T08:40:51.220Z,0.475700,0.100300,0.772200,0.127500,1.3234,1536,2795.8
GitHub Actions@2025-12-02T11:05:49.524Z,test-control,GitHub Actions,,,2025-12-02T11:05:49.524Z,0.502200,0.095900,0.762300,0.141800,1.2848,1536,2960.3
GitHub Actions@2025-12-02T13:34:09.536Z,test-control,GitHub Actions,,,2025-12-02T13:34:09.536Z,0.486100,0.095300,0.765900,0.138800,1.3368,1536,4900.6
GitHub Actions@2025-12-02T16:22:10.762Z,test-control,GitHub Actions,,,2025-12-02T16:22:10.762Z,0.506400,0.078300,0.829700,0.092100,1.3379,1536,6095.3
GitHub Actions@2025-12-02T19:33:34.169Z,test-control,GitHub Actions,,,2025-12-02T19:33:34.169Z,0.693700,0.102800,0.786800,0.110300,1.4499,1536,6596.6
GitHub Actions@2025-12-02T22:13:25.912Z,test-control,GitHub Actions,,,2025-12-02T22:13:25.912Z,0.666000,0.117700,0.757700,0.124600,1.4172,1536,3022.9
GitHub Actions@2025-12-03T04:34:59.029Z,test-control,GitHub Actions,,,2025-12-03T04:34:59.029Z,0.565100,0.109200,0.793600,0.097200,1.5727,1536,2967.8
GitHub Actions@2025-12-03T06:51:57.237Z,test-control,GitHub Actions,,,2025-12-03T06:51:57.237Z,0.590200,0.102800,0.813900,0.083300,1.4687,1536,2942.5
GitHub Actions@2025-12-03T08:11:24.399Z,test-control,GitHub Actions,,,2025-12-03T08:11:24.399Z,0.494300,0.108400,0.776200,0.115400,1.3169,1536,3155.7
GitHub Actions@2025-12-03T10:34:49.294Z,test-control,GitHub Actions,,,2025-12-03T10:34:49.294Z,0.520800,0.113300,0.780300,0.106400,1.4368,1536,7376.5
GitHub Actions@2025-12-03T13:38:37.094Z,test-control,GitHub Actions,,,2025-12-03T13:38:37.094Z,0.481600,0.107300,0.769900,0.122900,1.3580,1536,7126.2
GitHub Actions@2025-12-03T15:56:13.473Z,test-control,GitHub Actions,,,2025-12-03T15:56:13.473Z,0.556400,0.092100,0.813200,0.094700,1.3135,1536,3391.2
GitHub Actions@2025-12-03T17:19:47.332Z,test-control,GitHub Actions,,,2025-12-03T17:19:47.332Z,0.449100,0.087600,0.819700,0.092700,1.3119,1536,8004.2
GitHub Actions@2025-12-03T18:35:13.930Z,test-control,GitHub Actions,,,2025-12-03T18:35:13.930Z,0.505000,0.127500,0.757300,0.115300,1.5949,1536,6776.4
GitHub Actions@2025-12-03T19:35:20.318Z,test-control,GitHub Actions,,,2025-12-03T19:35:20.318Z,0.489800,0.118700,0.774900,0.106400,1.5622,1536,3388.7
GitHub Actions@2025-12-03T20:46:34.005Z,test-control,GitHub Actions,,,2025-12-03T20:46:34.005Z,0.523400,0.123700,0.756800,0.119600,1.5987,1536,6102.1
GitHub Actions@2025-12-03T21:46:50.679Z,test-control,GitHub Actions,,,2025-12-03T21:46:50.679Z,0.535300,0.126600,0.765400,0.108000,1.6794,1536,5887.7
GitHub Actions@2025-12-03T22:55:12.294Z,test-control,GitHub Actions,,,2025-12-03T22:55:12.294Z,0.570200,0.101300,0.798600,0.100200,1.4270,1536,5937.5
GitHub Actions@2025-12-04T00:44:16.512Z,test-control,GitHub Actions,,,2025-12-04T00:44:16.512Z,0.598700,0.096800,0.804400,0.098800,1.5060,1536,2942.7
GitHub Actions@2025-12-04T02:30:01.754Z,test-control,GitHub Actions,,,2025-12-04T02:30:01.754Z,0.595700,0.134400,0.777700,0.087900,1.6843,1536,2834.1
GitHub Actions@2025-12-04T05:17:52.130Z,test-control,GitHub Actions,,,2025-12-04T05:17:52.130Z,0.575600,0.129400,0.774900,0.095700,1.7334,1536,3037.8
GitHub Actions@2025-12-04T07:09:10.543Z,test-control,GitHub Actions,,,2025-12-04T07:09:10.543Z,0.557300,0.096400,0.798600,0.104900,1.2837,1536,5340.9
GitHub Actions@2025-12-04T08:49:46.105Z,test-control,GitHub Actions,,,2025-12-04T08:49:46.105Z,0.517200,0.090400,0.783900,0.125700,1.4517,1536,8552.4
GitHub Actions@2025-12-04T13:06:44.475Z,test-control,GitHub Actions,,,2025-12-04T13:06:44.475Z,0.502800,0.090500,0.774100,0.135400,1.3648,1536,3512.6
GitHub Actions@2025-12-04T14:15:31.293Z,test-control,GitHub Actions,,,2025-12-04T14:15:31.293Z,0.613900,0.095600,0.791000,0.113400,1.2752,1536,2878.3
GitHub Actions@2025-12-04T15:21:41.608Z,test-control,GitHub Actions,,,2025-12-04T15:21:41.608Z,0.613800,0.095100,0.789000,0.115900,1.3209,1536,2855.6
GitHub Actions@2025-12-04T17:11:38.010Z,test-control,GitHub Actions,,,2025-12-04T17:11:38.010Z,0.492300,0.073800,0.833500,0.092800,1.2960,1536,2953.6
GitHub Actions@2025-12-04T18:19:41.312Z,test-control,GitHub Actions,,,2025-12-04T18:19:41.312Z,0.496900,0.089700,0.804100,0.106200,1.3041,1536,7169.9
GitHub Actions@2025-12-04T20:21:13.975Z,test-control,GitHub Actions,,,2025-12-04T20:21:13.975Z,0.513000,0.072600,0.843900,0.083500,1.2860,1536,7756.3
GitHub Actions@2025-12-04T21:45:20.549Z,test-control,GitHub Actions,,,2025-12-04T21:45:20.549Z,0.550600,0.085700,0.836800,0.077500,1.5175,1536,3292.4
GitHub Actions@2025-12-05T00:00:06.940Z,test-control,GitHub Actions,,,2025-12-05T00:00:06.940Z,0.595700,0.098500,0.820700,0.080800,1.5985,1536,4348.6
GitHub Actions@2025-12-05T01:17:09.559Z,test-control,GitHub Actions,,,2025-12-05T01:17:09.559Z,0.645200,0.133600,0.773200,0.093200,1.4969,1536,7264.7
GitHub Actions@2025-12-05T04:21:14.206Z,test-control,GitHub Actions,,,2025-12-05T04:21:14.206Z,0.664100,0.139600,0.778500,0.081900,1.6033,1536,6855.0
GitHub Actions@2025-12-05T07:09:17.796Z,test-control,GitHub Actions,,,2025-12-05T07:09:17.796Z,0.528600,0.120800,0.768400,0.110900,1.3891,1536,3010.3
GitHub Actions@2025-12-05T09:49:29.593Z,test-control,GitHub Actions,,,2025-12-05T09:49:29.593Z,0.701900,0.084500,0.838700,0.076800,1.6023,1536,5818.6
GitHub Actions@2025-12-05T10:51:58.973Z,test-control,GitHub Actions,,,2025-12-05T10:51:58.973Z,0.473000,0.089300,0.817200,0.093500,1.2922,1536,8634.8
GitHub Actions@2025-12-05T13:04:12.204Z,test-control,GitHub Actions,,,2025-12-05T13:04:12.204Z,0.661400,0.121600,0.759700,0.118700,1.2533,1536,3180.5
GitHub Actions@2025-12-05T14:16:43.938Z,test-control,GitHub Actions,,,2025-12-05T14:16:43.938Z,0.643400,0.113300,0.775100,0.111500,1.3472,1536,4121.5
GitHub Actions@2025-12-05T15:55:11.546Z,test-control,GitHub Actions,,,2025-12-05T15:55:11.546Z,0.625700,0.112500,0.764000,0.123500,1.2738,1536,10219.4
GitHub Actions@2025-12-05T18:07:19.229Z,test-control,GitHub Actions,,,2025-12-05T18:07:19.229Z,0.555400,0.080600,0.825200,0.094200,1.5427,1536,4131.9
GitHub Actions@2025-12-05T22:53:22.146Z,test-control,GitHub Actions,,,2025-12-05T22:53:22.146Z,0.583900,0.084900,0.813800,0.101300,1.4645,1536,8256.4
GitHub Actions@2025-12-06T07:07:32.218Z,test-control,GitHub Actions,,,2025-12-06T07:07:32.218Z,0.619700,0.102400,0.795400,0.102200,1.5426,1536,5989.8
GitHub Actions@2025-12-06T18:50:28.453Z,test-control,GitHub Actions,,,2025-12-06T18:50:28.453Z,0.563700,0.102600,0.757800,0.139600,1.3403,1536,2839.9
GitHub Actions@2025-12-06T20:14:40.715Z,test-control,GitHub Actions,,,2025-12-06T20:14:40.715Z,0.523000,0.086800,0.785500,0.127700,1.3256,1536,2823.2
GitHub Actions@2025-12-08T08:58:35.302Z,test-control,GitHub Actions,,,2025-12-08T08:58:35.302Z,0.489900,0.119800,0.723900,0.156300,1.3418,1536,3103.7
GitHub Actions@2025-12-08T11:47:59.175Z,test-control,GitHub Actions,,,2025-12-08T11:47:59.175Z,0.582400,0.116800,0.763100,0.120100,1.2990,1536,5952.5
GitHub Actions@2025-12-08T13:44:44.491Z,test-control,GitHub Actions,,,2025-12-08T13:44:44.491Z,0.630700,0.107100,0.786600,0.106200,1.2715,1536,7705.4
GitHub Actions@2025-12-08T15:09:29.339Z,test-control,GitHub Actions,,,2025-12-08T15:09:29.339Z,0.562300,0.083200,0.816800,0.100000,1.2497,1536,3531.1
GitHub Actions@2025-12-08T17:05:59.645Z,test-control,GitHub Actions,,,2025-12-08T17:05:59.645Z,0.630100,0.101000,0.787300,0.111700,1.2490,1536,5726.9
GitHub Actions@2025-12-08T18:40:26.705Z,test-control,GitHub Actions,,,2025-12-08T18:40:26.705Z,0.649700,0.085700,0.832100,0.082200,1.5567,1536,3239.9
GitHub Actions@2025-12-08T22:45:17.968Z,test-control,GitHub Actions,,,2025-12-08T22:45:17.968Z,0.657600,0.088800,0.827700,0.083500,1.5677,1536,4269.6
GitHub Actions@2025-12-08T23:52:06.111Z,test-control,GitHub Actions,,,2025-12-08T23:52:06.111Z,0.535200,0.083000,0.828700,0.088300,1.5631,1536,7085.8
GitHub Actions@2025-12-09T05:09:03.629Z,test-control,GitHub Actions,,,2025-12-09T05:09:03.629Z,0.633500,0.085300,0.833600,0.081100,1.5707,1536,3146.9
GitHub Actions@2025-12-09T07:24:57.442Z,test-control,GitHub Actions,,,2025-12-09T07:24:57.442Z,0.509400,0.085400,0.793000,0.121600,1.2552,1536,4116.0
GitHub Actions@2025-12-09T08:34:00.961Z,test-control,GitHub Actions,,,2025-12-09T08:34:00.961Z,0.513000,0.087300,0.789700,0.123000,1.2496,1536,8877.8
GitHub Actions@2025-12-09T11:17:51.509Z,test-control,GitHub Actions,,,2025-12-09T11:17:51.509Z,0.517200,0.104700,0.777700,0.117600,1.3319,1536,4686.6
GitHub Actions@2025-12-09T14:22:29.758Z,test-control,GitHub Actions,,,2025-12-09T14:22:29.758Z,0.545900,0.118100,0.749200,0.132700,1.3443,1536,3734.9
GitHub Actions@2025-12-09T16:03:55.324Z,test-control,GitHub Actions,,,2025-12-09T16:03:55.324Z,0.542600,0.113500,0.754000,0.132500,1.4428,1536,5107.0
GitHub Actions@2025-12-09T17:11:07.841Z,test-control,GitHub Actions,,,2025-12-09T17:11:07.841Z,0.542800,0.114700,0.766100,0.119200,1.4424,1536,4306.4
GitHub Actions@2025-12-09T22:46:01.405Z,test-control,GitHub Actions,,,2025-12-09T22:46:01.405Z,0.613500,0.109900,0.763500,0.126700,1.3634,1536,6275.0
GitHub Actions@2025-12-10T06:22:56.596Z,test-control,GitHub Actions,,,2025-12-10T06:22:56.596Z,0.630700,0.121800,0.763600,0.114500,1.5275,1536,3825.9
GitHub Actions@2025-12-10T08:08:08.699Z,test-control,GitHub Actions,,,2025-12-10T08:08:08.699Z,0.544900,0.104800,0.783600,0.111600,1.4650,1536,2780.1
GitHub Actions@2025-12-10T10:05:47.372Z,test-control,GitHub Actions,,,2025-12-10T10:05:47.372Z,0.524900,0.104700,0.789500,0.105800,1.4447,1536,2842.0
GitHub Actions@2025-12-10T11:13:41.557Z,test-control,GitHub Actions,,,2025-12-10T11:13:41.557Z,0.517500,0.078800,0.831100,0.090100,1.2134,1536,2846.6
GitHub Actions@2025-12-10T12:19:43.386Z,test-control,GitHub Actions,,,2025-12-10T12:19:43.386Z,0.550500,0.082200,0.826900,0.090900,1.2792,1536,2827.1
GitHub Actions@2025-12-10T13:20:11.044Z,test-control,GitHub Actions,,,2025-12-10T13:20:11.044Z,0.531800,0.091800,0.796200,0.112000,1.2921,1536,3190.9
GitHub Actions@2025-12-10T15:59:39.781Z,test-control,GitHub Actions,,,2025-12-10T15:59:39.781Z,0.510300,0.085300,0.812400,0.102400,1.2791,1536,5996.9
GitHub Actions@2025-12-10T19:17:22.343Z,test-control,GitHub Actions,,,2025-12-10T19:17:22.343Z,0.472200,0.075400,0.830900,0.093700,1.4537,1536,3462.6
GitHub Actions@2025-12-10T21:33:03.868Z,test-control,GitHub Actions,,,2025-12-10T21:33:03.868Z,0.656900,0.096600,0.837300,0.066100,1.7025,1536,3120.1
GitHub Actions@2025-12-11T07:11:14.351Z,test-control,GitHub Actions,,,2025-12-11T07:11:14.351Z,0.507000,0.113500,0.765100,0.121400,1.3517,1536,2866.4
GitHub Actions@2025-12-11T08:15:43.624Z,test-control,GitHub Actions,,,2025-12-11T08:15:43.624Z,0.512400,0.119100,0.761700,0.119200,1.3529,1536,3631.6
GitHub Actions@2025-12-11T10:22:06.024Z,test-control,GitHub Actions,,,2025-12-11T10:22:06.024Z,0.450400,0.087200,0.800300,0.112500,1.3591,1536,3603.9
GitHub Actions@2025-12-11T12:34:33.190Z,test-control,GitHub Actions,,,2025-12-11T12:34:33.190Z,0.542100,0.087900,0.812700,0.099400,1.3627,1536,6873.6
GitHub Actions@2025-12-11T13:53:50.819Z,test-control,GitHub Actions,,,2025-12-11T13:53:50.819Z,0.468900,0.099100,0.779900,0.121100,1.3000,1536,3779.5
GitHub Actions@2025-12-11T15:14:37.298Z,test-control,GitHub Actions,,,2025-12-11T15:14:37.298Z,0.471500,0.111800,0.780000,0.108200,1.2573,1536,2944.0
GitHub Actions@2025-12-11T17:18:06.451Z,test-control,GitHub Actions,,,2025-12-11T17:18:06.451Z,0.460500,0.110200,0.780900,0.108900,1.2136,1536,2868.6
GitHub Actions@2025-12-11T19:50:51.077Z,test-control,GitHub Actions,,,2025-12-11T19:50:51.077Z,0.467700,0.091100,0.809900,0.099000,1.1852,1536,3161.5
GitHub Actions@2025-12-11T21:05:34.919Z,test-control,GitHub Actions,,,2025-12-11T21:05:34.919Z,0.439200,0.076600,0.842100,0.081300,1.3843,1536,4052.2
GitHub Actions@2025-12-12T02:39:01.613Z,test-control,GitHub Actions,,,2025-12-12T02:39:01.613Z,0.546400,0.079300,0.834600,0.086000,1.3274,1536,6774.4
GitHub Actions@2025-12-12T05:49:56.750Z,test-control,GitHub Actions,,,2025-12-12T05:49:56.750Z,0.494700,0.126700,0.746600,0.126700,1.3549,1536,6062.9
GitHub Actions@2025-12-12T07:10:28.159Z,test-control,GitHub Actions,,,2025-12-12T07:10:28.159Z,0.754200,0.096000,0.794500,0.109600,1.4938,1536,3030.9
GitHub Actions@2025-12-12T08:33:22.331Z,test-control,GitHub Actions,,,2025-12-12T08:33:22.331Z,0.727000,0.092300,0.808000,0.099600,1.4435,1536,4722.1
GitHub Actions@2025-12-12T09:52:13.866Z,test-control,GitHub Actions,,,2025-12-12T09:52:13.866Z,0.656300,0.112400,0.759300,0.128300,1.6169,1536,9305.2
GitHub Actions@2025-12-12T12:30:34.559Z,test-control,GitHub Actions,,,2025-12-12T12:30:34.559Z,0.467100,0.096900,0.796200,0.106900,1.4132,1536,3449.4
GitHub Actions@2025-12-12T14:56:43.491Z,test-control,GitHub Actions,,,2025-12-12T14:56:43.491Z,0.464100,0.097500,0.799200,0.103300,1.4532,1536,2943.4
GitHub Actions@2025-12-12T17:43:36.159Z,test-control,GitHub Actions,,,2025-12-12T17:43:36.159Z,0.454700,0.101100,0.792200,0.106700,1.2643,1536,2962.8
GitHub Actions@2025-12-12T19:08:24.537Z,test-control,GitHub Actions,,,2025-12-12T19:08:24.537Z,0.636100,0.114200,0.768500,0.117300,1.3181,1536,3151.9
GitHub Actions@2025-12-12T21:06:29.108Z,test-control,GitHub Actions,,,2025-12-12T21:06:29.108Z,0.482100,0.086200,0.786700,0.127100,1.2434,1536,4546.2
GitHub Actions@2025-12-13T00:16:17.692Z,test-control,GitHub Actions,,,2025-12-13T00:16:17.692Z,0.616900,0.120000,0.781400,0.098600,1.5143,1536,8785.3
GitHub Actions@2025-12-13T01:40:37.614Z,test-control,GitHub Actions,,,2025-12-13T01:40:37.614Z,0.586500,0.099900,0.804500,0.095600,1.5958,1536,3822.1
GitHub Actions@2025-12-13T04:19:45.320Z,test-control,GitHub Actions,,,2025-12-13T04:19:45.320Z,0.618900,0.115500,0.787000,0.097500,1.5932,1536,3023.4
GitHub Actions@2025-12-13T06:01:21.515Z,test-control,GitHub Actions,,,2025-12-13T06:01:21.515Z,0.624600,0.108200,0.787800,0.104000,1.3389,1536,2959.9
GitHub Actions@2025-12-13T07:07:41.538Z,test-control,GitHub Actions,,,2025-12-13T07:07:41.538Z,0.609900,0.099800,0.796700,0.103500,1.3285,1536,3404.6
GitHub Actions@2025-12-14T14:55:43.675Z,test-control,GitHub Actions,,,2025-12-14T14:55:43.675Z,0.541900,0.096700,0.757900,0.145400,1.4188,1536,8450.0
GitHub Actions@2025-12-14T18:23:58.114Z,test-control,GitHub Actions,,,2025-12-14T18:23:58.114Z,0.511500,0.086200,0.801900,0.111900,1.4922,1536,5926.9
GitHub Actions@2025-12-14T19:38:58.070Z,test-control,GitHub Actions,,,2025-12-14T19:38:58.070Z,0.500300,0.083800,0.802600,0.113500,1.4673,1536,3171.4
GitHub Actions@2025-12-15T09:41:35.590Z,test-control,GitHub Actions,,,2025-12-15T09:41:35.590Z,0.474600,0.115800,0.725700,0.158500,1.3418,1536,5546.2
GitHub Actions@2025-12-15T10:41:51.831Z,test-control,GitHub Actions,,,2025-12-15T10:41:51.831Z,0.591100,0.097100,0.807900,0.095000,1.2410,1536,8931.2
GitHub Actions@2025-12-15T12:01:26.867Z,test-control,GitHub Actions,,,2025-12-15T12:01:26.867Z,0.584600,0.104500,0.785700,0.109700,1.2582,1536,3079.6
GitHub Actions@2025-12-15T13:06:56.600Z,test-control,GitHub Actions,,,2025-12-15T13:06:56.600Z,0.590600,0.111000,0.767900,0.121100,1.2847,1536,6366.7
GitHub Actions@2025-12-15T14:25:52.999Z,test-control,GitHub Actions,,,2025-12-15T14:25:52.999Z,0.558200,0.115700,0.766300,0.117900,1.2678,1536,8551.3
GitHub Actions@2025-12-15T15:59:28.071Z,test-control,GitHub Actions,,,2025-12-15T15:59:28.071Z,0.552500,0.102200,0.784800,0.113000,1.2345,1536,3635.6
GitHub Actions@2025-12-15T17:07:53.030Z,test-control,GitHub Actions,,,2025-12-15T17:07:53.030Z,0.593900,0.115100,0.762900,0.122000,1.2546,1536,8799.8
GitHub Actions@2025-12-15T18:11:12.454Z,test-control,GitHub Actions,,,2025-12-15T18:11:12.454Z,0.577400,0.106000,0.779100,0.114900,1.2446,1536,7358.9
GitHub Actions@2025-12-15T20:08:16.400Z,test-control,GitHub Actions,,,2025-12-15T20:08:16.400Z,0.637100,0.070100,0.836400,0.093500,1.4522,1536,9968.9
GitHub Actions@2025-12-16T05:18:07.006Z,test-control,GitHub Actions,,,2025-12-16T05:18:07.006Z,0.582100,0.112600,0.751900,0.135500,1.6943,1536,7478.3
GitHub Actions@2025-12-16T07:10:19.861Z,test-control,GitHub Actions,,,2025-12-16T07:10:19.861Z,0.500600,0.103200,0.765100,0.131700,1.5239,1536,8712.5
GitHub Actions@2025-12-16T09:26:32.288Z,test-control,GitHub Actions,,,2025-12-16T09:26:32.288Z,0.450900,0.094800,0.796400,0.108900,1.2910,1536,5086.8
GitHub Actions@2025-12-16T10:46:51.793Z,test-control,GitHub Actions,,,2025-12-16T10:46:51.793Z,0.503900,0.092600,0.800000,0.107400,1.3350,1536,7877.2
GitHub Actions@2025-12-16T12:11:17.824Z,test-control,GitHub Actions,,,2025-12-16T12:11:17.824Z,0.447000,0.118100,0.740300,0.141600,1.3593,1536,5173.1
GitHub Actions@2025-12-16T13:47:09.388Z,test-control,GitHub Actions,,,2025-12-16T13:47:09.388Z,0.467700,0.113800,0.753600,0.132600,1.3773,1536,3294.1
GitHub Actions@2025-12-16T14:58:20.313Z,test-control,GitHub Actions,,,2025-12-16T14:58:20.313Z,0.494600,0.111800,0.751700,0.136500,1.3729,1536,5229.9
GitHub Actions@2025-12-16T16:04:25.088Z,test-control,GitHub Actions,,,2025-12-16T16:04:25.088Z,0.513300,0.082400,0.818500,0.099100,1.3965,1536,9334.7
GitHub Actions@2025-12-16T17:49:14.881Z,test-control,GitHub Actions,,,2025-12-16T17:49:14.881Z,0.468300,0.081600,0.814300,0.104100,1.2940,1536,5392.0
GitHub Actions@2025-12-16T19:03:14.599Z,test-control,GitHub Actions,,,2025-12-16T19:03:14.599Z,0.469900,0.081600,0.809700,0.108700,1.2827,1536,5933.7
GitHub Actions@2025-12-16T20:59:17.152Z,test-control,GitHub Actions,,,2025-12-16T20:59:17.152Z,0.488200,0.081700,0.822200,0.096100,1.2875,1536,3758.7
GitHub Actions@2025-12-16T22:28:45.903Z,test-control,GitHub Actions,,,2025-12-16T22:28:45.903Z,0.575400,0.130100,0.747800,0.122100,1.7500,1536,3678.3
GitHub Actions@2025-12-17T01:03:29.443Z,test-control,GitHub Actions,,,2025-12-17T01:03:29.443Z,0.545200,0.110800,0.761000,0.128300,1.4603,1536,3269.4
GitHub Actions@2025-12-17T05:17:48.032Z,test-control,GitHub Actions,,,2025-12-17T05:17:48.032Z,0.556300,0.099000,0.783600,0.117500,1.6441,1536,3238.5
GitHub Actions@2025-12-17T06:41:47.769Z,test-control,GitHub Actions,,,2025-12-17T06:41:47.769Z,0.526400,0.092100,0.797200,0.110800,1.5894,1536,3649.2
GitHub Actions@2025-12-17T08:39:36.861Z,test-control,GitHub Actions,,,2025-12-17T08:39:36.861Z,0.641400,0.094400,0.793600,0.112100,1.3653,1536,6024.8
GitHub Actions@2025-12-17T10:07:35.926Z,test-control,GitHub Actions,,,2025-12-17T10:07:35.926Z,0.515200,0.094500,0.802900,0.102600,1.2828,1536,3033.4
GitHub Actions@2025-12-17T11:38:15.790Z,test-control,GitHub Actions,,,2025-12-17T11:38:15.790Z,0.495100,0.102700,0.808300,0.089000,1.3285,1536,2929.9
GitHub Actions@2025-12-17T13:35:13.738Z,test-control,GitHub Actions,,,2025-12-17T13:35:13.738Z,0.469200,0.130800,0.728500,0.140700,1.4397,1536,2906.9
GitHub Actions@2025-12-17T15:27:23.695Z,test-control,GitHub Actions,,,2025-12-17T15:27:23.695Z,0.475000,0.148000,0.711100,0.140900,1.4220,1536,6581.2
GitHub Actions@2025-12-17T17:56:59.637Z,test-control,GitHub Actions,,,2025-12-17T17:56:59.637Z,0.525500,0.097100,0.793500,0.109400,1.3165,1536,8543.5
GitHub Actions@2025-12-17T19:02:47.711Z,test-control,GitHub Actions,,,2025-12-17T19:02:47.711Z,0.477200,0.139700,0.709800,0.150400,1.4612,1536,5732.8
GitHub Actions@2025-12-17T20:28:34.380Z,test-control,GitHub Actions,,,2025-12-17T20:28:34.380Z,0.466500,0.103300,0.783800,0.112900,1.4371,1536,8932.7
GitHub Actions@2025-12-17T22:02:35.517Z,test-control,GitHub Actions,,,2025-12-17T22:02:35.517Z,0.599300,0.111300,0.780900,0.107800,1.6089,1536,6491.8
GitHub Actions@2025-12-18T00:58:05.966Z,test-control,GitHub Actions,,,2025-12-18T00:58:05.966Z,0.628800,0.121800,0.774800,0.103400,1.6286,1536,7930.7
GitHub Actions@2025-12-18T05:17:51.792Z,test-control,GitHub Actions,,,2025-12-18T05:17:51.792Z,0.546000,0.105600,0.772400,0.122100,1.6304,1536,3284.3
GitHub Actions@2025-12-18T07:10:01.970Z,test-control,GitHub Actions,,,2025-12-18T07:10:01.970Z,0.479500,0.089900,0.796500,0.113600,1.3493,1536,4203.7
GitHub Actions@2025-12-18T12:12:30.440Z,test-control,GitHub Actions,,,2025-12-18T12:12:30.440Z,0.514900,0.071500,0.842400,0.086100,1.2519,1536,7290.7
GitHub Actions@2025-12-18T17:18:23.295Z,test-control,GitHub Actions,,,2025-12-18T17:18:23.295Z,0.523000,0.092400,0.797400,0.110300,1.3103,1536,6530.9
GitHub Actions@2025-12-18T18:54:54.845Z,test-control,GitHub Actions,,,2025-12-18T18:54:54.845Z,0.578200,0.091300,0.816500,0.092200,1.7313,1536,2943.0
GitHub Actions@2025-12-18T20:14:13.357Z,test-control,GitHub Actions,,,2025-12-18T20:14:13.357Z,0.581500,0.089800,0.819500,0.090700,1.5313,1536,5179.1
GitHub Actions@2025-12-18T22:54:25.792Z,test-control,GitHub Actions,,,2025-12-18T22:54:25.792Z,0.587800,0.094100,0.817800,0.088100,1.5874,1536,9225.6
GitHub Actions@2025-12-19T04:28:04.573Z,test-control,GitHub Actions,,,2025-12-19T04:28:04.573Z,0.579900,0.111600,0.764400,0.124000,1.6047,1536,3488.0
GitHub Actions@2025-12-19T05:38:35.126Z,test-control,GitHub Actions,,,2025-12-19T05:38:35.126Z,0.562600,0.107000,0.773500,0.119600,1.5129,1536,3003.5
GitHub Actions@2025-12-19T07:09:46.437Z,test-control,GitHub Actions,,,2025-12-19T07:09:46.437Z,0.579000,0.106600,0.767800,0.125600,1.4987,1536,6762.2
GitHub Actions@2025-12-19T11:05:59.718Z,test-control,GitHub Actions,,,2025-12-19T11:05:59.718Z,0.594600,0.079900,0.827700,0.092400,1.4695,1536,7150.4
GitHub Actions@2025-12-19T18:27:26.589Z,test-control,GitHub Actions,,,2025-12-19T18:27:26.589Z,0.553000,0.088300,0.822100,0.089700,1.5077,1536,3882.6
GitHub Actions@2025-12-19T21:41:42.588Z,test-control,GitHub Actions,,,2025-12-19T21:41:42.588Z,0.555900,0.101900,0.802400,0.095800,1.7808,1536,2913.3
GitHub Actions@2025-12-19T23:11:20.760Z,test-control,GitHub Actions,,,2025-12-19T23:11:20.760Z,0.541800,0.106900,0.796900,0.096200,1.6093,1536,3010.8
GitHub Actions@2025-12-20T00:18:03.072Z,test-control,GitHub Actions,,,2025-12-20T00:18:03.072Z,0.562700,0.089500,0.823000,0.087500,1.2943,1536,3127.3
GitHub Actions@2025-12-20T01:18:26.225Z,test-control,GitHub Actions,,,2025-12-20T01:18:26.225Z,0.563900,0.092300,0.812900,0.094900,1.3156,1536,4934.2
GitHub Actions@2025-12-20T07:07:40.756Z,test-control,GitHub Actions,,,2025-12-20T07:07:40.756Z,0.574300,0.096700,0.802600,0.100700,1.3005,1536,5287.0
GitHub Actions@2025-12-20T09:28:38.342Z,test-control,GitHub Actions,,,2025-12-20T09:28:38.342Z,0.521200,0.115800,0.757800,0.126400,1.3476,1536,3744.3
GitHub Actions@2025-12-20T12:04:06.574Z,test-control,GitHub Actions,,,2025-12-20T12:04:06.574Z,0.521900,0.084500,0.816400,0.099100,1.5022,1536,3172.5
GitHub Actions@2025-12-20T22:24:13.890Z,test-control,GitHub Actions,,,2025-12-20T22:24:13.890Z,0.531200,0.078400,0.839800,0.081800,1.3577,1536,3905.1
GitHub Actions@2025-12-22T06:29:27.672Z,test-control,GitHub Actions,,,2025-12-22T06:29:27.672Z,0.528700,0.102300,0.777600,0.120100,1.3148,1536,5961.4
GitHub Actions@2025-12-22T09:32:48.957Z,test-control,GitHub Actions,,,2025-12-22T09:32:48.957Z,0.514000,0.103000,0.793400,0.103500,1.3349,1536,3016.5
GitHub Actions@2025-12-22T13:30:52.581Z,test-control,GitHub Actions,,,2025-12-22T13:30:52.581Z,0.536600,0.107900,0.751500,0.140600,1.3588,1536,2826.5
GitHub Actions@2025-12-22T15:29:33.724Z,test-control,GitHub Actions,,,2025-12-22T15:29:33.724Z,0.515000,0.089800,0.793200,0.117000,1.3359,1536,2867.9
GitHub Actions@2025-12-22T16:45:09.738Z,test-control,GitHub Actions,,,2025-12-22T16:45:09.738Z,0.510600,0.079700,0.836700,0.083600,1.3448,1536,2832.9
GitHub Actions@2025-12-22T17:56:27.778Z,test-control,GitHub Actions,,,2025-12-22T17:56:27.778Z,0.703400,0.092700,0.808300,0.099000,1.4527,1536,3482.0
GitHub Actions@2025-12-22T20:16:28.825Z,test-control,GitHub Actions,,,2025-12-22T20:16:28.825Z,0.545000,0.154700,0.712400,0.132900,1.8156,1536,6916.8
GitHub Actions@2025-12-22T21:26:03.989Z,test-control,GitHub Actions,,,2025-12-22T21:26:03.989Z,0.522900,0.118400,0.765800,0.115800,1.8342,1536,6885.9
GitHub Actions@2025-12-22T23:10:17.551Z,test-control,GitHub Actions,,,2025-12-22T23:10:17.551Z,0.493400,0.122700,0.756800,0.120500,1.7305,1536,6924.1
GitHub Actions@2025-12-23T01:12:22.494Z,test-control,GitHub Actions,,,2025-12-23T01:12:22.494Z,0.622700,0.115900,0.762900,0.121200,1.5187,1536,8004.9
GitHub Actions@2025-12-23T05:18:10.670Z,test-control,GitHub Actions,,,2025-12-23T05:18:10.670Z,0.588400,0.131000,0.780200,0.088800,1.6448,1536,9022.1
GitHub Actions@2025-12-23T06:21:15.019Z,test-control,GitHub Actions,,,2025-12-23T06:21:15.019Z,0.592500,0.103700,0.801200,0.095100,1.3598,1536,5480.6
GitHub Actions@2025-12-23T07:35:22.608Z,test-control,GitHub Actions,,,2025-12-23T07:35:22.608Z,0.454200,0.103800,0.769200,0.127000,1.5109,1536,6669.5
GitHub Actions@2025-12-23T09:44:57.016Z,test-control,GitHub Actions,,,2025-12-23T09:44:57.016Z,0.475200,0.092300,0.792800,0.114900,1.4037,1536,7519.7
GitHub Actions@2025-12-23T10:46:12.184Z,test-control,GitHub Actions,,,2025-12-23T10:46:12.184Z,0.484700,0.096900,0.781500,0.121600,1.4248,1536,2957.4
GitHub Actions@2025-12-23T13:57:40.168Z,test-control,GitHub Actions,,,2025-12-23T13:57:40.168Z,0.596200,0.101300,0.792900,0.105900,1.4424,1536,6311.0
GitHub Actions@2025-12-23T16:39:16.428Z,test-control,GitHub Actions,,,2025-12-23T16:39:16.428Z,0.499200,0.112900,0.758400,0.128700,1.4407,1536,7894.3
GitHub Actions@2025-12-23T17:50:05.433Z,test-control,GitHub Actions,,,2025-12-23T17:50:05.433Z,0.596600,0.093700,0.789300,0.116900,1.2423,1536,3556.5
GitHub Actions@2025-12-23T19:34:31.144Z,test-control,GitHub Actions,,,2025-12-23T19:34:31.144Z,0.575400,0.092200,0.790600,0.117200,1.2386,1536,8404.6
GitHub Actions@2025-12-23T20:56:32.445Z,test-control,GitHub Actions,,,2025-12-23T20:56:32.445Z,0.553900,0.092000,0.796000,0.112000,1.2522,1536,5556.0
GitHub Actions@2025-12-23T22:07:52.928Z,test-control,GitHub Actions,,,2025-12-23T22:07:52.928Z,0.621100,0.088500,0.808600,0.102900,1.2803,1536,2924.7
GitHub Actions@2025-12-23T23:33:07.035Z,test-control,GitHub Actions,,,2025-12-23T23:33:07.035Z,0.604400,0.093300,0.805500,0.101200,1.2768,1536,5522.1
GitHub Actions@2025-12-24T01:38:33.954Z,test-control,GitHub Actions,,,2025-12-24T01:38:33.954Z,0.593400,0.105500,0.826400,0.068100,1.6931,1536,5371.6
GitHub Actions@2025-12-24T07:10:35.133Z,test-control,GitHub Actions,,,2025-12-24T07:10:35.133Z,0.606400,0.117400,0.770000,0.112600,1.3556,1536,6591.8
GitHub Actions@2025-12-24T09:22:51.186Z,test-control,GitHub Actions,,,2025-12-24T09:22:51.186Z,0.584800,0.096300,0.805100,0.098600,1.3486,1536,3445.5
GitHub Actions@2025-12-24T15:57:26.488Z,test-control,GitHub Actions,,,2025-12-24T15:57:26.488Z,0.483500,0.077600,0.836300,0.086100,1.4547,1536,3007.2
GitHub Actions@2025-12-24T17:55:04.951Z,test-control,GitHub Actions,,,2025-12-24T17:55:04.951Z,0.499300,0.076700,0.832200,0.091100,1.4016,1536,4424.8
GitHub Actions@2025-12-24T19:07:41.676Z,test-control,GitHub Actions,,,2025-12-24T19:07:41.676Z,0.630600,0.077300,0.827500,0.095200,1.3911,1536,5259.0
GitHub Actions@2025-12-24T20:26:26.865Z,test-control,GitHub Actions,,,2025-12-24T20:26:26.865Z,0.633400,0.071500,0.837300,0.091100,1.3499,1536,7302.2
GitHub Actions@2025-12-25T05:18:23.897Z,test-control,GitHub Actions,,,2025-12-25T05:18:23.897Z,0.678500,0.098600,0.807100,0.094300,1.3416,1536,3179.9
GitHub Actions@2025-12-26T10:31:17.303Z,test-control,GitHub Actions,,,2025-12-26T10:31:17.303Z,0.456100,0.075000,0.841000,0.084000,1.5211,1536,2961.0
GitHub Actions@2025-12-26T19:39:02.340Z,test-control,GitHub Actions,,,2025-12-26T19:39:02.340Z,0.543600,0.097300,0.762100,0.140600,1.5074,1536,2938.5
GitHub Actions@2025-12-26T21:16:04.438Z,test-control,GitHub Actions,,,2025-12-26T21:16:04.438Z,0.529200,0.073300,0.842800,0.083900,1.3224,1536,3005.7
GitHub Actions@2025-12-26T22:49:53.526Z,test-control,GitHub Actions,,,2025-12-26T22:49:53.526Z,0.553600,0.080500,0.832200,0.087300,1.3121,1536,2862.9
GitHub Actions@2025-12-27T04:07:55.008Z,test-control,GitHub Actions,,,2025-12-27T04:07:55.008Z,0.493000,0.082000,0.800700,0.117400,1.2551,1536,6554.0
GitHub Actions@2025-12-27T05:17:34.538Z,test-control,GitHub Actions,,,2025-12-27T05:17:34.538Z,0.478500,0.073200,0.817700,0.109100,1.2098,1536,7881.5
GitHub Actions@2025-12-27T11:42:52.147Z,test-control,GitHub Actions,,,2025-12-27T11:42:52.147Z,0.529200,0.103000,0.754600,0.142400,1.2851,1536,3230.3
GitHub Actions@2025-12-27T17:07:29.180Z,test-control,GitHub Actions,,,2025-12-27T17:07:29.180Z,0.538500,0.082800,0.801600,0.115600,1.2973,1536,7391.4
GitHub Actions@2025-12-27T19:55:39.309Z,test-control,GitHub Actions,,,2025-12-27T19:55:39.309Z,0.486900,0.085500,0.824400,0.090100,1.2888,1536,6729.8
GitHub Actions@2025-12-28T20:44:45.738Z,test-control,GitHub Actions,,,2025-12-28T20:44:45.738Z,0.507600,0.097800,0.792500,0.109700,1.2522,1536,2950.7
GitHub Actions@2025-12-29T03:42:08.062Z,test-control,GitHub Actions,,,2025-12-29T03:42:08.062Z,0.528300,0.102300,0.749500,0.148200,1.2702,1536,6744.7
GitHub Actions@2025-12-29T05:19:33.119Z,test-control,GitHub Actions,,,2025-12-29T05:19:33.119Z,0.511100,0.085600,0.793400,0.121100,1.2633,1536,7183.7
GitHub Actions@2025-12-29T07:01:41.404Z,test-control,GitHub Actions,,,2025-12-29T07:01:41.404Z,0.533400,0.092200,0.800000,0.107800,1.3022,1536,3004.6
GitHub Actions@2025-12-29T09:17:09.953Z,test-control,GitHub Actions,,,2025-12-29T09:17:09.953Z,0.535800,0.095500,0.800700,0.103900,1.3201,1536,2985.6
GitHub Actions@2025-12-29T11:54:32.374Z,test-control,GitHub Actions,,,2025-12-29T11:54:32.374Z,0.494600,0.096400,0.783600,0.120000,1.3211,1536,3058.8
GitHub Actions@2025-12-29T14:40:22.119Z,test-control,GitHub Actions,,,2025-12-29T14:40:22.119Z,0.482900,0.092400,0.806000,0.101600,1.2496,1536,2986.6
GitHub Actions@2025-12-29T16:49:17.594Z,test-control,GitHub Actions,,,2025-12-29T16:49:17.594Z,0.475600,0.072300,0.844700,0.083000,1.3014,1536,4452.2
GitHub Actions@2025-12-29T19:00:43.645Z,test-control,GitHub Actions,,,2025-12-29T19:00:43.645Z,0.617100,0.115000,0.775100,0.109900,1.4963,1536,9108.4
GitHub Actions@2025-12-29T20:19:55.423Z,test-control,GitHub Actions,,,2025-12-29T20:19:55.423Z,0.616500,0.114000,0.789300,0.096700,1.5092,1536,4057.9
GitHub Actions@2025-12-29T21:48:16.567Z,test-control,GitHub Actions,,,2025-12-29T21:48:16.567Z,0.616900,0.111500,0.782200,0.106300,1.5231,1536,7275.4
GitHub Actions@2025-12-29T23:23:00.682Z,test-control,GitHub Actions,,,2025-12-29T23:23:00.682Z,0.622100,0.116100,0.773100,0.110800,1.4961,1536,7268.3
GitHub Actions@2025-12-30T05:18:34.241Z,test-control,GitHub Actions,,,2025-12-30T05:18:34.241Z,0.556300,0.104200,0.762900,0.132900,1.5173,1536,6447.9
GitHub Actions@2025-12-30T08:12:29.676Z,test-control,GitHub Actions,,,2025-12-30T08:12:29.676Z,0.481300,0.121800,0.762900,0.115300,1.4624,1536,8278.2
GitHub Actions@2025-12-30T09:50:16.481Z,test-control,GitHub Actions,,,2025-12-30T09:50:16.481Z,0.466100,0.116800,0.752400,0.130800,1.3619,1536,2961.3
GitHub Actions@2025-12-30T11:09:17.263Z,test-control,GitHub Actions,,,2025-12-30T11:09:17.263Z,0.457700,0.111400,0.756800,0.131800,1.3451,1536,3020.7
GitHub Actions@2025-12-31T08:58:47.978Z,test-control,GitHub Actions,,,2025-12-31T08:58:47.978Z,0.539300,0.089700,0.805300,0.105000,1.2871,1536,3433.4
GitHub Actions@2025-12-31T14:17:09.068Z,test-control,GitHub Actions,,,2025-12-31T14:17:09.068Z,0.518600,0.094900,0.756200,0.148800,1.4483,1536,7676.6
GitHub Actions@2025-12-31T17:19:40.525Z,test-control,GitHub Actions,,,2025-12-31T17:19:40.525Z,0.443100,0.086200,0.820500,0.093300,1.2790,1536,6660.8
GitHub Actions@2025-12-31T19:22:05.591Z,test-control,GitHub Actions,,,2025-12-31T19:22:05.591Z,0.445700,0.087900,0.822600,0.089500,1.2872,1536,2957.9
GitHub Actions@2025-12-31T23:11:39.503Z,test-control,GitHub Actions,,,2025-12-31T23:11:39.503Z,0.516200,0.098800,0.788000,0.113200,1.4765,1536,2966.2
