name,version,discovered,split,replay,guarddog_label,guarddog_score,guarddog_risk_rules,scan_seconds,ours_level,ours_signals
02-echo,0.0.7,2025-11-24,holdout,False,high_risk,9.4,threat-filesystem-autostart threat-filesystem-destruction threat-npm-preinstall-script threat-runtime-obfuscation-js-mangling,9.927,medium,install_script
@accordproject/concerto-linter-default-ruleset,3.24.1,2025-11-24,dev,False,high_risk,9.4,threat-filesystem-autostart threat-filesystem-destruction threat-npm-preinstall-script threat-runtime-obfuscation-js-mangling,11.123,medium,publisher_change install_script
@accordproject/concerto-metamodel,3.12.5,2025-11-24,holdout,False,high_risk,9.4,threat-filesystem-autostart threat-filesystem-destruction threat-npm-preinstall-script threat-runtime-obfuscation-js-mangling,9.137,medium,publisher_change install_script
@accordproject/concerto-types,3.24.1,2025-11-24,holdout,False,high_risk,9.4,threat-filesystem-autostart threat-filesystem-destruction threat-npm-preinstall-script threat-runtime-obfuscation-js-mangling,12.058,high,publisher_change install_script
@accordproject/markdown-it-cicero,0.16.26,2025-11-24,dev,False,high_risk,9.4,threat-filesystem-autostart threat-filesystem-destruction threat-npm-preinstall-script threat-runtime-obfuscation-js-mangling,8.174,high,publisher_change install_script
@accordproject/template-engine,2.7.2,2025-11-24,dev,False,high_risk,9.4,threat-filesystem-autostart threat-filesystem-destruction threat-npm-preinstall-script threat-runtime-obfuscation-js-mangling,8.819,high,publisher_change install_script
@actbase/css-to-react-native-transform,1.0.3,2025-11-24,dev,False,high_risk,9.4,threat-filesystem-autostart threat-filesystem-destruction threat-npm-preinstall-script threat-runtime-obfuscation-js-mangling,8.61,high,publisher_change install_script
@actbase/native,0.1.32,2025-11-24,dev,False,high_risk,9.4,threat-filesystem-autostart threat-filesystem-destruction threat-npm-preinstall-script threat-runtime-obfuscation-js-mangling,10.133,high,publisher_change install_script
@actbase/node-server,1.1.19,2025-11-24,holdout,False,high_risk,9.4,threat-filesystem-autostart threat-filesystem-destruction threat-npm-preinstall-script threat-runtime-obfuscation-js-mangling,9.031,medium,install_script
@actbase/react-absolute,0.8.3,2025-11-24,dev,False,high_risk,9.4,threat-filesystem-autostart threat-filesystem-destruction threat-npm-preinstall-script threat-runtime-obfuscation-js-mangling,8.101,high,publisher_change install_script
@actbase/react-daum-postcode,1.0.5,2025-11-24,dev,False,high_risk,9.4,threat-filesystem-autostart threat-filesystem-destruction threat-npm-preinstall-script threat-runtime-obfuscation-js-mangling,8.183,high,publisher_change install_script
@actbase/react-kakaosdk,0.9.27,2025-11-24,holdout,False,high_risk,9.4,threat-filesystem-autostart threat-filesystem-destruction threat-npm-preinstall-script threat-runtime-obfuscation-js-mangling,8.688,high,publisher_change install_script
@actbase/react-native-actionsheet,1.0.3,2025-11-24,holdout,False,high_risk,9.4,threat-filesystem-autostart threat-filesystem-destruction threat-npm-preinstall-script threat-runtime-obfuscation-js-mangling,7.356,high,publisher_change install_script
@actbase/react-native-devtools,0.1.3,2025-11-24,holdout,False,high_risk,9.4,threat-filesystem-autostart threat-filesystem-destruction threat-npm-preinstall-script threat-runtime-obfuscation-js-mangling,6.94,high,publisher_change install_script
@actbase/react-native-fast-image,8.5.13,2025-11-24,dev,False,high_risk,9.4,threat-filesystem-autostart threat-filesystem-destruction threat-npm-preinstall-script threat-runtime-obfuscation-js-mangling,6.355,high,publisher_change install_script
@actbase/react-native-kakao-channel,1.0.2,2025-11-24,dev,False,high_risk,9.4,threat-filesystem-autostart threat-filesystem-destruction threat-npm-preinstall-script threat-runtime-obfuscation-js-mangling,6.104,high,publisher_change install_script
@actbase/react-native-kakao-navi,2.0.4,2025-11-24,dev,False,high_risk,9.4,threat-filesystem-autostart threat-filesystem-destruction threat-npm-preinstall-script threat-runtime-obfuscation-js-mangling,5.201,high,publisher_change install_script
@actbase/react-native-less-transformer,1.0.6,2025-11-24,holdout,False,high_risk,9.4,threat-filesystem-autostart threat-filesystem-destruction threat-npm-preinstall-script threat-runtime-obfuscation-js-mangling,4.766,high,publisher_change install_script
@actbase/react-native-naver-login,1.0.1,2025-11-24,dev,False,high_risk,9.4,threat-filesystem-autostart threat-filesystem-destruction threat-npm-preinstall-script threat-runtime-obfuscation-js-mangling,5.076,high,publisher_change install_script
@actbase/react-native-simple-video,1.0.13,2025-11-24,dev,False,high_risk,9.4,threat-filesystem-autostart threat-filesystem-destruction threat-npm-preinstall-script threat-runtime-obfuscation-js-mangling,4.767,high,publisher_change install_script
@actbase/react-native-tiktok,1.1.3,2025-11-24,holdout,False,high_risk,9.4,threat-filesystem-autostart threat-filesystem-destruction threat-npm-preinstall-script threat-runtime-obfuscation-js-mangling,5.647,high,publisher_change install_script
@ahmedhfarag/ngx-perfect-scrollbar,20.0.20,2025-09-15,dev,False,suspicious,6.5,threat-network-exfiltration threat-runtime-environment-read,1.928,medium,install_script
@ahmedhfarag/ngx-virtual-scroller,4.0.4,2025-09-15,dev,False,suspicious,6.5,threat-network-exfiltration threat-runtime-environment-read,1.927,medium,install_script
@aifabrix/miso-client,4.7.2,2026-03-07,dev,False,low,3.3,threat-runtime-environment-read,1.205,,
@alexcolls/nuxt-socket.io,0.0.8,2025-11-24,holdout,False,high_risk,9.4,threat-filesystem-autostart threat-filesystem-destruction threat-npm-preinstall-script threat-runtime-obfuscation-js-mangling,4.823,medium,install_script
@alexcolls/nuxt-ux,0.6.2,2025-11-24,dev,False,high_risk,9.4,threat-filesystem-autostart threat-filesystem-destruction threat-npm-preinstall-script threat-runtime-obfuscation-js-mangling,4.925,medium,install_script
@antstackio/eslint-config-antstack,0.0.3,2025-11-24,holdout,False,high_risk,9.4,threat-filesystem-autostart threat-filesystem-destruction threat-npm-preinstall-script threat-runtime-obfuscation-js-mangling,4.883,high,publisher_change install_script
@antstackio/express-graphql-proxy,0.2.8,2025-11-24,holdout,False,high_risk,9.4,threat-filesystem-autostart threat-filesystem-destruction threat-npm-preinstall-script threat-runtime-obfuscation-js-mangling,4.641,high,publisher_change install_script
@antstackio/graphql-body-parser,0.1.1,2025-11-24,dev,False,high_risk,9.4,threat-filesystem-autostart threat-filesystem-destruction threat-npm-preinstall-script threat-runtime-obfuscation-js-mangling,4.338,high,publisher_change install_script
@antstackio/json-to-graphql,1.0.3,2025-11-24,holdout,False,high_risk,9.4,threat-filesystem-autostart threat-filesystem-destruction threat-npm-preinstall-script threat-runtime-obfuscation-js-mangling,4.309,high,publisher_change install_script
@antstackio/shelbysam,1.1.7,2025-11-24,dev,False,high_risk,9.4,threat-filesystem-autostart threat-filesystem-destruction threat-npm-preinstall-script threat-runtime-obfuscation-js-mangling,4.661,high,publisher_change install_script
@antv/algorithm,0.3.26,2026-05-19,holdout,False,high_risk,8.0,threat-npm-preinstall-script threat-runtime-environment-read threat-runtime-obfuscation-js-mangling,1.145,high,publisher_change install_script
@antv/ava-react,3.5.2,2026-05-19,holdout,False,high_risk,8.0,threat-npm-preinstall-script threat-runtime-environment-read threat-runtime-obfuscation-js-mangling,1.896,high,publisher_change install_script
@antv/ava,3.6.1,2026-05-19,holdout,False,high_risk,8.0,threat-npm-preinstall-script threat-runtime-environment-read threat-runtime-obfuscation-js-mangling,1.647,high,publisher_change install_script
@antv/data-samples,1.2.1,2026-05-19,holdout,False,high_risk,8.0,threat-npm-preinstall-script threat-runtime-environment-read threat-runtime-obfuscation-js-mangling,0.971,high,publisher_change install_script
@antv/data-set,0.12.8,2026-05-19,holdout,False,high_risk,8.0,threat-npm-preinstall-script threat-runtime-environment-read threat-runtime-obfuscation-js-mangling,1.952,high,maintainer_change install_script
@antv/dumi-theme-antv,0.10.4,2026-05-19,dev,False,high_risk,8.0,threat-npm-preinstall-script threat-runtime-environment-read threat-runtime-obfuscation-js-mangling,1.667,high,maintainer_change install_script
@antv/f-engine,1.11.0,2026-05-19,holdout,False,high_risk,8.0,threat-npm-preinstall-script threat-runtime-environment-read threat-runtime-obfuscation-js-mangling,1.59,high,publisher_change install_script
@antv/f2-graphic,0.2.16,2026-05-19,holdout,False,high_risk,8.0,threat-npm-preinstall-script threat-runtime-environment-read threat-runtime-obfuscation-js-mangling,0.883,high,publisher_change install_script
@antv/f6-core,0.2.2,2026-05-19,holdout,False,high_risk,8.0,threat-npm-preinstall-script threat-runtime-environment-read threat-runtime-obfuscation-js-mangling,1.289,high,publisher_change install_script
@antv/f6,0.1.19,2026-05-19,holdout,False,high_risk,8.0,threat-npm-preinstall-script threat-runtime-environment-read threat-runtime-obfuscation-js-mangling,1.948,high,publisher_change install_script
@antv/g-device-api,1.7.13,2026-05-19,dev,False,high_risk,8.0,threat-npm-preinstall-script threat-runtime-environment-read threat-runtime-obfuscation-js-mangling,2.553,high,publisher_change install_script
@antv/g-lite,2.8.0,2026-05-19,holdout,False,high_risk,8.0,threat-npm-preinstall-script threat-runtime-environment-read threat-runtime-obfuscation-js-mangling,2.078,high,publisher_change install_script
@antv/g-lite,2.9.0,2026-05-19,holdout,False,high_risk,8.0,threat-npm-preinstall-script threat-runtime-environment-read threat-runtime-obfuscation-js-mangling,2.053,high,publisher_change install_script
@antv/g2-extension-3d,0.3.0,2026-05-19,holdout,False,high_risk,8.0,threat-npm-preinstall-script threat-runtime-environment-read threat-runtime-obfuscation-js-mangling,0.963,high,publisher_change install_script
@antv/g6-mobile,0.2.2,2026-05-19,dev,False,high_risk,8.0,threat-npm-preinstall-script threat-runtime-environment-read threat-runtime-obfuscation-js-mangling,1.969,high,publisher_change install_script
@antv/g6-pc,0.10.25,2026-05-19,dev,False,high_risk,8.0,threat-npm-preinstall-script threat-runtime-environment-read threat-runtime-obfuscation-js-mangling,2.557,high,publisher_change install_script
@antv/g6-pc,0.9.25,2026-05-19,holdout,False,high_risk,8.0,threat-npm-preinstall-script threat-runtime-environment-read threat-runtime-obfuscation-js-mangling,2.373,high,publisher_change install_script
@antv/g,6.4.1,2026-05-19,holdout,False,high_risk,8.0,threat-npm-preinstall-script threat-runtime-environment-read threat-runtime-obfuscation-js-mangling,1.439,high,publisher_change install_script
@antv/gi-assets-algorithm,2.4.19,2026-05-19,dev,False,high_risk,9.4,threat-filesystem-destruction threat-npm-preinstall-script threat-runtime-environment-read threat-runtime-obfuscation-js-mangling,1.86,high,publisher_change install_script
@antv/gi-assets-scene,2.3.21,2026-05-19,holdout,False,high_risk,8.8,threat-filesystem-autostart threat-npm-preinstall-script threat-runtime-environment-read threat-runtime-obfuscation-js-mangling,3.412,high,publisher_change install_script
@antv/gi-assets-xlab,0.2.30,2026-05-19,holdout,False,high_risk,8.0,threat-npm-preinstall-script threat-runtime-environment-read threat-runtime-obfuscation-js-mangling,2.088,high,publisher_change install_script
@antv/gi-assets-xlab,0.3.30,2026-05-19,dev,False,high_risk,8.0,threat-npm-preinstall-script threat-runtime-environment-read threat-runtime-obfuscation-js-mangling,2.206,high,publisher_change install_script
@antv/gpt-vis,1.1.0,2026-05-19,dev,False,high_risk,8.0,threat-npm-preinstall-script threat-runtime-environment-read threat-runtime-obfuscation-js-mangling,1.899,high,maintainer_change install_script
@antv/insight-component,1.1.0,2026-05-19,holdout,False,high_risk,8.0,threat-npm-preinstall-script threat-runtime-environment-read threat-runtime-obfuscation-js-mangling,1.033,high,publisher_change install_script
@antv/l7-component,2.27.10,2026-05-19,dev,False,high_risk,8.0,threat-npm-preinstall-script threat-runtime-environment-read threat-runtime-obfuscation-js-mangling,1.098,high,publisher_change install_script
@antv/l7-composite-layers,0.19.1,2026-05-19,dev,False,high_risk,8.0,threat-npm-preinstall-script threat-runtime-environment-read threat-runtime-obfuscation-js-mangling,1.581,high,publisher_change install_script
@antv/l7-core,2.27.10,2026-05-19,dev,False,high_risk,8.0,threat-npm-preinstall-script threat-runtime-environment-read threat-runtime-obfuscation-js-mangling,1.42,high,publisher_change install_script
@antv/l7-draw,3.2.5,2026-05-19,dev,False,high_risk,8.0,threat-npm-preinstall-script threat-runtime-environment-read threat-runtime-obfuscation-js-mangling,1.945,high,publisher_change install_script
@antv/l7-map,2.27.10,2026-05-19,holdout,False,high_risk,8.0,threat-npm-preinstall-script threat-runtime-environment-read threat-runtime-obfuscation-js-mangling,1.16,high,publisher_change install_script
@antv/l7-source,2.27.10,2026-05-19,dev,False,high_risk,8.0,threat-npm-preinstall-script threat-runtime-environment-read threat-runtime-obfuscation-js-mangling,1.116,high,publisher_change install_script
@antv/li-aiearth-assets,0.5.7,2026-05-19,holdout,False,high_risk,9.4,threat-filesystem-destruction threat-npm-preinstall-script threat-runtime-environment-read threat-runtime-obfuscation-js-mangling,12.205,high,publisher_change install_script
@antv/li-aiearth-assets,0.6.7,2026-05-19,holdout,False,high_risk,9.4,threat-filesystem-destruction threat-npm-preinstall-script threat-runtime-environment-read threat-runtime-obfuscation-js-mangling,11.696,high,publisher_change install_script
@antv/lite-insight,2.2.1,2026-05-19,dev,False,high_risk,8.0,threat-npm-preinstall-script threat-runtime-environment-read threat-runtime-obfuscation-js-mangling,1.3,high,publisher_change install_script
@antv/mcp-server-chart,0.10.10,2026-05-19,holdout,False,high_risk,8.0,threat-npm-preinstall-script threat-runtime-environment-read threat-runtime-obfuscation-js-mangling,0.785,high,maintainer_change install_script
@antv/narrative-text-editor,0.3.20,2026-05-19,dev,False,high_risk,8.0,threat-npm-preinstall-script threat-runtime-environment-read threat-runtime-obfuscation-js-mangling,4.545,high,publisher_change install_script
@antv/narrative-text-editor,0.4.20,2026-05-19,dev,False,high_risk,8.0,threat-npm-preinstall-script threat-runtime-environment-read threat-runtime-obfuscation-js-mangling,4.785,high,publisher_change install_script
@antv/narrative-text-vis,0.5.16,2026-05-19,dev,False,high_risk,8.0,threat-npm-preinstall-script threat-runtime-environment-read threat-runtime-obfuscation-js-mangling,1.629,high,publisher_change install_script
@antv/s2-react-components,2.3.2,2026-05-19,holdout,False,high_risk,8.0,threat-npm-preinstall-script threat-runtime-environment-read threat-runtime-obfuscation-js-mangling,1.594,high,publisher_change install_script
@antv/s2-react,2.5.1,2026-05-19,holdout,False,high_risk,8.0,threat-npm-preinstall-script threat-runtime-environment-read threat-runtime-obfuscation-js-mangling,1.415,high,publisher_change install_script
@antv/scale,0.6.2,2026-05-19,holdout,False,high_risk,8.0,threat-npm-preinstall-script threat-runtime-environment-read threat-runtime-obfuscation-js-mangling,1.163,high,maintainer_change install_script
@antv/t8,0.5.0,2026-05-19,dev,False,high_risk,8.0,threat-npm-preinstall-script threat-runtime-environment-read threat-runtime-obfuscation-js-mangling,1.683,high,maintainer_change install_script
@antv/x6-geometry,2.2.5,2026-05-19,holdout,False,high_risk,8.0,threat-npm-preinstall-script threat-runtime-environment-read threat-runtime-obfuscation-js-mangling,1.415,high,publisher_change install_script
@antv/x6-react-components,2.1.9,2026-05-19,dev,False,high_risk,8.0,threat-npm-preinstall-script threat-runtime-environment-read threat-runtime-obfuscation-js-mangling,1.671,high,publisher_change install_script
@antv/x6-react-components,2.2.9,2026-05-19,dev,False,high_risk,8.0,threat-npm-preinstall-script threat-runtime-environment-read threat-runtime-obfuscation-js-mangling,1.541,high,publisher_change install_script
@art-ws/common,2.0.28,2025-09-15,dev,False,suspicious,6.5,threat-network-exfiltration threat-runtime-environment-read,2.287,medium,install_script
@art-ws/config-eslint,2.0.4,2025-09-15,holdout,False,suspicious,6.5,threat-network-exfiltration threat-runtime-environment-read,1.934,medium,install_script
@art-ws/config-ts,2.0.7,2025-09-15,holdout,False,suspicious,6.5,threat-network-exfiltration threat-runtime-environment-read,1.982,medium,install_script
@art-ws/config-ts,2.0.8,2025-09-15,dev,False,suspicious,6.5,threat-network-exfiltration threat-runtime-environment-read,1.982,medium,install_script
@art-ws/db-context,2.0.24,2025-09-15,holdout,False,suspicious,6.5,threat-network-exfiltration threat-runtime-environment-read,1.88,medium,install_script
@art-ws/di-node,2.0.13,2025-09-15,holdout,False,suspicious,6.5,threat-network-exfiltration threat-runtime-environment-read,2.006,medium,install_script
@art-ws/di,2.0.28,2025-09-15,holdout,False,suspicious,6.5,threat-network-exfiltration threat-runtime-environment-read,1.885,medium,install_script
@art-ws/di,2.0.32,2025-09-15,dev,False,suspicious,6.5,threat-network-exfiltration threat-runtime-environment-read,1.858,medium,install_script
@art-ws/eslint,1.0.5,2025-09-15,holdout,False,suspicious,6.5,threat-network-exfiltration threat-runtime-environment-read,1.949,medium,install_script
@art-ws/eslint,1.0.6,2025-09-15,dev,False,suspicious,6.5,threat-network-exfiltration threat-runtime-environment-read,1.937,medium,install_script
@art-ws/fastify-http-server,2.0.24,2025-09-15,holdout,False,suspicious,6.5,threat-network-exfiltration threat-runtime-environment-read,1.935,medium,install_script
@art-ws/fastify-http-server,2.0.27,2025-09-15,dev,False,suspicious,6.5,threat-network-exfiltration threat-runtime-environment-read,1.95,medium,install_script
@art-ws/http-server,2.0.21,2025-09-15,holdout,False,suspicious,6.5,threat-network-exfiltration threat-runtime-environment-read,1.876,medium,install_script
@art-ws/http-server,2.0.25,2025-09-15,dev,False,suspicious,6.5,threat-network-exfiltration threat-runtime-environment-read,2.013,medium,install_script
@art-ws/openapi,0.1.12,2025-09-15,dev,False,suspicious,6.5,threat-network-exfiltration threat-runtime-environment-read,1.994,medium,install_script
@art-ws/openapi,0.1.9,2025-09-15,holdout,False,suspicious,6.5,threat-network-exfiltration threat-runtime-environment-read,1.902,medium,install_script
@art-ws/package-base,1.0.5,2025-09-15,dev,False,suspicious,6.5,threat-network-exfiltration threat-runtime-environment-read,1.931,medium,install_script
@art-ws/prettier,1.0.5,2025-09-15,holdout,False,suspicious,6.5,threat-network-exfiltration threat-runtime-environment-read,1.886,medium,install_script
@art-ws/slf,2.0.15,2025-09-15,dev,False,suspicious,6.5,threat-network-exfiltration threat-runtime-environment-read,1.83,medium,install_script
@art-ws/slf,2.0.22,2025-09-15,dev,False,suspicious,6.5,threat-network-exfiltration threat-runtime-environment-read,1.908,medium,install_script
@art-ws/ssl-info,1.0.10,2025-09-15,holdout,False,suspicious,6.5,threat-network-exfiltration threat-runtime-environment-read,1.754,medium,install_script
@art-ws/ssl-info,1.0.9,2025-09-15,dev,False,suspicious,6.5,threat-network-exfiltration threat-runtime-environment-read,1.764,medium,install_script
@art-ws/web-app,1.0.3,2025-09-15,holdout,False,suspicious,6.5,threat-network-exfiltration threat-runtime-environment-read,2.037,medium,install_script
@aryanhussain/my-angular-lib,0.0.23,2025-11-24,holdout,False,high_risk,9.4,threat-filesystem-autostart threat-filesystem-destruction threat-npm-preinstall-script threat-runtime-obfuscation-js-mangling,4.373,medium,install_script
@asyncapi/avro-schema-parser,3.0.26,2025-11-24,holdout,False,high_risk,9.4,threat-filesystem-autostart threat-filesystem-destruction threat-npm-preinstall-script threat-runtime-obfuscation-js-mangling,4.351,low,install_script
@asyncapi/bundler,0.6.6,2025-11-24,dev,False,high_risk,9.4,threat-filesystem-autostart threat-filesystem-destruction threat-npm-preinstall-script threat-runtime-obfuscation-js-mangling,4.281,low,install_script
@asyncapi/cli,4.1.3,2025-11-24,holdout,False,high_risk,9.4,threat-filesystem-autostart threat-filesystem-destruction threat-npm-preinstall-script threat-runtime-environment-read threat-runtime-obfuscation-js-mangling,5.205,low,install_script
@asyncapi/converter,1.6.4,2025-11-24,holdout,False,high_risk,9.4,threat-filesystem-autostart threat-filesystem-destruction threat-npm-preinstall-script threat-runtime-obfuscation-js-mangling,4.349,low,install_script
@asyncapi/diff,0.5.1,2025-11-24,dev,False,high_risk,8.8,threat-filesystem-autostart threat-npm-preinstall-script threat-runtime-obfuscation-js-mangling,4.191,medium,install_script
@asyncapi/generator-components,0.3.3,2025-11-24,holdout,False,high_risk,9.4,threat-filesystem-autostart threat-filesystem-destruction threat-npm-preinstall-script threat-runtime-obfuscation-js-mangling,4.206,low,install_script
@asyncapi/generator-helpers,0.2.2,2025-11-24,holdout,False,high_risk,9.4,threat-filesystem-autostart threat-filesystem-destruction threat-npm-preinstall-script threat-runtime-obfuscation-js-mangling,4.164,low,install_script
@asyncapi/generator-react-sdk,1.1.4,2025-11-24,holdout,False,high_risk,8.8,threat-filesystem-autostart threat-npm-preinstall-script threat-runtime-obfuscation-js-mangling,4.335,medium,install_script
@asyncapi/generator,2.8.6,2025-11-24,holdout,False,high_risk,9.4,threat-filesystem-autostart threat-filesystem-destruction threat-npm-preinstall-script threat-runtime-obfuscation-js-mangling,4.796,low,install_script
@asyncapi/html-template,3.3.2,2025-11-24,holdout,False,high_risk,8.8,threat-filesystem-autostart threat-npm-preinstall-script threat-runtime-obfuscation-js-mangling,6.158,medium,install_script
@asyncapi/java-spring-template,1.6.2,2025-11-24,dev,False,high_risk,9.4,threat-filesystem-autostart threat-filesystem-destruction threat-npm-preinstall-script threat-runtime-environment-read threat-runtime-obfuscation-js-mangling,4.493,low,install_script
@asyncapi/java-template,0.3.5,2025-11-24,dev,False,high_risk,8.8,threat-filesystem-autostart threat-npm-preinstall-script threat-runtime-environment-read threat-runtime-obfuscation-js-mangling,4.753,medium,install_script
@asyncapi/keeper,0.0.3,2025-11-24,holdout,False,high_risk,9.4,threat-filesystem-autostart threat-filesystem-destruction threat-npm-preinstall-script threat-runtime-obfuscation-js-mangling,4.313,low,install_script
@asyncapi/markdown-template,1.6.8,2025-11-24,holdout,False,high_risk,8.8,threat-filesystem-autostart threat-npm-preinstall-script threat-runtime-environment-read threat-runtime-obfuscation-js-mangling,4.457,medium,install_script
@asyncapi/modelina,5.10.2,2025-11-24,dev,False,high_risk,8.8,threat-filesystem-autostart threat-npm-preinstall-script threat-runtime-obfuscation-js-mangling,6.874,medium,install_script
@asyncapi/modelina,5.10.3,2025-11-24,holdout,False,high_risk,9.4,threat-filesystem-autostart threat-filesystem-destruction threat-npm-preinstall-script threat-runtime-obfuscation-js-mangling,6.763,low,install_script
@asyncapi/multi-parser,2.2.2,2025-11-24,dev,False,high_risk,9.4,threat-filesystem-autostart threat-filesystem-destruction threat-npm-preinstall-script threat-runtime-obfuscation-js-mangling,4.431,low,install_script
@asyncapi/nodejs-template,3.0.5,2025-11-24,holdout,False,high_risk,8.8,threat-filesystem-autostart threat-npm-preinstall-script threat-runtime-environment-read threat-runtime-obfuscation-js-mangling,4.969,medium,install_script
@asyncapi/nunjucks-filters,2.1.2,2025-11-24,dev,False,high_risk,9.4,threat-filesystem-autostart threat-filesystem-destruction threat-npm-preinstall-script threat-runtime-obfuscation-js-mangling,4.334,low,install_script
@asyncapi/openapi-schema-parser,3.0.26,2025-11-24,dev,False,high_risk,9.4,threat-filesystem-autostart threat-filesystem-destruction threat-npm-preinstall-script threat-runtime-obfuscation-js-mangling,4.401,low,install_script
@asyncapi/optimizer,1.0.6,2025-11-24,holdout,False,high_risk,9.4,threat-filesystem-autostart threat-filesystem-destruction threat-npm-preinstall-script threat-runtime-obfuscation-js-mangling,4.43,low,install_script
@asyncapi/parser,3.4.1,2025-11-24,holdout,False,high_risk,8.8,threat-filesystem-autostart threat-npm-preinstall-script threat-runtime-obfuscation-js-mangling,6.689,medium,install_script
@asyncapi/parser,3.4.2,2025-11-24,holdout,False,high_risk,9.4,threat-filesystem-autostart threat-filesystem-destruction threat-npm-preinstall-script threat-runtime-obfuscation-js-mangling,6.728,low,install_script
@asyncapi/php-template,0.1.1,2025-11-24,holdout,False,high_risk,8.8,threat-filesystem-autostart threat-npm-preinstall-script threat-runtime-environment-read threat-runtime-obfuscation-js-mangling,4.675,medium,install_script
@asyncapi/problem,1.0.1,2025-11-24,dev,False,high_risk,8.8,threat-filesystem-autostart threat-npm-preinstall-script threat-runtime-obfuscation-js-mangling,4.714,medium,install_script
@asyncapi/protobuf-schema-parser,3.5.2,2025-11-24,holdout,False,high_risk,8.8,threat-filesystem-autostart threat-npm-preinstall-script threat-runtime-obfuscation-js-mangling,4.348,medium,install_script
@asyncapi/protobuf-schema-parser,3.5.3,2025-11-24,dev,False,high_risk,9.4,threat-filesystem-autostart threat-filesystem-destruction threat-npm-preinstall-script threat-runtime-obfuscation-js-mangling,4.39,low,install_script
@asyncapi/python-paho-template,0.2.14,2025-11-24,dev,False,high_risk,8.8,threat-filesystem-autostart threat-npm-preinstall-script threat-runtime-obfuscation-js-mangling,4.468,medium,install_script
@asyncapi/react-component,2.6.7,2025-11-24,holdout,False,high_risk,9.4,threat-filesystem-autostart threat-filesystem-destruction threat-npm-preinstall-script threat-runtime-obfuscation-js-mangling,7.972,low,install_script
@asyncapi/server-api,0.16.24,2025-11-24,dev,False,high_risk,8.8,threat-filesystem-autostart threat-npm-preinstall-script threat-runtime-environment-read threat-runtime-obfuscation-js-mangling,4.655,medium,install_script
@asyncapi/specs,6.10.1,2025-11-24,dev,False,high_risk,8.8,threat-filesystem-autostart threat-npm-preinstall-script threat-runtime-obfuscation-js-mangling,5.148,medium,install_script
@asyncapi/specs,6.8.2,2025-11-24,holdout,False,high_risk,8.8,threat-filesystem-autostart threat-npm-preinstall-script threat-runtime-obfuscation-js-mangling,5.25,medium,install_script
@asyncapi/specs,6.8.3,2025-11-24,holdout,False,high_risk,9.4,threat-filesystem-autostart threat-filesystem-destruction threat-npm-preinstall-script threat-runtime-obfuscation-js-mangling,5.69,low,install_script
@asyncapi/studio,1.0.2,2025-11-24,holdout,False,high_risk,9.4,threat-filesystem-autostart threat-filesystem-destruction threat-network-exfiltration threat-npm-preinstall-script threat-process-spawn-silent threat-runtime-environment-read threat-runtime-obfuscation-general threat-runtime-obfuscation-js-mangling threat-runtime-obfuscation-log-suppress threat-runtime-obfuscation-unicode,43.809,medium,install_script
@asyncapi/studio,1.0.3,2025-11-24,dev,False,high_risk,9.4,threat-filesystem-autostart threat-filesystem-destruction threat-network-exfiltration threat-npm-preinstall-script threat-process-spawn-silent threat-runtime-environment-read threat-runtime-obfuscation-general threat-runtime-obfuscation-js-mangling threat-runtime-obfuscation-log-suppress threat-runtime-obfuscation-unicode,43.444,low,install_script
@automagik/genie,4.260421.33,2026-04-21,holdout,False,high_risk,9.4,threat-filesystem-autostart threat-filesystem-destruction threat-network-exfil-sysinfo threat-runtime-enumeration threat-runtime-environment-read threat-runtime-keylogging threat-runtime-obfuscation-general threat-runtime-system-info,3.15,medium,install_script
@automagik/genie,4.260421.34,2026-04-21,dev,False,high_risk,9.4,threat-filesystem-autostart threat-filesystem-destruction threat-network-exfil-sysinfo threat-runtime-enumeration threat-runtime-environment-read threat-runtime-keylogging threat-runtime-obfuscation-general threat-runtime-system-info,3.142,medium,install_script
@automagik/genie,4.260421.36,2026-04-21,holdout,False,high_risk,9.4,threat-filesystem-autostart threat-filesystem-destruction threat-network-exfil-sysinfo threat-runtime-enumeration threat-runtime-environment-read threat-runtime-keylogging threat-runtime-obfuscation-general threat-runtime-system-info,3.155,medium,install_script
@automagik/genie,4.260421.37,2026-04-21,holdout,False,high_risk,9.4,threat-filesystem-autostart threat-filesystem-destruction threat-network-exfil-sysinfo threat-runtime-enumeration threat-runtime-environment-read threat-runtime-keylogging threat-runtime-obfuscation-general threat-runtime-system-info,3.086,medium,install_script
@automagik/genie,4.260421.38,2026-04-21,dev,False,high_risk,9.4,threat-filesystem-autostart threat-filesystem-destruction threat-network-exfil-sysinfo threat-runtime-enumeration threat-runtime-environment-read threat-runtime-keylogging threat-runtime-obfuscation-general threat-runtime-system-info,3.21,medium,install_script
@automagik/genie,4.260421.39,2026-04-22,dev,False,high_risk,9.4,threat-filesystem-autostart threat-filesystem-destruction threat-network-exfil-sysinfo threat-runtime-enumeration threat-runtime-environment-read threat-runtime-keylogging threat-runtime-obfuscation-general threat-runtime-system-info,2.983,medium,install_script
@beproduct/nestjs-auth,0.1.14,2026-05-11,dev,False,high_risk,8.6,threat-filesystem-destruction threat-npm-preinstall-script threat-runtime-environment-read threat-runtime-obfuscation-js-mangling,1.417,medium,install_script
@beproduct/nestjs-auth,0.1.16,2026-05-11,holdout,False,high_risk,8.6,threat-filesystem-destruction threat-npm-preinstall-script threat-runtime-environment-read threat-runtime-obfuscation-js-mangling,1.353,medium,install_script
@beproduct/nestjs-auth,0.1.17,2026-05-11,dev,False,suspicious,5.9,threat-npm-preinstall-script threat-runtime-environment-read threat-runtime-obfuscation-js-mangling,1.346,medium,install_script
@beproduct/nestjs-auth,0.1.19,2026-05-11,holdout,False,suspicious,5.9,threat-npm-preinstall-script threat-runtime-environment-read threat-runtime-obfuscation-js-mangling,0.623,medium,install_script
@beproduct/nestjs-auth,0.1.8,2026-05-11,dev,False,high_risk,8.6,threat-filesystem-destruction threat-npm-preinstall-script threat-runtime-environment-read threat-runtime-obfuscation-js-mangling,1.373,medium,install_script
@bitwarden/cli,2026.4.0,2026-04-23,holdout,False,high_risk,8.8,threat-filesystem-autostart threat-npm-preinstall-script threat-runtime-environment-read threat-runtime-obfuscation-js-mangling,7.503,,
@browserbasehq/bb9,1.2.21,2025-11-24,dev,False,high_risk,9.4,threat-filesystem-autostart threat-filesystem-destruction threat-npm-preinstall-script threat-runtime-environment-read threat-runtime-obfuscation-js-mangling,4.737,high,publisher_change install_script
@browserbasehq/director-ai,1.0.3,2025-11-24,dev,False,high_risk,9.4,threat-filesystem-autostart threat-filesystem-destruction threat-npm-preinstall-script threat-runtime-environment-read threat-runtime-obfuscation-js-mangling,5.207,high,publisher_change install_script
@browserbasehq/mcp,2.1.1,2025-11-24,holdout,False,high_risk,9.4,threat-filesystem-autostart threat-filesystem-destruction threat-npm-preinstall-script threat-runtime-environment-read threat-runtime-obfuscation-js-mangling,5.92,high,publisher_change install_script
@browserbasehq/sdk-functions,0.0.4,2025-11-24,dev,False,high_risk,9.4,threat-filesystem-autostart threat-filesystem-destruction threat-npm-preinstall-script threat-runtime-environment-read threat-runtime-obfuscation-js-mangling,4.662,high,publisher_change install_script
@browserbasehq/stagehand,3.0.4,2025-11-24,dev,False,high_risk,9.4,threat-filesystem-autostart threat-filesystem-destruction threat-network-exfiltration threat-npm-preinstall-script threat-runtime-environment-read threat-runtime-obfuscation-js-mangling,5.197,high,publisher_change install_script
@cap-js/db-service,2.10.1,2026-04-29,dev,False,suspicious,5.9,threat-npm-preinstall-script threat-runtime-environment-read threat-runtime-obfuscation-js-mangling,6.062,high,provenance_dropped install_script
@cap-js/postgres,2.2.2,2026-04-29,dev,False,suspicious,5.9,threat-npm-preinstall-script threat-runtime-environment-read threat-runtime-obfuscation-js-mangling,5.556,high,provenance_dropped install_script
@cap-js/sqlite,2.2.2,2026-04-29,holdout,False,suspicious,5.9,threat-npm-preinstall-script threat-runtime-environment-read threat-runtime-obfuscation-js-mangling,5.76,high,provenance_dropped install_script
@clausehq/flows-step-mqtt,0.1.14,2025-11-24,holdout,False,high_risk,9.4,threat-filesystem-autostart threat-filesystem-destruction threat-npm-preinstall-script threat-runtime-obfuscation-js-mangling,4.331,high,maintainer_change install_script
@clausehq/flows-step-sendgridemail,0.1.14,2025-11-24,holdout,False,high_risk,9.4,threat-filesystem-autostart threat-filesystem-destruction threat-npm-preinstall-script threat-runtime-obfuscation-js-mangling,4.374,high,maintainer_change install_script
@clausehq/flows-step-taskscreateurl,0.1.14,2025-11-24,dev,False,high_risk,9.4,threat-filesystem-autostart threat-filesystem-destruction threat-npm-preinstall-script threat-runtime-obfuscation-js-mangling,4.635,high,maintainer_change install_script
@coveops/abi,2.0.1,2025-09-09,holdout,False,low,4.3,threat-runtime-environment-read threat-runtime-obfuscation-js-mangling,1.04,medium,publisher_change
@crowdstrike/commitlint,8.1.1,2025-09-16,dev,False,suspicious,6.5,threat-network-exfiltration threat-runtime-environment-read,1.898,medium,install_script
@crowdstrike/commitlint,8.1.2,2025-09-16,dev,False,suspicious,6.5,threat-network-exfiltration threat-runtime-environment-read,1.845,low,install_script
@crowdstrike/falcon-shoelace,0.4.1,2025-09-16,holdout,False,suspicious,6.5,threat-network-exfiltration threat-runtime-environment-read,1.948,medium,install_script
@crowdstrike/falcon-shoelace,0.4.2,2025-09-16,dev,False,suspicious,6.5,threat-network-exfiltration threat-runtime-environment-read,1.919,low,install_script
@crowdstrike/foundry-js,0.19.1,2025-09-16,holdout,False,suspicious,6.5,threat-network-exfiltration threat-runtime-environment-read,2.1,medium,install_script
@crowdstrike/foundry-js,0.19.2,2025-09-16,dev,False,suspicious,6.5,threat-network-exfiltration threat-runtime-environment-read,2.128,low,install_script
@crowdstrike/glide-core,0.34.2,2025-09-16,holdout,False,suspicious,6.5,threat-network-exfiltration threat-runtime-environment-read,2.506,medium,provenance_dropped install_script
@crowdstrike/glide-core,0.34.3,2025-09-16,holdout,False,suspicious,6.5,threat-network-exfiltration threat-runtime-environment-read,2.559,low,install_script
@crowdstrike/logscale-file-editor,1.205.2,2025-09-16,holdout,False,suspicious,6.5,threat-network-exfiltration threat-runtime-environment-read,2.933,low,install_script
@crowdstrike/tailwind-toucan-base,5.0.1,2025-09-16,dev,False,suspicious,6.5,threat-network-exfiltration threat-runtime-environment-read,2.151,medium,install_script
@crowdstrike/tailwind-toucan-base,5.0.2,2025-09-16,dev,False,suspicious,6.5,threat-network-exfiltration threat-runtime-environment-read,1.922,low,install_script
@ctrl/deluge,7.2.1,2025-09-15,holdout,False,suspicious,6.5,threat-network-exfiltration threat-runtime-environment-read,1.848,high,provenance_dropped install_script
@ctrl/deluge,7.2.2,2025-09-15,holdout,False,suspicious,6.5,threat-network-exfiltration threat-runtime-environment-read,1.82,medium,install_script
@ctrl/golang-template,1.4.2,2025-09-15,holdout,False,suspicious,6.5,threat-network-exfiltration threat-runtime-environment-read,1.847,medium,install_script
@ctrl/golang-template,1.4.3,2025-09-15,dev,False,suspicious,6.5,threat-network-exfiltration threat-runtime-environment-read,1.889,medium,install_script
@ctrl/magnet-link,4.0.3,2025-09-15,holdout,False,suspicious,6.5,threat-network-exfiltration threat-runtime-environment-read,1.963,high,provenance_dropped install_script
@ctrl/magnet-link,4.0.4,2025-09-15,holdout,False,suspicious,6.5,threat-network-exfiltration threat-runtime-environment-read,1.96,medium,install_script
@ctrl/ngx-codemirror,7.0.1,2025-09-15,holdout,False,suspicious,6.5,threat-network-exfiltration threat-runtime-environment-read,2.129,high,provenance_dropped install_script
@ctrl/ngx-codemirror,7.0.2,2025-09-15,dev,False,suspicious,6.5,threat-network-exfiltration threat-runtime-environment-read,2.275,medium,install_script
@ctrl/ngx-csv,6.0.1,2025-09-15,dev,False,suspicious,6.5,threat-network-exfiltration threat-runtime-environment-read,2.305,medium,install_script
@ctrl/ngx-csv,6.0.2,2025-09-15,holdout,False,suspicious,6.5,threat-network-exfiltration threat-runtime-environment-read,2.185,medium,install_script
@ctrl/ngx-rightclick,4.0.1,2025-09-15,holdout,False,suspicious,6.5,threat-network-exfiltration threat-runtime-environment-read,2.164,medium,install_script
@ctrl/ngx-rightclick,4.0.2,2025-09-15,holdout,False,suspicious,6.5,threat-network-exfiltration threat-runtime-environment-read,1.927,medium,install_script
@ctrl/qbittorrent,9.7.1,2025-09-15,holdout,False,suspicious,6.5,threat-network-exfiltration threat-runtime-environment-read,1.872,high,provenance_dropped install_script
@ctrl/qbittorrent,9.7.2,2025-09-15,dev,False,suspicious,6.5,threat-network-exfiltration threat-runtime-environment-read,1.834,medium,install_script
@ctrl/react-adsense,2.0.1,2025-09-15,dev,False,suspicious,6.5,threat-network-exfiltration threat-runtime-environment-read,1.92,high,provenance_dropped install_script
@ctrl/react-adsense,2.0.2,2025-09-15,dev,False,suspicious,6.5,threat-network-exfiltration threat-runtime-environment-read,1.805,medium,install_script
@ctrl/shared-torrent,6.3.1,2025-09-15,holdout,False,suspicious,6.5,threat-network-exfiltration threat-runtime-environment-read,1.797,high,provenance_dropped install_script
@ctrl/shared-torrent,6.3.2,2025-09-15,holdout,False,suspicious,6.5,threat-network-exfiltration threat-runtime-environment-read,1.757,medium,install_script
@ctrl/tinycolor,4.1.1,2025-09-15,dev,False,suspicious,6.5,threat-network-exfiltration threat-runtime-environment-read,1.971,medium,install_script
@ctrl/tinycolor,4.1.2,2025-09-15,holdout,False,suspicious,6.5,threat-network-exfiltration threat-runtime-environment-read,1.882,medium,install_script
@ctrl/torrent-file,4.1.1,2025-09-15,holdout,False,suspicious,6.5,threat-network-exfiltration threat-runtime-environment-read,1.772,high,provenance_dropped install_script
@ctrl/torrent-file,4.1.2,2025-09-15,dev,False,suspicious,6.5,threat-network-exfiltration threat-runtime-environment-read,1.758,medium,install_script
@ctrl/transmission,7.3.1,2025-09-15,dev,False,suspicious,6.5,threat-network-exfiltration threat-runtime-environment-read,1.935,high,provenance_dropped install_script
@ctrl/ts-base32,4.0.1,2025-09-15,holdout,False,suspicious,6.5,threat-network-exfiltration threat-runtime-environment-read,1.815,high,provenance_dropped install_script
@ctrl/ts-base32,4.0.2,2025-09-15,holdout,False,suspicious,6.5,threat-network-exfiltration threat-runtime-environment-read,1.855,medium,install_script
@dev-blinq/cucumber-js,1.0.131,2025-11-24,dev,False,high_risk,9.4,threat-filesystem-autostart threat-filesystem-destruction threat-npm-preinstall-script threat-runtime-environment-read threat-runtime-obfuscation-js-mangling,5.368,high,publisher_change install_script
@dev-blinq/cucumber_client,1.0.738,2025-11-24,dev,False,high_risk,9.4,threat-filesystem-autostart threat-filesystem-destruction threat-npm-preinstall-script threat-runtime-environment-read threat-runtime-obfuscation-js-mangling,5.847,high,publisher_change install_script
@dirigible-ai/sdk,0.6.3,2026-05-11,dev,False,high_risk,8.6,threat-filesystem-destruction threat-npm-preinstall-script threat-runtime-environment-read threat-runtime-obfuscation-js-mangling,1.572,medium,install_script
@draftauth/client,0.2.2,2026-05-11,holdout,False,high_risk,8.6,threat-filesystem-destruction threat-npm-preinstall-script threat-runtime-environment-read threat-runtime-obfuscation-js-mangling,1.276,medium,install_script
@draftauth/core,0.13.2,2026-05-11,dev,False,high_risk,8.6,threat-filesystem-destruction threat-npm-preinstall-script threat-runtime-environment-read threat-runtime-obfuscation-js-mangling,1.683,medium,install_script
@draftlab/auth-router,0.5.2,2026-05-11,holdout,False,high_risk,8.6,threat-filesystem-destruction threat-npm-preinstall-script threat-runtime-environment-read threat-runtime-obfuscation-js-mangling,1.435,medium,install_script
@draftlab/auth,0.24.2,2026-05-11,holdout,False,high_risk,8.6,threat-filesystem-destruction threat-npm-preinstall-script threat-runtime-environment-read threat-runtime-obfuscation-js-mangling,1.979,medium,install_script
@draftlab/db,0.16.2,2026-05-11,holdout,False,high_risk,8.6,threat-filesystem-destruction threat-npm-preinstall-script threat-runtime-environment-read threat-runtime-obfuscation-js-mangling,1.501,medium,install_script
@duckdb/duckdb-wasm,1.29.2,2025-09-09,holdout,False,high_risk,8.8,threat-filesystem-destruction threat-runtime-obfuscation-js-mangling,18.306,medium,publisher_change
@duckdb/node-api,1.3.3,2025-09-09,holdout,False,high_risk,7.2,threat-runtime-obfuscation-js-mangling,0.751,,
@emilgroup/account-sdk-node,1.40.1,2026-03-20,holdout,False,low,3.3,threat-runtime-environment-read,0.54,high,maintainer_change install_script
@emilgroup/account-sdk,1.41.1,2026-03-20,dev,False,low,3.3,threat-runtime-environment-read,0.425,high,maintainer_change install_script
@emilgroup/accounting-sdk-node,1.26.1,2026-03-20,holdout,False,low,3.3,threat-runtime-environment-read,0.436,high,maintainer_change install_script
@emilgroup/accounting-sdk,1.27.3,2026-03-20,dev,False,low,4.1,threat-process-spawn-silent threat-runtime-environment-read,0.437,high,maintainer_change install_script
@emilgroup/api-documentation,1.19.1,2026-03-20,dev,False,low,3.3,threat-runtime-environment-read,0.435,high,maintainer_change install_script
@emilgroup/auth-sdk-node,1.21.1,2026-03-20,holdout,False,low,3.3,threat-runtime-environment-read,0.649,high,maintainer_change install_script
@emilgroup/auth-sdk,1.25.1,2026-03-20,dev,False,low,3.3,threat-runtime-environment-read,0.497,high,maintainer_change install_script
@emilgroup/auth-sdk,1.25.2,2026-03-20,holdout,False,low,3.3,threat-runtime-environment-read,0.453,high,maintainer_change install_script
@emilgroup/billing-sdk-node,1.57.1,2026-03-20,dev,False,low,3.3,threat-runtime-environment-read,0.523,high,maintainer_change install_script
@emilgroup/billing-sdk,1.56.1,2026-03-20,holdout,False,low,3.3,threat-runtime-environment-read,0.511,high,maintainer_change install_script
@emilgroup/changelog-sdk-node,1.0.3,2026-03-20,dev,False,low,4.1,threat-process-spawn-silent threat-runtime-environment-read,0.424,high,maintainer_change install_script
@emilgroup/claim-sdk-node,1.39.2,2026-03-20,dev,False,low,3.3,threat-runtime-environment-read,0.472,medium,maintainer_change install_script
@emilgroup/claim-sdk,1.41.2,2026-03-20,holdout,False,low,3.3,threat-runtime-environment-read,0.489,medium,maintainer_change install_script
@emilgroup/commission-sdk-node,1.0.2,2026-03-20,holdout,False,low,4.1,threat-process-spawn-silent threat-runtime-environment-read,0.412,high,maintainer_change install_script
@emilgroup/commission-sdk-node,1.0.3,2026-03-20,dev,False,low,4.1,threat-process-spawn-silent threat-runtime-environment-read,0.44,high,maintainer_change install_script
@emilgroup/commission-sdk,1.0.2,2026-03-20,dev,False,low,4.1,threat-process-spawn-silent threat-runtime-environment-read,0.449,high,maintainer_change install_script
@emilgroup/commission-sdk,1.0.3,2026-03-20,holdout,False,low,4.1,threat-process-spawn-silent threat-runtime-environment-read,0.399,high,maintainer_change install_script
@emilgroup/customer-sdk-node,1.55.1,2026-03-20,dev,False,low,3.3,threat-runtime-environment-read,0.429,high,maintainer_change install_script
@emilgroup/customer-sdk,1.54.2,2026-03-20,dev,False,low,3.3,threat-runtime-environment-read,0.396,high,maintainer_change install_script
@emilgroup/customer-sdk,1.54.3,2026-03-20,holdout,False,low,4.1,threat-process-spawn-silent threat-runtime-environment-read,0.449,high,maintainer_change install_script
@emilgroup/customer-sdk,1.54.4,2026-03-20,dev,False,low,4.1,threat-process-spawn-silent threat-runtime-environment-read,0.505,high,maintainer_change install_script
@emilgroup/customer-sdk,1.54.5,2026-03-20,dev,False,low,4.1,threat-process-spawn-silent threat-runtime-environment-read,0.439,high,maintainer_change install_script
@emilgroup/discount-sdk-node,1.5.2,2026-03-20,holdout,False,low,4.1,threat-process-spawn-silent threat-runtime-environment-read,0.486,high,maintainer_change install_script
@emilgroup/discount-sdk,1.5.1,2026-03-20,holdout,False,low,4.1,threat-process-spawn-silent threat-runtime-environment-read,0.468,high,maintainer_change install_script
@emilgroup/discount-sdk,1.5.3,2026-03-20,dev,False,low,4.1,threat-process-spawn-silent threat-runtime-environment-read,0.408,high,maintainer_change install_script
@emilgroup/document-sdk-node,1.43.1,2026-03-20,holdout,False,low,3.3,threat-runtime-environment-read,0.464,high,maintainer_change install_script
@emilgroup/document-sdk-node,1.43.5,2026-03-20,holdout,False,low,4.1,threat-process-spawn-silent threat-runtime-environment-read,0.412,high,maintainer_change install_script
@emilgroup/document-sdk,1.45.1,2026-03-20,dev,False,low,3.3,threat-runtime-environment-read,0.421,high,maintainer_change install_script
@emilgroup/document-sdk,1.45.2,2026-03-20,dev,False,low,3.3,threat-runtime-environment-read,0.416,high,maintainer_change install_script
@emilgroup/document-uploader,0.0.10,2026-03-20,holdout,False,low,4.1,threat-process-spawn-silent threat-runtime-environment-read,0.378,high,maintainer_change install_script
@emilgroup/document-uploader,0.0.12,2026-03-20,holdout,False,low,4.1,threat-process-spawn-silent threat-runtime-environment-read,0.489,high,maintainer_change install_script
@emilgroup/docxtemplater-util,1.1.2,2026-03-20,holdout,False,low,4.1,threat-process-spawn-silent threat-runtime-environment-read,0.428,high,maintainer_change install_script
@emilgroup/docxtemplater-util,1.1.4,2026-03-20,holdout,False,low,4.1,threat-process-spawn-silent threat-runtime-environment-read,0.399,high,maintainer_change install_script
@emilgroup/gdv-sdk-node,2.6.1,2026-03-20,dev,False,low,4.1,threat-process-spawn-silent threat-runtime-environment-read,0.413,high,maintainer_change install_script
@emilgroup/gdv-sdk-node,2.6.3,2026-03-20,holdout,False,low,4.1,threat-process-spawn-silent threat-runtime-environment-read,0.424,high,maintainer_change install_script
@emilgroup/gdv-sdk,2.6.2,2026-03-20,holdout,False,low,3.3,threat-runtime-environment-read,0.38,high,maintainer_change install_script
@emilgroup/insurance-sdk-node,1.95.2,2026-03-20,dev,False,low,3.3,threat-runtime-environment-read,0.461,high,maintainer_change install_script
@emilgroup/insurance-sdk,1.97.4,2026-03-20,holdout,False,low,4.1,threat-process-spawn-silent threat-runtime-environment-read,0.481,high,maintainer_change install_script
@emilgroup/insurance-sdk,1.97.5,2026-03-20,dev,False,low,4.1,threat-process-spawn-silent threat-runtime-environment-read,0.432,high,maintainer_change install_script
@emilgroup/notification-sdk-node,1.4.1,2026-03-20,dev,False,low,3.3,threat-runtime-environment-read,0.4,high,maintainer_change install_script
@emilgroup/numbergenerator-sdk-node,1.3.2,2026-03-20,holdout,False,low,4.1,threat-process-spawn-silent threat-runtime-environment-read,0.399,high,maintainer_change install_script
@emilgroup/numbergenerator-sdk-node,1.3.3,2026-03-20,dev,False,low,4.1,threat-process-spawn-silent threat-runtime-environment-read,0.354,high,maintainer_change install_script
@emilgroup/partner-portal-sdk-node,1.1.2,2026-03-20,dev,False,low,3.3,threat-runtime-environment-read,0.422,high,maintainer_change install_script
@emilgroup/partner-portal-sdk,1.1.1,2026-03-20,holdout,False,low,4.1,threat-process-spawn-silent threat-runtime-environment-read,0.445,high,maintainer_change install_script
@emilgroup/partner-portal-sdk,1.1.3,2026-03-20,holdout,False,low,4.1,threat-process-spawn-silent threat-runtime-environment-read,0.419,high,maintainer_change install_script
@emilgroup/partner-sdk-node,1.19.2,2026-03-20,holdout,False,low,3.3,threat-runtime-environment-read,0.398,high,maintainer_change install_script
@emilgroup/partner-sdk,1.19.2,2026-03-20,holdout,False,low,4.1,threat-process-spawn-silent threat-runtime-environment-read,0.482,high,maintainer_change install_script
@emilgroup/partner-sdk,1.19.3,2026-03-20,dev,False,low,4.1,threat-process-spawn-silent threat-runtime-environment-read,0.419,high,maintainer_change install_script
@emilgroup/process-manager-sdk-node,1.13.2,2026-03-20,holdout,False,low,3.3,threat-runtime-environment-read,0.4,high,maintainer_change install_script
@emilgroup/process-manager-sdk,1.4.2,2026-03-20,dev,False,low,4.1,threat-process-spawn-silent threat-runtime-environment-read,0.388,high,maintainer_change install_script
@emilgroup/public-api-sdk-node,1.35.1,2026-03-20,holdout,False,low,3.3,threat-runtime-environment-read,0.412,high,maintainer_change install_script
@emilgroup/public-api-sdk,1.33.1,2026-03-20,holdout,False,low,3.3,threat-runtime-environment-read,0.432,high,maintainer_change install_script
@emilgroup/setting-sdk-node,0.2.2,2026-03-20,holdout,False,low,4.1,threat-process-spawn-silent threat-runtime-environment-read,0.389,high,maintainer_change install_script
@emilgroup/setting-sdk,0.2.2,2026-03-25,holdout,False,low,4.1,threat-process-spawn-silent threat-runtime-environment-read,0.389,high,maintainer_change install_script
@emilgroup/setting-sdk,0.2.3,2026-03-20,dev,False,low,4.1,threat-process-spawn-silent threat-runtime-environment-read,0.382,high,maintainer_change install_script
@emilgroup/task-sdk-node,1.0.2,2026-03-20,holdout,False,low,4.1,threat-process-spawn-silent threat-runtime-environment-read,0.394,high,maintainer_change install_script
@emilgroup/task-sdk-node,1.0.3,2026-03-20,dev,False,low,4.1,threat-process-spawn-silent threat-runtime-environment-read,0.398,high,maintainer_change install_script
@emilgroup/task-sdk-node,1.0.4,2026-03-20,holdout,False,low,4.1,threat-process-spawn-silent threat-runtime-environment-read,0.395,high,maintainer_change install_script
@emilgroup/task-sdk,1.0.3,2026-03-20,holdout,False,low,4.1,threat-process-spawn-silent threat-runtime-environment-read,0.386,high,maintainer_change install_script
@emilgroup/tenant-sdk-node,1.33.1,2026-03-20,dev,False,low,3.3,threat-runtime-environment-read,0.445,high,maintainer_change install_script
@emilgroup/tenant-sdk,1.34.1,2026-03-20,dev,False,low,3.3,threat-runtime-environment-read,0.449,high,maintainer_change install_script
@emilgroup/tenant-sdk,1.34.2,2026-03-20,dev,False,low,3.3,threat-runtime-environment-read,0.413,high,maintainer_change install_script
@emilgroup/translation-sdk-node,1.1.2,2026-03-20,dev,False,low,3.3,threat-runtime-environment-read,0.423,high,maintainer_change install_script
@ensdomains/address-encoder,1.1.5,2025-11-24,dev,False,high_risk,9.4,threat-filesystem-autostart threat-filesystem-destruction threat-npm-preinstall-script threat-runtime-obfuscation-js-mangling,7.142,high,publisher_change install_script
@ensdomains/blacklist,1.0.1,2025-11-24,holdout,False,high_risk,9.4,threat-filesystem-autostart threat-filesystem-destruction threat-npm-preinstall-script threat-runtime-obfuscation-js-mangling,6.11,high,publisher_change install_script
@ensdomains/ccip-read-dns-gateway,0.1.1,2025-11-24,holdout,False,high_risk,9.4,threat-filesystem-autostart threat-filesystem-destruction threat-npm-preinstall-script threat-runtime-obfuscation-js-mangling,5.948,high,publisher_change install_script
@ensdomains/ccip-read-worker-viem,0.0.4,2025-11-24,holdout,False,high_risk,9.4,threat-filesystem-autostart threat-filesystem-destruction threat-npm-preinstall-script threat-runtime-obfuscation-js-mangling,4.508,high,publisher_change install_script
@ensdomains/curvearithmetics,1.0.1,2025-11-24,dev,False,high_risk,9.4,threat-filesystem-autostart threat-filesystem-destruction threat-npm-preinstall-script threat-runtime-obfuscation-js-mangling,4.5,high,publisher_change install_script
@ensdomains/cypress-metamask,1.2.1,2025-11-24,holdout,False,high_risk,9.4,threat-filesystem-autostart threat-filesystem-destruction threat-npm-preinstall-script threat-runtime-environment-read threat-runtime-obfuscation-js-mangling,4.238,high,publisher_change install_script
@ensdomains/ensjs,4.0.3,2025-11-24,holdout,False,high_risk,9.4,threat-filesystem-autostart threat-filesystem-destruction threat-npm-preinstall-script threat-runtime-obfuscation-js-mangling,6.215,high,provenance_dropped maintainer_change install_script
@ensdomains/hardhat-chai-matchers-viem,0.1.15,2025-11-24,dev,False,high_risk,9.4,threat-filesystem-autostart threat-filesystem-destruction threat-npm-preinstall-script threat-runtime-obfuscation-js-mangling,4.815,high,publisher_change install_script
@ensdomains/hardhat-toolbox-viem-extended,0.0.6,2025-11-24,dev,False,high_risk,9.4,threat-filesystem-autostart threat-filesystem-destruction threat-npm-preinstall-script threat-runtime-obfuscation-js-mangling,4.809,high,publisher_change install_script
@ensdomains/react-ens-address,0.0.32,2025-11-24,dev,False,high_risk,9.4,threat-filesystem-autostart threat-filesystem-destruction threat-npm-preinstall-script threat-runtime-obfuscation-js-mangling,4.539,high,publisher_change install_script
@ensdomains/renewal,0.0.13,2025-11-24,holdout,False,high_risk,9.4,threat-filesystem-autostart threat-filesystem-destruction threat-npm-preinstall-script threat-runtime-obfuscation-js-mangling,4.79,high,publisher_change install_script
@ensdomains/server-analytics,0.0.2,2025-11-24,dev,False,high_risk,9.4,threat-filesystem-autostart threat-filesystem-destruction threat-npm-preinstall-script threat-runtime-obfuscation-js-mangling,4.749,high,publisher_change install_script
@ensdomains/subdomain-registrar,0.2.4,2025-11-24,dev,False,high_risk,9.4,threat-filesystem-autostart threat-filesystem-destruction threat-npm-preinstall-script threat-runtime-obfuscation-js-mangling,8.005,high,publisher_change install_script
@ensdomains/test-utils,1.3.1,2025-11-24,dev,False,high_risk,9.4,threat-filesystem-autostart threat-filesystem-destruction threat-npm-preinstall-script threat-runtime-obfuscation-js-mangling,4.419,high,publisher_change install_script
@ensdomains/thorin,0.6.51,2025-11-24,holdout,False,high_risk,9.4,threat-filesystem-autostart threat-filesystem-destruction threat-npm-preinstall-script threat-runtime-obfuscation-js-mangling,4.785,high,maintainer_change install_script
@ensdomains/ui,3.4.6,2025-11-24,dev,False,high_risk,9.4,threat-filesystem-autostart threat-filesystem-destruction threat-npm-preinstall-script threat-runtime-obfuscation-js-mangling,4.61,high,publisher_change install_script
@ensdomains/vite-plugin-i18next-loader,4.0.4,2025-11-24,holdout,False,high_risk,9.4,threat-filesystem-autostart threat-filesystem-destruction threat-npm-preinstall-script threat-runtime-obfuscation-js-mangling,4.302,high,publisher_change install_script
@ensdomains/web3modal,1.10.2,2025-11-24,holdout,False,high_risk,9.4,threat-filesystem-autostart threat-filesystem-destruction threat-npm-preinstall-script threat-runtime-obfuscation-js-mangling,5.136,high,publisher_change install_script
@everreal/validate-esmoduleinterop-imports,1.4.4,2025-11-24,dev,False,high_risk,9.4,threat-filesystem-autostart threat-filesystem-destruction threat-npm-preinstall-script threat-runtime-obfuscation-js-mangling,4.662,medium,install_script
@everreal/validate-esmoduleinterop-imports,1.4.5,2025-11-24,dev,False,high_risk,9.4,threat-filesystem-autostart threat-filesystem-destruction threat-npm-preinstall-script threat-runtime-obfuscation-js-mangling,4.484,medium,install_script
@everreal/web-analytics,0.0.1,2025-11-24,holdout,False,high_risk,9.4,threat-filesystem-autostart threat-filesystem-destruction threat-npm-preinstall-script threat-runtime-obfuscation-js-mangling,4.673,medium,install_script
@everreal/web-analytics,0.0.2,2025-11-24,dev,False,high_risk,9.4,threat-filesystem-autostart threat-filesystem-destruction threat-npm-preinstall-script threat-runtime-obfuscation-js-mangling,4.861,medium,install_script
@fairwords/loopback-connector-es,1.4.3,2026-04-08,holdout,False,high_risk,7.3,threat-network-exfil-sysinfo threat-runtime-environment-read threat-runtime-keylogging threat-runtime-system-info,0.455,high,publisher_change install_script
@fairwords/websocket,1.0.38,2026-04-08,holdout,False,high_risk,7.3,threat-network-exfil-sysinfo threat-runtime-environment-read threat-runtime-keylogging threat-runtime-system-info,0.471,high,publisher_change install_script
@faq-component/core,0.0.4,2025-11-24,dev,False,high_risk,9.4,threat-filesystem-autostart threat-filesystem-destruction threat-npm-preinstall-script threat-runtime-obfuscation-js-mangling,4.735,medium,install_script
@faq-component/react,1.0.1,2025-11-24,holdout,False,high_risk,9.4,threat-filesystem-autostart threat-filesystem-destruction threat-npm-preinstall-script threat-runtime-obfuscation-js-mangling,4.871,medium,install_script
@gluestack-ui/utils,0.1.16,2025-06-07,holdout,False,high_risk,8.8,threat-runtime-obfuscation-hidden-code,0.413,medium,publisher_change
@gluestack-ui/utils,0.1.17,2025-06-07,dev,False,high_risk,8.8,threat-runtime-obfuscation-hidden-code,0.428,medium,publisher_change
@hapheus/n8n-nodes-pgp,1.5.1,2025-11-24,holdout,False,high_risk,9.4,threat-filesystem-autostart threat-filesystem-destruction threat-npm-preinstall-script threat-runtime-obfuscation-js-mangling,4.908,medium,install_script
@hestjs/core,0.2.1,2025-09-14,dev,False,suspicious,6.5,threat-network-exfiltration threat-runtime-environment-read,2.308,medium,install_script
@hestjs/cqrs,0.1.6,2025-09-14,dev,False,suspicious,6.5,threat-network-exfiltration threat-runtime-environment-read,2.098,medium,install_script
@hestjs/demo,0.1.2,2025-09-14,holdout,False,suspicious,6.5,threat-network-exfiltration threat-runtime-environment-read,2.018,medium,install_script
@hestjs/eslint-config,0.1.2,2025-09-14,dev,False,suspicious,6.5,threat-network-exfiltration threat-runtime-environment-read,2.031,medium,install_script
@hestjs/logger,0.1.6,2025-09-14,holdout,False,suspicious,6.5,threat-network-exfiltration threat-runtime-environment-read,2.052,medium,install_script
@hestjs/scalar,0.1.7,2025-09-14,holdout,False,suspicious,6.5,threat-network-exfiltration threat-runtime-environment-read,1.832,medium,install_script
@hestjs/validation,0.1.6,2025-09-14,dev,False,suspicious,6.5,threat-network-exfiltration threat-runtime-environment-read,1.848,medium,install_script
@hover-design/core,0.0.1,2025-11-24,dev,False,high_risk,9.4,threat-filesystem-autostart threat-filesystem-destruction threat-npm-preinstall-script threat-runtime-obfuscation-js-mangling,4.232,medium,install_script
@ifelsedeveloper/protocol-contracts-svm-idl,0.1.2,2025-11-24,dev,False,high_risk,9.4,threat-filesystem-autostart threat-filesystem-destruction threat-npm-preinstall-script threat-runtime-obfuscation-js-mangling,4.354,medium,install_script
@kvytech/cli,0.0.7,2025-11-24,holdout,False,high_risk,9.4,threat-filesystem-autostart threat-filesystem-destruction threat-npm-preinstall-script threat-runtime-obfuscation-js-mangling,4.589,high,publisher_change install_script
@kvytech/components,0.0.2,2025-11-24,dev,False,high_risk,9.4,threat-filesystem-autostart threat-filesystem-destruction threat-npm-preinstall-script threat-runtime-obfuscation-js-mangling,4.473,high,publisher_change install_script
@kvytech/habbit-e2e-test,0.0.2,2025-11-24,holdout,False,high_risk,9.4,threat-filesystem-autostart threat-filesystem-destruction threat-npm-preinstall-script threat-runtime-obfuscation-js-mangling,4.471,high,publisher_change install_script
@kvytech/medusa-plugin-announcement,0.0.8,2025-11-24,holdout,False,high_risk,9.4,threat-filesystem-autostart threat-filesystem-destruction threat-npm-preinstall-script threat-runtime-obfuscation-js-mangling,4.463,medium,install_script
@kvytech/medusa-plugin-management,0.0.5,2025-11-24,dev,False,high_risk,9.4,threat-filesystem-autostart threat-filesystem-destruction threat-npm-preinstall-script threat-runtime-environment-read threat-runtime-obfuscation-js-mangling,4.54,medium,install_script
@kvytech/medusa-plugin-newsletter,0.0.5,2025-11-24,dev,False,high_risk,9.4,threat-filesystem-autostart threat-filesystem-destruction threat-npm-preinstall-script threat-runtime-environment-read threat-runtime-obfuscation-js-mangling,4.836,medium,install_script
@kvytech/medusa-plugin-product-reviews,0.0.9,2025-11-24,holdout,False,high_risk,9.4,threat-filesystem-autostart threat-filesystem-destruction threat-npm-preinstall-script threat-runtime-obfuscation-js-mangling,4.852,medium,install_script
@kvytech/medusa-plugin-promotion,0.0.2,2025-11-24,dev,False,high_risk,9.4,threat-filesystem-autostart threat-filesystem-destruction threat-npm-preinstall-script threat-runtime-obfuscation-js-mangling,4.735,high,publisher_change install_script
@kvytech/web,0.0.2,2025-11-24,dev,False,high_risk,9.4,threat-filesystem-autostart threat-filesystem-destruction threat-npm-preinstall-script threat-runtime-obfuscation-js-mangling,5.609,high,publisher_change install_script
@leafnoise/mirage,2.0.3,2026-03-21,holdout,False,low,4.1,threat-process-spawn-silent threat-runtime-environment-read,0.436,medium,install_script
@lessondesk/schoolbus,5.2.3,2025-11-24,holdout,False,high_risk,9.4,threat-filesystem-autostart threat-filesystem-destruction threat-npm-preinstall-script threat-runtime-obfuscation-js-mangling,5.481,low,install_script
@markvivanco/app-version-checker,1.0.1,2025-11-24,dev,False,high_risk,9.4,threat-filesystem-autostart threat-filesystem-destruction threat-npm-preinstall-script threat-runtime-obfuscation-js-mangling,4.74,medium,install_script
@markvivanco/app-version-checker,1.0.2,2025-11-24,holdout,False,high_risk,9.4,threat-filesystem-autostart threat-filesystem-destruction threat-npm-preinstall-script threat-runtime-obfuscation-js-mangling,4.755,medium,install_script
@mastra/acp,0.2.2,2026-06-17,dev,False,no_risks_detected,0.0,,0.484,high,provenance_dropped publisher_change
@mastra/agent-browser,0.3.2,2026-06-17,holdout,False,no_risks_detected,0.0,,0.6,high,provenance_dropped publisher_change
@mastra/agentcore,0.2.2,2026-06-17,dev,False,no_risks_detected,0.0,,0.493,high,provenance_dropped publisher_change
@mastra/agentfs,0.1.1,2026-06-17,dev,False,no_risks_detected,0.0,,0.498,high,provenance_dropped publisher_change
@mastra/ai-sdk,1.4.6,2026-06-17,holdout,False,low,3.3,threat-runtime-environment-read,1.518,high,provenance_dropped publisher_change
@mastra/arize,1.2.3,2026-06-17,dev,False,low,3.3,threat-runtime-environment-read,0.514,high,provenance_dropped publisher_change
@mastra/arthur,0.3.3,2026-06-17,holdout,False,low,3.3,threat-runtime-environment-read,0.453,high,provenance_dropped publisher_change
@mastra/auth-auth0,1.0.2,2026-06-17,dev,False,low,3.3,threat-runtime-environment-read,0.432,high,provenance_dropped publisher_change
@mastra/auth-better-auth,1.0.4,2026-06-17,holdout,False,no_risks_detected,0.0,,0.44,high,provenance_dropped publisher_change
@mastra/auth-clerk,1.0.3,2026-06-17,holdout,False,low,3.3,threat-runtime-environment-read,0.42,high,provenance_dropped publisher_change
@mastra/auth-cloud,1.1.4,2026-06-17,dev,False,no_risks_detected,0.0,,0.492,high,provenance_dropped publisher_change
@mastra/auth-firebase,1.0.1,2026-06-17,dev,False,no_risks_detected,0.0,,0.468,high,provenance_dropped publisher_change
@mastra/auth-okta,0.0.5,2026-06-17,dev,False,low,3.3,threat-runtime-environment-read,0.506,high,provenance_dropped publisher_change
@mastra/auth-studio,1.2.4,2026-06-17,holdout,False,no_risks_detected,0.0,,0.443,high,provenance_dropped publisher_change
@mastra/auth-supabase,1.0.2,2026-06-17,holdout,False,low,3.3,threat-runtime-environment-read,0.416,high,provenance_dropped publisher_change
@mastra/auth-workos,1.5.3,2026-06-17,holdout,False,low,3.3,threat-runtime-environment-read,0.562,high,provenance_dropped publisher_change
@mastra/auth,1.0.3,2026-06-17,holdout,False,low,3.3,threat-runtime-environment-read,0.458,high,provenance_dropped publisher_change
@mastra/azure,0.2.3,2026-06-17,dev,False,no_risks_detected,0.0,,0.461,high,provenance_dropped publisher_change
@mastra/braintrust,1.1.4,2026-06-17,dev,False,low,3.3,threat-runtime-environment-read,0.545,high,provenance_dropped publisher_change
@mastra/brightdata,0.2.2,2026-06-17,dev,False,low,3.3,threat-runtime-environment-read,0.517,high,provenance_dropped publisher_change
@mastra/browser-viewer,0.1.3,2026-06-17,holdout,False,no_risks_detected,0.0,,0.479,high,provenance_dropped publisher_change
@mastra/chroma,1.0.2,2026-06-17,dev,False,no_risks_detected,0.0,,0.692,high,provenance_dropped publisher_change
@mastra/claude,1.0.3,2026-06-17,dev,False,no_risks_detected,0.0,,0.515,high,provenance_dropped maintainer_change
@mastra/clickhouse,1.10.1,2026-06-17,dev,False,no_risks_detected,0.0,,1.274,high,provenance_dropped publisher_change
@mastra/client-js,1.24.1,2026-06-17,dev,False,no_risks_detected,0.0,,2.246,high,provenance_dropped maintainer_change
@mastra/cloud,0.1.24,2026-06-17,holdout,False,low,3.3,threat-runtime-environment-read,0.748,critical,provenance_dropped publisher_change dependency_added
@mastra/cloudflare-d1,1.0.7,2026-06-17,holdout,False,no_risks_detected,0.0,,0.828,high,provenance_dropped publisher_change
@mastra/cloudflare,1.4.2,2026-06-17,dev,False,no_risks_detected,0.0,,0.985,high,provenance_dropped publisher_change
@mastra/codemod,1.0.4,2026-06-17,dev,False,no_risks_detected,0.0,,0.69,high,provenance_dropped publisher_change
@mastra/convex,1.2.2,2026-06-17,dev,False,no_risks_detected,0.0,,0.931,high,provenance_dropped publisher_change
@mastra/core,1.42.1,2026-06-17,holdout,False,suspicious,6.3,threat-network-exfiltration threat-process-spawn-silent threat-runtime-environment-read threat-runtime-obfuscation-api threat-runtime-system-info,14.039,high,provenance_dropped maintainer_change
@mastra/couchbase,1.0.4,2026-06-17,dev,False,no_risks_detected,0.0,,0.733,high,provenance_dropped publisher_change
@mastra/cursor,0.2.1,2026-06-17,holdout,False,no_risks_detected,0.0,,0.475,high,provenance_dropped publisher_change
@mastra/dane,1.0.2,2026-06-17,dev,False,no_risks_detected,0.0,,1.369,high,provenance_dropped maintainer_change
@mastra/daytona,0.4.2,2026-06-17,dev,False,no_risks_detected,0.0,,0.586,high,provenance_dropped publisher_change
@mastra/deployer-cloud,1.42.1,2026-06-17,dev,False,low,4.3,threat-runtime-environment-read threat-runtime-obfuscation-unicode,3.718,high,provenance_dropped publisher_change
@mastra/deployer-cloudflare,1.1.44,2026-06-17,dev,False,no_risks_detected,0.0,,0.648,high,provenance_dropped maintainer_change
@mastra/deployer-netlify,1.1.20,2026-06-17,dev,False,no_risks_detected,0.0,,0.663,high,provenance_dropped maintainer_change
@mastra/deployer-vercel,1.1.38,2026-06-17,holdout,False,low,4.9,threat-runtime-obfuscation-unicode,3.735,high,provenance_dropped maintainer_change
@mastra/deployer,1.42.1,2026-06-17,dev,False,no_risks_detected,0.0,,1.917,high,provenance_dropped maintainer_change
@mastra/docker,0.3.1,2026-06-17,holdout,False,no_risks_detected,0.0,,0.459,high,provenance_dropped publisher_change
@mastra/duckdb,1.4.3,2026-06-17,holdout,False,no_risks_detected,0.0,,0.775,high,provenance_dropped publisher_change
@mastra/dynamodb,1.0.9,2026-06-17,holdout,False,no_risks_detected,0.0,,0.714,high,provenance_dropped publisher_change
@mastra/e2b,0.3.4,2026-06-17,holdout,False,no_risks_detected,0.0,,0.57,high,provenance_dropped publisher_change
@mastra/editor,0.11.3,2026-06-17,holdout,False,no_risks_detected,0.0,,0.726,high,provenance_dropped publisher_change
@mastra/elasticsearch,1.2.1,2026-06-17,holdout,False,no_risks_detected,0.0,,0.52,high,provenance_dropped publisher_change
@mastra/engine,0.1.1,2026-06-17,holdout,False,no_risks_detected,0.0,,0.411,high,maintainer_change
@mastra/express,1.3.31,2026-06-17,holdout,False,no_risks_detected,0.0,,0.539,high,provenance_dropped publisher_change
@mastra/files-sdk,0.2.1,2026-06-17,holdout,False,no_risks_detected,0.0,,0.43,high,provenance_dropped publisher_change
@mastra/gcs,0.2.3,2026-06-17,holdout,False,no_risks_detected,0.0,,0.471,high,provenance_dropped publisher_change
@mastra/github-signals,0.1.2,2026-06-17,holdout,False,no_risks_detected,0.0,,0.485,high,provenance_dropped publisher_change
@mastra/google-drive,0.1.1,2026-06-17,holdout,False,no_risks_detected,0.0,,0.435,high,provenance_dropped publisher_change
@mastra/hono,1.4.26,2026-06-17,dev,False,no_risks_detected,0.0,,0.546,high,provenance_dropped publisher_change
@mastra/inngest,1.5.2,2026-06-17,holdout,False,no_risks_detected,0.0,,0.718,high,provenance_dropped publisher_change
@mastra/koa,1.5.14,2026-06-17,holdout,False,no_risks_detected,0.0,,0.538,high,provenance_dropped publisher_change
@mastra/laminar,1.2.3,2026-06-17,holdout,False,low,3.3,threat-runtime-environment-read,0.477,high,provenance_dropped publisher_change
@mastra/libsql,1.13.1,2026-06-17,dev,False,no_risks_detected,0.0,,1.139,high,provenance_dropped publisher_change
@mastra/mcp-docs-server,1.1.47,2026-06-17,dev,False,no_risks_detected,0.0,,2.292,high,provenance_dropped publisher_change
@mastra/mcp,1.10.1,2026-06-17,dev,False,no_risks_detected,0.0,,1.057,high,provenance_dropped maintainer_change
@mastra/memory,1.20.4,2026-06-17,dev,False,low,3.3,threat-runtime-environment-read,3.617,high,provenance_dropped maintainer_change
@mastra/modal,0.2.2,2026-06-17,holdout,False,no_risks_detected,0.0,,0.44,high,provenance_dropped publisher_change
@mastra/mongodb,1.9.3,2026-06-17,dev,False,no_risks_detected,0.0,,1.02,high,provenance_dropped publisher_change
@mastra/mysql,0.1.1,2026-06-17,dev,False,no_risks_detected,0.0,,0.919,high,provenance_dropped publisher_change
@mastra/nestjs,0.1.15,2026-06-17,dev,False,no_risks_detected,0.0,,1.671,high,provenance_dropped publisher_change
@mastra/node-audio,0.1.8,2026-06-17,holdout,False,no_risks_detected,0.0,,0.575,high,publisher_change dependency_added
@mastra/node-speaker,0.1.1,2026-06-17,dev,False,no_risks_detected,0.0,,1.248,critical,publisher_change dependency_added install_script
@mastra/openai,1.0.2,2026-06-17,dev,False,no_risks_detected,0.0,,0.557,high,provenance_dropped maintainer_change
@mastra/opencode,0.0.47,2026-06-17,holdout,False,no_risks_detected,0.0,,0.525,high,provenance_dropped publisher_change
@mastra/opensearch,1.0.3,2026-06-17,dev,False,no_risks_detected,0.0,,0.592,high,provenance_dropped publisher_change
@mastra/otel-bridge,1.2.3,2026-06-17,dev,False,no_risks_detected,0.0,,0.565,high,provenance_dropped publisher_change
@mastra/otel-exporter,1.2.3,2026-06-17,holdout,False,low,3.3,threat-runtime-environment-read,0.638,high,provenance_dropped publisher_change
@mastra/perplexity,0.1.1,2026-06-17,holdout,False,low,3.3,threat-runtime-environment-read,0.523,high,provenance_dropped publisher_change
@mastra/pg,1.13.1,2026-06-17,dev,False,no_risks_detected,0.0,,1.53,high,provenance_dropped publisher_change
@mastra/pinecone,1.0.2,2026-06-17,holdout,False,no_risks_detected,0.0,,0.638,high,provenance_dropped publisher_change
@mastra/playground-ui,33.0.1,2026-06-17,dev,False,no_risks_detected,0.0,,4.247,high,provenance_dropped publisher_change
@mastra/posthog,1.0.29,2026-06-17,dev,False,low,3.3,threat-runtime-environment-read,0.611,high,provenance_dropped publisher_change
@mastra/qdrant,1.0.3,2026-06-17,holdout,False,no_risks_detected,0.0,,0.634,high,provenance_dropped publisher_change
@mastra/rag,2.2.2,2026-06-17,holdout,False,low,3.3,threat-runtime-environment-read,1.122,high,provenance_dropped maintainer_change
@mastra/railway,0.1.1,2026-06-17,holdout,False,low,3.3,threat-runtime-environment-read,0.494,high,provenance_dropped publisher_change
@mastra/react,1.0.1,2026-06-17,dev,False,no_risks_detected,0.0,,0.934,high,provenance_dropped publisher_change
@mastra/redis-streams,0.0.4,2026-06-17,dev,False,no_risks_detected,0.0,,0.532,high,provenance_dropped publisher_change
@mastra/redis,1.1.3,2026-06-17,dev,False,no_risks_detected,0.0,,0.557,high,provenance_dropped publisher_change
@mastra/s3,0.5.3,2026-06-17,holdout,False,no_risks_detected,0.0,,0.503,high,provenance_dropped publisher_change
@mastra/s3vectors,1.0.7,2026-06-17,holdout,False,no_risks_detected,0.0,,0.593,high,provenance_dropped publisher_change
@mastra/schema-compat,1.2.12,2026-06-17,dev,False,no_risks_detected,0.0,,1.594,high,provenance_dropped publisher_change
@mastra/sentry,1.1.4,2026-06-17,dev,False,no_risks_detected,0.0,,0.548,high,provenance_dropped publisher_change
@mastra/server,2.1.1,2026-06-17,dev,False,low,4.3,threat-runtime-environment-read threat-runtime-obfuscation-general,11.06,high,provenance_dropped publisher_change
@mastra/slack,1.3.1,2026-06-17,holdout,False,low,3.3,threat-runtime-environment-read,1.17,high,provenance_dropped publisher_change
@mastra/spanner,1.1.2,2026-06-17,holdout,False,no_risks_detected,0.0,,0.961,high,provenance_dropped publisher_change
@mastra/speech-azure,0.2.1,2026-06-17,holdout,False,low,3.3,threat-runtime-environment-read,0.481,high,maintainer_change
@mastra/speech-elevenlabs,0.2.1,2026-06-17,holdout,False,low,3.3,threat-runtime-environment-read,0.441,high,maintainer_change
@mastra/speech-google,0.2.1,2026-06-17,holdout,False,low,3.3,threat-runtime-environment-read,0.417,high,maintainer_change
@mastra/speech-murf,0.2.1,2026-06-17,holdout,False,low,3.3,threat-runtime-environment-read,0.441,high,maintainer_change
@mastra/speech-replicate,0.2.1,2026-06-17,holdout,False,low,3.3,threat-runtime-environment-read,0.579,high,maintainer_change
@mastra/stagehand,0.2.5,2026-06-17,holdout,False,no_risks_detected,0.0,,0.475,high,provenance_dropped publisher_change
@mastra/tavily,1.0.3,2026-06-17,holdout,False,low,3.3,threat-runtime-environment-read,0.438,high,provenance_dropped publisher_change
@mastra/temporal,0.1.14,2026-06-17,dev,False,no_risks_detected,0.0,,0.521,high,provenance_dropped publisher_change
@mastra/turbopuffer,1.0.3,2026-06-17,holdout,False,no_risks_detected,0.0,,0.548,high,provenance_dropped publisher_change
@mastra/twilio,1.0.2,2026-06-17,holdout,False,low,3.3,threat-runtime-environment-read,2.333,high,maintainer_change
@mastra/upstash,1.1.3,2026-06-17,holdout,False,no_risks_detected,0.0,,0.74,high,provenance_dropped publisher_change
@mastra/vectorize,1.0.3,2026-06-17,holdout,False,no_risks_detected,0.0,,0.591,high,provenance_dropped publisher_change
@mastra/vercel,1.0.1,2026-06-17,dev,False,low,3.3,threat-runtime-environment-read,0.483,high,provenance_dropped publisher_change
@mastra/voice-cloudflare,0.12.3,2026-06-17,holdout,False,low,3.3,threat-runtime-environment-read,1.061,critical,provenance_dropped publisher_change dependency_added
@mastra/voice-deepgram,0.12.2,2026-06-17,holdout,False,low,3.3,threat-runtime-environment-read,1.153,critical,provenance_dropped publisher_change dependency_added
@mastra/voice-elevenlabs,0.12.2,2026-06-17,dev,False,low,3.3,threat-runtime-environment-read,1.241,critical,provenance_dropped publisher_change dependency_added
@mastra/voice-gladia,0.12.2,2026-06-17,holdout,False,low,3.3,threat-runtime-environment-read,1.185,critical,provenance_dropped publisher_change dependency_added
@mastra/voice-google-gemini-live,0.12.2,2026-06-17,holdout,False,no_risks_detected,0.0,,1.246,high,provenance_dropped publisher_change
@mastra/voice-google,0.12.3,2026-06-17,holdout,False,low,3.3,threat-runtime-environment-read,1.039,high,provenance_dropped publisher_change
@mastra/voice-inworld,0.3.1,2026-06-17,dev,False,low,3.3,threat-runtime-environment-read,0.983,critical,provenance_dropped publisher_change dependency_added
@mastra/voice-modelslab,0.1.2,2026-06-17,holdout,False,low,3.3,threat-runtime-environment-read,0.804,critical,provenance_dropped publisher_change dependency_added
@mastra/voice-murf,0.12.3,2026-06-17,dev,False,low,3.3,threat-runtime-environment-read,1.002,critical,provenance_dropped publisher_change dependency_added
@mastra/voice-openai-realtime,0.12.6,2026-06-17,holdout,False,low,3.3,threat-runtime-environment-read,1.097,high,provenance_dropped publisher_change
@mastra/voice-openai,0.12.3,2026-06-17,dev,False,low,3.3,threat-runtime-environment-read,1.24,critical,provenance_dropped publisher_change dependency_added
@mastra/voice-playai,0.12.2,2026-06-17,dev,False,low,3.3,threat-runtime-environment-read,1.328,critical,provenance_dropped publisher_change dependency_added
@mastra/voice-sarvam,1.0.2,2026-06-17,dev,False,low,3.3,threat-runtime-environment-read,1.238,critical,provenance_dropped publisher_change dependency_added
@mastra/voice-speechify,0.12.2,2026-06-17,dev,False,low,3.3,threat-runtime-environment-read,1.22,critical,provenance_dropped publisher_change dependency_added
@mastra/voice-xai-realtime,0.1.2,2026-06-17,holdout,False,low,3.3,threat-runtime-environment-read,0.893,high,provenance_dropped publisher_change
@mcp-use/cli,2.2.6,2025-11-24,dev,False,high_risk,9.4,threat-filesystem-autostart threat-filesystem-destruction threat-npm-preinstall-script threat-runtime-obfuscation-js-mangling,4.713,medium,install_script publisher_change
@mcp-use/cli,2.2.7,2025-11-24,holdout,False,high_risk,9.4,threat-filesystem-autostart threat-filesystem-destruction threat-npm-preinstall-script threat-runtime-obfuscation-js-mangling,5.429,medium,publisher_change install_script
@mcp-use/inspector,0.6.2,2025-11-24,dev,False,high_risk,9.4,threat-filesystem-autostart threat-filesystem-destruction threat-npm-preinstall-script threat-runtime-obfuscation-js-mangling threat-runtime-obfuscation-log-suppress threat-runtime-obfuscation-unicode,6.743,medium,install_script
@mcp-use/inspector,0.6.3,2025-11-24,holdout,False,high_risk,9.4,threat-filesystem-autostart threat-filesystem-destruction threat-npm-preinstall-script threat-runtime-obfuscation-js-mangling threat-runtime-obfuscation-log-suppress threat-runtime-obfuscation-unicode,6.894,low,install_script
@mcp-use/mcp-use,1.0.1,2025-11-24,holdout,False,high_risk,9.4,threat-filesystem-autostart threat-filesystem-destruction threat-npm-preinstall-script threat-runtime-obfuscation-js-mangling,4.736,high,publisher_change install_script
@mcp-use/mcp-use,1.0.2,2025-11-24,dev,False,high_risk,9.4,threat-filesystem-autostart threat-filesystem-destruction threat-npm-preinstall-script threat-runtime-obfuscation-js-mangling,4.879,high,publisher_change install_script
@mesadev/rest,0.28.3,2026-05-11,holdout,False,high_risk,8.6,threat-filesystem-destruction threat-npm-preinstall-script threat-runtime-environment-read threat-runtime-obfuscation-js-mangling,1.715,medium,install_script maintainer_change
@mesadev/saguaro,0.4.22,2026-05-11,dev,False,high_risk,7.3,threat-filesystem-destruction threat-npm-preinstall-script threat-process-spawn-silent threat-runtime-environment-read threat-runtime-obfuscation-js-mangling,2.092,high,maintainer_change install_script
@mesadev/sdk,0.28.3,2026-05-11,holdout,False,high_risk,8.6,threat-filesystem-destruction threat-npm-preinstall-script threat-runtime-environment-read threat-runtime-obfuscation-js-mangling,1.626,high,publisher_change install_script
@mistralai/mistralai-azure,1.7.1,2026-05-11,dev,False,high_risk,8.6,threat-filesystem-destruction threat-npm-preinstall-script threat-runtime-environment-read threat-runtime-obfuscation-js-mangling,2.425,medium,install_script
@mistralai/mistralai-azure,1.7.2,2026-05-11,dev,False,high_risk,8.6,threat-filesystem-destruction threat-npm-preinstall-script threat-runtime-environment-read threat-runtime-obfuscation-js-mangling,2.376,low,install_script
@mistralai/mistralai-azure,1.7.3,2026-05-11,holdout,False,high_risk,8.6,threat-filesystem-destruction threat-npm-preinstall-script threat-runtime-environment-read threat-runtime-obfuscation-js-mangling,2.451,low,install_script
@mistralai/mistralai-gcp,1.7.1,2026-05-11,holdout,False,high_risk,8.6,threat-filesystem-destruction threat-npm-preinstall-script threat-runtime-environment-read threat-runtime-obfuscation-js-mangling,2.333,medium,install_script
@mistralai/mistralai-gcp,1.7.2,2026-05-11,dev,False,high_risk,8.6,threat-filesystem-destruction threat-npm-preinstall-script threat-runtime-environment-read threat-runtime-obfuscation-js-mangling,2.2,low,install_script
@mistralai/mistralai-gcp,1.7.3,2026-05-11,holdout,False,high_risk,8.6,threat-filesystem-destruction threat-npm-preinstall-script threat-runtime-environment-read threat-runtime-obfuscation-js-mangling,2.247,low,install_script
@ml-toolkit-ts/preprocessing,1.0.3,2026-05-11,dev,False,high_risk,8.6,threat-filesystem-destruction threat-npm-preinstall-script threat-runtime-environment-read threat-runtime-obfuscation-js-mangling,1.499,medium,install_script
@ml-toolkit-ts/xgboost,1.0.4,2026-05-11,dev,False,high_risk,8.6,threat-filesystem-destruction threat-npm-preinstall-script threat-runtime-environment-read threat-runtime-obfuscation-js-mangling,1.437,medium,install_script
@nativescript-community/arraybuffers,1.1.6,2025-09-15,holdout,False,suspicious,6.5,threat-network-exfiltration threat-runtime-environment-read,2.046,high,publisher_change install_script
@nativescript-community/arraybuffers,1.1.7,2025-09-15,holdout,False,suspicious,6.5,threat-network-exfiltration threat-runtime-environment-read,1.929,high,publisher_change install_script
@nativescript-community/gesturehandler,2.0.35,2025-09-15,dev,False,suspicious,6.5,threat-network-exfiltration threat-runtime-environment-read,2.087,high,maintainer_change install_script
@nativescript-community/perms,3.0.5,2025-09-15,holdout,False,suspicious,6.5,threat-network-exfiltration threat-runtime-environment-read,2.005,high,publisher_change install_script
@nativescript-community/perms,3.0.6,2025-09-15,holdout,False,suspicious,6.5,threat-network-exfiltration threat-runtime-environment-read,2.082,high,publisher_change install_script
@nativescript-community/perms,3.0.9,2025-09-15,holdout,False,suspicious,6.5,threat-network-exfiltration threat-runtime-environment-read,2.145,high,maintainer_change install_script
@nativescript-community/sentry,4.6.43,2025-09-15,dev,False,suspicious,6.5,threat-network-exfiltration threat-runtime-environment-read,2.636,high,maintainer_change install_script
@nativescript-community/sqlite,3.5.4,2025-09-15,holdout,False,suspicious,6.5,threat-network-exfiltration threat-runtime-environment-read,2.335,high,publisher_change install_script
@nativescript-community/sqlite,3.5.5,2025-09-15,holdout,False,suspicious,6.5,threat-network-exfiltration threat-runtime-environment-read,2.348,high,publisher_change install_script
@nativescript-community/text,1.6.10,2025-09-15,holdout,False,suspicious,6.5,threat-network-exfiltration threat-runtime-environment-read,2.407,high,publisher_change install_script
@nativescript-community/text,1.6.13,2025-09-15,dev,False,suspicious,6.5,threat-network-exfiltration threat-runtime-environment-read,2.25,high,maintainer_change install_script
@nativescript-community/text,1.6.9,2025-09-15,holdout,False,suspicious,6.5,threat-network-exfiltration threat-runtime-environment-read,2.216,high,publisher_change install_script
@nativescript-community/ui-collectionview,6.0.6,2025-09-15,holdout,False,suspicious,6.5,threat-network-exfiltration threat-runtime-environment-read,2.144,high,maintainer_change install_script
@nativescript-community/ui-document-picker,1.1.28,2025-09-15,dev,False,suspicious,6.5,threat-network-exfiltration threat-runtime-environment-read,1.97,high,publisher_change install_script
@nativescript-community/ui-drawer,0.1.30,2025-09-15,dev,False,suspicious,6.5,threat-network-exfiltration threat-runtime-environment-read,1.872,high,maintainer_change install_script
@nativescript-community/ui-image,4.5.6,2025-09-15,dev,False,suspicious,6.5,threat-network-exfiltration threat-runtime-environment-read,2.127,high,maintainer_change install_script
@nativescript-community/ui-label,1.3.35,2025-09-15,holdout,False,suspicious,6.5,threat-network-exfiltration threat-runtime-environment-read,1.873,high,publisher_change install_script
@nativescript-community/ui-label,1.3.36,2025-09-15,dev,False,suspicious,6.5,threat-network-exfiltration threat-runtime-environment-read,1.854,high,publisher_change install_script
@nativescript-community/ui-material-bottom-navigation,7.2.73,2025-09-15,holdout,False,suspicious,6.5,threat-network-exfiltration threat-runtime-environment-read,1.92,high,publisher_change install_script
@nativescript-community/ui-material-bottomsheet,7.2.72,2025-09-15,dev,False,suspicious,6.5,threat-network-exfiltration threat-runtime-environment-read,2.0,high,maintainer_change install_script
@nativescript-community/ui-material-core-tabs,7.2.73,2025-09-15,holdout,False,suspicious,6.5,threat-network-exfiltration threat-runtime-environment-read,1.922,high,publisher_change install_script
@nativescript-community/ui-material-core-tabs,7.2.75,2025-09-15,dev,False,suspicious,6.5,threat-network-exfiltration threat-runtime-environment-read,1.876,high,publisher_change install_script
@nativescript-community/ui-material-core-tabs,7.2.76,2025-09-15,dev,False,suspicious,6.5,threat-network-exfiltration threat-runtime-environment-read,1.955,high,maintainer_change install_script
@nativescript-community/ui-material-core,7.2.73,2025-09-15,holdout,False,suspicious,6.5,threat-network-exfiltration threat-runtime-environment-read,1.99,high,publisher_change install_script
@nativescript-community/ui-material-core,7.2.76,2025-09-15,dev,False,suspicious,6.5,threat-network-exfiltration threat-runtime-environment-read,2.047,high,maintainer_change install_script
@nativescript-community/ui-material-tabs,7.2.73,2025-09-15,dev,False,suspicious,6.5,threat-network-exfiltration threat-runtime-environment-read,1.933,high,publisher_change install_script
@nativescript-community/ui-pager,14.1.36,2025-09-15,holdout,False,suspicious,6.5,threat-network-exfiltration threat-runtime-environment-read,1.99,high,publisher_change install_script
@nativescript-community/ui-pager,14.1.38,2025-09-15,dev,False,suspicious,6.5,threat-network-exfiltration threat-runtime-environment-read,2.083,high,publisher_change install_script
@nativescript-community/ui-pulltorefresh,2.5.5,2025-09-15,holdout,False,suspicious,6.5,threat-network-exfiltration threat-runtime-environment-read,1.97,high,publisher_change install_script
@nexe/config-manager,0.1.1,2025-09-14,dev,False,suspicious,6.5,threat-network-exfiltration threat-runtime-environment-read,2.147,medium,install_script
@nexe/eslint-config,0.1.1,2025-09-14,holdout,False,suspicious,6.5,threat-network-exfiltration threat-runtime-environment-read,2.047,medium,install_script
@nexe/logger,0.1.3,2025-09-14,dev,False,suspicious,6.5,threat-network-exfiltration threat-runtime-environment-read,2.184,medium,install_script
@nstudio/angular,20.0.4,2025-09-15,dev,False,suspicious,6.5,threat-network-exfiltration threat-runtime-environment-read,2.552,high,publisher_change install_script
@nstudio/angular,20.0.5,2025-09-15,dev,False,suspicious,6.5,threat-network-exfiltration threat-runtime-environment-read,2.382,high,publisher_change install_script
@nstudio/focus,20.0.5,2025-09-15,dev,False,suspicious,6.5,threat-network-exfiltration threat-runtime-environment-read,2.082,high,publisher_change install_script
@nstudio/focus,20.0.6,2025-09-15,holdout,False,suspicious,6.5,threat-network-exfiltration threat-runtime-environment-read,2.054,high,publisher_change install_script
@nstudio/nativescript-checkbox,2.0.6,2025-09-15,holdout,False,suspicious,6.5,threat-network-exfiltration threat-runtime-environment-read,1.975,high,publisher_change install_script
@nstudio/nativescript-checkbox,2.0.7,2025-09-15,dev,False,suspicious,6.5,threat-network-exfiltration threat-runtime-environment-read,1.956,high,publisher_change install_script
@nstudio/nativescript-checkbox,2.0.9,2025-09-15,dev,False,suspicious,6.5,threat-network-exfiltration threat-runtime-environment-read,1.972,high,publisher_change install_script
@nstudio/nativescript-loading-indicator,5.0.1,2025-09-15,holdout,False,suspicious,6.5,threat-network-exfiltration threat-runtime-environment-read,2.04,high,publisher_change install_script
@nstudio/nativescript-loading-indicator,5.0.2,2025-09-15,holdout,False,suspicious,6.5,threat-network-exfiltration threat-runtime-environment-read,1.957,high,publisher_change install_script
@nstudio/nativescript-loading-indicator,5.0.4,2025-09-15,dev,False,suspicious,6.5,threat-network-exfiltration threat-runtime-environment-read,2.11,high,publisher_change install_script
@nstudio/ui-collectionview,5.1.11,2025-09-15,dev,False,suspicious,6.5,threat-network-exfiltration threat-runtime-environment-read,2.133,high,publisher_change install_script
@nstudio/ui-collectionview,5.1.12,2025-09-15,dev,False,suspicious,6.5,threat-network-exfiltration threat-runtime-environment-read,2.036,high,publisher_change install_script
@nstudio/ui-collectionview,5.1.14,2025-09-15,dev,False,suspicious,6.5,threat-network-exfiltration threat-runtime-environment-read,2.184,high,publisher_change install_script
@nstudio/web-angular,20.0.4,2025-09-15,dev,False,suspicious,6.5,threat-network-exfiltration threat-runtime-environment-read,2.08,high,publisher_change install_script
@nstudio/web,20.0.4,2025-09-15,dev,False,suspicious,6.5,threat-network-exfiltration threat-runtime-environment-read,2.074,high,publisher_change install_script
@nstudio/xplat-utils,20.0.5,2025-09-15,dev,False,suspicious,6.5,threat-network-exfiltration threat-runtime-environment-read,2.093,high,publisher_change install_script
@nstudio/xplat-utils,20.0.6,2025-09-15,dev,False,suspicious,6.5,threat-network-exfiltration threat-runtime-environment-read,1.96,high,publisher_change install_script
@nstudio/xplat,20.0.5,2025-09-15,dev,False,suspicious,6.5,threat-network-exfiltration threat-runtime-environment-read,2.091,high,publisher_change install_script
@nstudio/xplat,20.0.7,2025-09-15,dev,False,suspicious,6.5,threat-network-exfiltration threat-runtime-environment-read,2.063,high,publisher_change install_script
@ntnx/passport-wso2,0.0.3,2025-11-24,dev,False,high_risk,9.4,threat-filesystem-autostart threat-filesystem-destruction threat-npm-preinstall-script threat-runtime-obfuscation-js-mangling,4.76,high,publisher_change install_script
@ntnx/t,0.0.101,2025-11-24,holdout,False,high_risk,9.4,threat-filesystem-autostart threat-filesystem-destruction threat-npm-preinstall-script threat-runtime-obfuscation-js-mangling,5.125,medium,install_script
@nx/devkit,21.5.0,2025-08-26,holdout,False,suspicious,5.3,threat-network-exfil-sysinfo threat-runtime-system-info,0.819,high,provenance_dropped install_script
@nx/enterprise-cloud,3.2.0,2025-08-26,dev,False,suspicious,5.3,threat-network-exfil-sysinfo threat-runtime-system-info,0.39,medium,install_script
@nx/eslint,21.5.0,2025-08-26,holdout,False,suspicious,5.3,threat-network-exfil-sysinfo threat-runtime-system-info,0.738,high,provenance_dropped install_script
@nx/js,21.5.0,2025-08-26,dev,False,suspicious,6.5,threat-network-exfil-sysinfo threat-runtime-environment-read threat-runtime-system-info,1.526,high,provenance_dropped install_script
@nx/key,3.2.0,2025-08-26,holdout,False,suspicious,5.3,threat-network-exfil-sysinfo threat-runtime-system-info,0.796,medium,install_script
@nx/node,21.5.0,2025-08-26,holdout,False,suspicious,5.3,threat-network-exfil-sysinfo threat-runtime-system-info,0.918,high,provenance_dropped install_script
@nx/workspace,21.5.0,2025-08-26,holdout,False,suspicious,5.3,threat-network-exfil-sysinfo threat-runtime-system-info,1.238,high,provenance_dropped install_script
@openclaw-cn/cli,1.4.1,2026-05-19,dev,False,high_risk,8.0,threat-npm-preinstall-script threat-runtime-environment-read threat-runtime-obfuscation-js-mangling,0.703,medium,install_script
@openclaw-cn/feishu,0.2.11,2026-05-19,holdout,False,suspicious,5.9,threat-npm-preinstall-script threat-runtime-environment-read threat-runtime-obfuscation-js-mangling,1.133,medium,install_script
@openclaw-cn/libsignal,2.1.1,2026-05-19,dev,False,high_risk,8.0,threat-npm-preinstall-script threat-runtime-environment-read threat-runtime-obfuscation-js-mangling,0.768,medium,install_script
@opengov/form-builder,0.12.3,2026-03-21,holdout,False,low,4.1,threat-process-spawn-silent threat-runtime-environment-read,0.55,high,maintainer_change install_script
@opengov/form-renderer,0.2.20,2026-03-21,holdout,False,low,4.1,threat-process-spawn-silent threat-runtime-environment-read,0.443,high,maintainer_change install_script
@opengov/form-utils,0.7.2,2026-03-21,dev,False,low,4.1,threat-process-spawn-silent threat-runtime-environment-read,0.394,high,maintainer_change install_script
@opengov/ppf-backend-types,1.141.2,2026-03-24,dev,False,low,4.1,threat-process-spawn-silent threat-runtime-environment-read,0.776,high,maintainer_change install_script
@opengov/ppf-eslint-config,0.1.11,2026-03-21,holdout,False,low,4.1,threat-process-spawn-silent threat-runtime-environment-read,0.423,high,publisher_change install_script
@opengov/qa-record-types-api,1.0.3,2026-03-21,dev,False,low,4.1,threat-process-spawn-silent threat-runtime-environment-read,0.393,high,maintainer_change install_script
@opensearch-project/opensearch,3.5.3,2026-05-12,dev,False,low,3.3,threat-runtime-system-info,2.764,high,maintainer_change dependency_added
@opensearch-project/opensearch,3.6.2,2026-05-12,holdout,False,suspicious,6.5,threat-npm-preinstall-script threat-runtime-environment-read threat-runtime-obfuscation-js-mangling threat-runtime-system-info,2.741,medium,maintainer_change install_script
@opensearch-project/opensearch,3.7.0,2026-05-12,holdout,False,low,3.3,threat-runtime-system-info,2.688,medium,maintainer_change
@opensearch-project/opensearch,3.8.0,2026-05-12,holdout,False,low,3.3,threat-runtime-system-info,2.675,medium,maintainer_change
@openwebconcept/design-tokens,1.0.1,2026-04-21,dev,False,no_risks_detected,0.0,,0.395,medium,install_script
@openwebconcept/design-tokens,1.0.2,2026-04-21,holdout,False,no_risks_detected,0.0,,0.415,low,install_script
@openwebconcept/design-tokens,1.0.3,2026-04-21,dev,False,no_risks_detected,0.0,,0.408,low,install_script
@openwebconcept/theme-owc,1.0.1,2026-04-21,holdout,False,no_risks_detected,0.0,,0.418,medium,install_script
@openwebconcept/theme-owc,1.0.2,2026-04-21,dev,False,no_risks_detected,0.0,,0.43,low,install_script
@openwebconcept/theme-owc,1.0.3,2026-04-21,dev,False,no_risks_detected,0.0,,0.408,low,install_script
@operato/board,9.0.35,2025-09-15,holdout,False,suspicious,6.5,threat-network-exfiltration threat-runtime-environment-read,2.4,medium,install_script
@operato/board,9.0.36,2025-09-16,holdout,False,suspicious,6.5,threat-network-exfiltration threat-runtime-environment-read,2.504,low,install_script
@operato/board,9.0.37,2025-09-16,dev,False,suspicious,6.5,threat-network-exfiltration threat-runtime-environment-read,2.553,low,install_script
@operato/board,9.0.39,2025-09-16,holdout,False,suspicious,6.5,threat-network-exfiltration threat-runtime-environment-read,2.709,low,install_script
@operato/board,9.0.40,2025-09-16,dev,False,suspicious,6.5,threat-network-exfiltration threat-runtime-environment-read,2.317,low,install_script
@operato/board,9.0.41,2025-09-16,holdout,False,suspicious,6.5,threat-network-exfiltration threat-runtime-environment-read,2.359,low,install_script
@operato/board,9.0.42,2025-09-16,dev,False,suspicious,6.5,threat-network-exfiltration threat-runtime-environment-read,2.428,low,install_script
@operato/board,9.0.43,2025-09-16,dev,False,suspicious,6.5,threat-network-exfiltration threat-runtime-environment-read,2.44,low,install_script
@operato/board,9.0.45,2025-09-16,dev,False,suspicious,6.5,threat-network-exfiltration threat-runtime-environment-read,2.56,low,install_script
@operato/board,9.0.46,2025-09-16,holdout,False,suspicious,6.5,threat-network-exfiltration threat-runtime-environment-read,2.606,low,install_script
@operato/board,9.0.48,2025-09-16,dev,False,suspicious,6.5,threat-network-exfiltration threat-runtime-environment-read,2.675,low,install_script
@operato/board,9.0.51,2025-09-16,dev,False,suspicious,6.5,threat-network-exfiltration threat-runtime-environment-read,2.839,low,install_script
@operato/data-grist,9.0.29,2025-09-15,holdout,False,suspicious,6.5,threat-network-exfiltration threat-runtime-environment-read,3.115,medium,install_script
@operato/data-grist,9.0.35,2025-09-15,dev,False,suspicious,6.5,threat-network-exfiltration threat-runtime-environment-read,3.029,medium,install_script
@operato/data-grist,9.0.36,2025-09-16,dev,False,suspicious,6.5,threat-network-exfiltration threat-runtime-environment-read,3.002,low,install_script
@operato/data-grist,9.0.37,2025-09-16,holdout,False,suspicious,6.5,threat-network-exfiltration threat-runtime-environment-read,2.94,low,install_script
@operato/graphql,9.0.22,2025-09-15,dev,False,suspicious,6.5,threat-network-exfiltration threat-runtime-environment-read,2.037,medium,install_script
@operato/graphql,9.0.35,2025-09-15,holdout,False,suspicious,6.5,threat-network-exfiltration threat-runtime-environment-read,2.012,medium,install_script
@operato/graphql,9.0.36,2025-09-16,holdout,False,suspicious,6.5,threat-network-exfiltration threat-runtime-environment-read,2.023,low,install_script
@operato/graphql,9.0.37,2025-09-16,holdout,False,suspicious,6.5,threat-network-exfiltration threat-runtime-environment-read,2.027,low,install_script
@operato/graphql,9.0.39,2025-09-16,dev,False,suspicious,6.5,threat-network-exfiltration threat-runtime-environment-read,2.262,low,install_script
@operato/graphql,9.0.40,2025-09-16,holdout,False,suspicious,6.5,threat-network-exfiltration threat-runtime-environment-read,2.098,low,install_script
@operato/graphql,9.0.41,2025-09-16,dev,False,suspicious,6.5,threat-network-exfiltration threat-runtime-environment-read,2.055,low,install_script
@operato/graphql,9.0.42,2025-09-16,holdout,False,suspicious,6.5,threat-network-exfiltration threat-runtime-environment-read,2.062,low,install_script
@operato/graphql,9.0.43,2025-09-16,dev,False,suspicious,6.5,threat-network-exfiltration threat-runtime-environment-read,2.1,low,install_script
@operato/graphql,9.0.44,2025-09-16,holdout,False,suspicious,6.5,threat-network-exfiltration threat-runtime-environment-read,2.095,low,install_script
@operato/graphql,9.0.45,2025-09-16,dev,False,suspicious,6.5,threat-network-exfiltration threat-runtime-environment-read,2.06,low,install_script
@operato/graphql,9.0.48,2025-09-16,dev,False,suspicious,6.5,threat-network-exfiltration threat-runtime-environment-read,1.95,low,install_script
@operato/graphql,9.0.51,2025-09-16,holdout,False,suspicious,6.5,threat-network-exfiltration threat-runtime-environment-read,1.956,low,install_script
@operato/headroom,9.0.2,2025-09-15,dev,False,suspicious,6.5,threat-network-exfiltration threat-runtime-environment-read,1.956,medium,install_script
@operato/headroom,9.0.35,2025-09-15,dev,False,suspicious,6.5,threat-network-exfiltration threat-runtime-environment-read,2.025,medium,install_script
@operato/headroom,9.0.36,2025-09-16,dev,False,suspicious,6.5,threat-network-exfiltration threat-runtime-environment-read,1.911,low,install_script
@operato/headroom,9.0.37,2025-09-16,dev,False,suspicious,6.5,threat-network-exfiltration threat-runtime-environment-read,1.89,low,install_script
@operato/help,9.0.35,2025-09-15,dev,False,suspicious,6.5,threat-network-exfiltration threat-runtime-environment-read,1.983,medium,install_script
@operato/help,9.0.36,2025-09-16,holdout,False,suspicious,6.5,threat-network-exfiltration threat-runtime-environment-read,2.115,low,install_script
@operato/help,9.0.37,2025-09-16,holdout,False,suspicious,6.5,threat-network-exfiltration threat-runtime-environment-read,1.996,low,install_script
@operato/help,9.0.39,2025-09-16,holdout,False,suspicious,6.5,threat-network-exfiltration threat-runtime-environment-read,2.064,low,install_script
@operato/help,9.0.40,2025-09-16,dev,False,suspicious,6.5,threat-network-exfiltration threat-runtime-environment-read,2.034,low,install_script
@operato/help,9.0.41,2025-09-16,dev,False,suspicious,6.5,threat-network-exfiltration threat-runtime-environment-read,2.186,low,install_script
@operato/help,9.0.42,2025-09-16,holdout,False,suspicious,6.5,threat-network-exfiltration threat-runtime-environment-read,2.101,low,install_script
@operato/help,9.0.43,2025-09-16,holdout,False,suspicious,6.5,threat-network-exfiltration threat-runtime-environment-read,2.338,low,install_script
@operato/help,9.0.45,2025-09-16,dev,False,suspicious,6.5,threat-network-exfiltration threat-runtime-environment-read,2.286,low,install_script
@operato/help,9.0.48,2025-09-16,holdout,False,suspicious,6.5,threat-network-exfiltration threat-runtime-environment-read,2.237,low,install_script
@operato/help,9.0.51,2025-09-16,dev,False,suspicious,6.5,threat-network-exfiltration threat-runtime-environment-read,2.309,low,install_script
@operato/i18n,9.0.35,2025-09-15,dev,False,suspicious,6.5,threat-network-exfiltration threat-runtime-environment-read,2.189,medium,install_script
@operato/i18n,9.0.36,2025-09-16,holdout,False,suspicious,6.5,threat-network-exfiltration threat-runtime-environment-read,2.18,low,install_script
@operato/input,9.0.27,2025-09-15,holdout,False,suspicious,6.5,threat-network-exfiltration threat-runtime-environment-read,2.774,medium,install_script
@operato/input,9.0.35,2025-09-15,holdout,False,suspicious,6.5,threat-network-exfiltration threat-runtime-environment-read,2.692,medium,install_script
@operato/input,9.0.36,2025-09-16,dev,False,suspicious,6.5,threat-network-exfiltration threat-runtime-environment-read,2.478,low,install_script
@operato/input,9.0.37,2025-09-16,holdout,False,suspicious,6.5,threat-network-exfiltration threat-runtime-environment-read,2.482,low,install_script
@operato/input,9.0.39,2025-09-16,dev,False,suspicious,6.5,threat-network-exfiltration threat-runtime-environment-read,2.378,low,install_script
@operato/input,9.0.40,2025-09-16,holdout,False,suspicious,6.5,threat-network-exfiltration threat-runtime-environment-read,2.458,low,install_script
@operato/input,9.0.41,2025-09-16,dev,False,suspicious,6.5,threat-network-exfiltration threat-runtime-environment-read,2.365,low,install_script
@operato/input,9.0.42,2025-09-16,holdout,False,suspicious,6.5,threat-network-exfiltration threat-runtime-environment-read,2.349,low,install_script
@operato/input,9.0.43,2025-09-16,holdout,False,suspicious,6.5,threat-network-exfiltration threat-runtime-environment-read,2.33,low,install_script
@operato/input,9.0.45,2025-09-16,holdout,False,suspicious,6.5,threat-network-exfiltration threat-runtime-environment-read,2.464,low,install_script
@operato/input,9.0.46,2025-09-16,holdout,False,suspicious,6.5,threat-network-exfiltration threat-runtime-environment-read,2.456,low,install_script
@operato/input,9.0.47,2025-09-16,holdout,False,suspicious,6.5,threat-network-exfiltration threat-runtime-environment-read,2.401,low,install_script
@operato/input,9.0.48,2025-09-16,dev,False,suspicious,6.5,threat-network-exfiltration threat-runtime-environment-read,2.375,low,install_script
@operato/layout,9.0.35,2025-09-15,dev,False,suspicious,6.5,threat-network-exfiltration threat-runtime-environment-read,2.107,medium,install_script
@operato/layout,9.0.36,2025-09-16,dev,False,suspicious,6.5,threat-network-exfiltration threat-runtime-environment-read,2.004,low,install_script
@operato/layout,9.0.37,2025-09-16,dev,False,suspicious,6.5,threat-network-exfiltration threat-runtime-environment-read,2.0,low,install_script
@operato/popup,9.0.22,2025-09-15,holdout,False,suspicious,6.5,threat-network-exfiltration threat-runtime-environment-read,2.059,medium,install_script
@operato/popup,9.0.35,2025-09-15,dev,False,suspicious,6.5,threat-network-exfiltration threat-runtime-environment-read,2.034,medium,install_script
@operato/popup,9.0.36,2025-09-16,dev,False,suspicious,6.5,threat-network-exfiltration threat-runtime-environment-read,2.338,low,install_script
@operato/popup,9.0.37,2025-09-16,dev,False,suspicious,6.5,threat-network-exfiltration threat-runtime-environment-read,2.054,low,install_script
@operato/popup,9.0.39,2025-09-16,dev,False,suspicious,6.5,threat-network-exfiltration threat-runtime-environment-read,2.261,low,install_script
@operato/popup,9.0.40,2025-09-16,dev,False,suspicious,6.5,threat-network-exfiltration threat-runtime-environment-read,2.169,low,install_script
@operato/popup,9.0.41,2025-09-16,dev,False,suspicious,6.5,threat-network-exfiltration threat-runtime-environment-read,2.638,low,install_script
@operato/popup,9.0.42,2025-09-16,dev,False,suspicious,6.5,threat-network-exfiltration threat-runtime-environment-read,2.493,low,install_script
@operato/popup,9.0.43,2025-09-16,dev,False,suspicious,6.5,threat-network-exfiltration threat-runtime-environment-read,2.316,low,install_script
@operato/popup,9.0.44,2025-09-16,holdout,False,suspicious,6.5,threat-network-exfiltration threat-runtime-environment-read,2.499,low,install_script
@operato/popup,9.0.45,2025-09-16,dev,False,suspicious,6.5,threat-network-exfiltration threat-runtime-environment-read,2.28,low,install_script
@operato/popup,9.0.48,2025-09-16,holdout,False,suspicious,6.5,threat-network-exfiltration threat-runtime-environment-read,2.349,low,install_script
@operato/popup,9.0.51,2025-09-16,dev,False,suspicious,6.5,threat-network-exfiltration threat-runtime-environment-read,2.183,low,install_script
@operato/pull-to-refresh,9.0.35,2025-09-16,dev,False,suspicious,6.5,threat-network-exfiltration threat-runtime-environment-read,2.289,medium,install_script
@operato/pull-to-refresh,9.0.36,2025-09-16,holdout,False,suspicious,6.5,threat-network-exfiltration threat-runtime-environment-read,2.206,low,install_script
@operato/pull-to-refresh,9.0.37,2025-09-16,holdout,False,suspicious,6.5,threat-network-exfiltration threat-runtime-environment-read,2.166,low,install_script
@operato/pull-to-refresh,9.0.38,2025-09-16,holdout,False,suspicious,6.5,threat-network-exfiltration threat-runtime-environment-read,2.07,low,install_script
@operato/pull-to-refresh,9.0.39,2025-09-16,dev,False,suspicious,6.5,threat-network-exfiltration threat-runtime-environment-read,2.087,low,install_script
@operato/pull-to-refresh,9.0.40,2025-09-16,dev,False,suspicious,6.5,threat-network-exfiltration threat-runtime-environment-read,2.057,low,install_script
@operato/pull-to-refresh,9.0.41,2025-09-16,holdout,False,suspicious,6.5,threat-network-exfiltration threat-runtime-environment-read,1.98,low,install_script
@operato/pull-to-refresh,9.0.43,2025-09-16,dev,False,suspicious,6.5,threat-network-exfiltration threat-runtime-environment-read,2.014,low,install_script
@operato/pull-to-refresh,9.0.44,2025-09-16,holdout,False,suspicious,6.5,threat-network-exfiltration threat-runtime-environment-read,1.996,low,install_script
@operato/pull-to-refresh,9.0.47,2025-09-16,dev,False,suspicious,6.5,threat-network-exfiltration threat-runtime-environment-read,2.143,low,install_script
@operato/shell,9.0.22,2025-09-15,dev,False,suspicious,6.5,threat-network-exfiltration threat-runtime-environment-read,2.245,medium,install_script
@operato/shell,9.0.35,2025-09-15,holdout,False,suspicious,6.5,threat-network-exfiltration threat-runtime-environment-read,2.235,medium,install_script
@operato/shell,9.0.36,2025-09-16,dev,False,suspicious,6.5,threat-network-exfiltration threat-runtime-environment-read,2.484,low,install_script
@operato/shell,9.0.37,2025-09-16,dev,False,suspicious,6.5,threat-network-exfiltration threat-runtime-environment-read,2.64,low,install_script
@operato/shell,9.0.39,2025-09-16,holdout,False,suspicious,6.5,threat-network-exfiltration threat-runtime-environment-read,2.52,low,install_script
@operato/styles,9.0.2,2025-09-15,holdout,False,suspicious,6.5,threat-network-exfiltration threat-runtime-environment-read,2.312,medium,install_script
@operato/styles,9.0.35,2025-09-15,holdout,False,suspicious,6.5,threat-network-exfiltration threat-runtime-environment-read,2.261,medium,install_script
@operato/styles,9.0.36,2025-09-16,holdout,False,suspicious,6.5,threat-network-exfiltration threat-runtime-environment-read,2.005,low,install_script
@operato/styles,9.0.37,2025-09-16,dev,False,suspicious,6.5,threat-network-exfiltration threat-runtime-environment-read,2.125,low,install_script
@operato/utils,9.0.22,2025-09-15,holdout,False,suspicious,6.5,threat-network-exfiltration threat-runtime-environment-read,2.036,medium,install_script
@operato/utils,9.0.35,2025-09-15,holdout,False,suspicious,6.5,threat-network-exfiltration threat-runtime-environment-read,2.136,medium,install_script
@operato/utils,9.0.36,2025-09-16,holdout,False,suspicious,6.5,threat-network-exfiltration threat-runtime-environment-read,2.054,low,install_script
@operato/utils,9.0.37,2025-09-16,dev,False,suspicious,6.5,threat-network-exfiltration threat-runtime-environment-read,2.09,low,install_script
@operato/utils,9.0.39,2025-09-16,holdout,False,suspicious,6.5,threat-network-exfiltration threat-runtime-environment-read,2.005,low,install_script
@operato/utils,9.0.40,2025-09-16,dev,False,suspicious,6.5,threat-network-exfiltration threat-runtime-environment-read,2.072,low,install_script
@operato/utils,9.0.41,2025-09-16,dev,False,suspicious,6.5,threat-network-exfiltration threat-runtime-environment-read,2.04,low,install_script
@operato/utils,9.0.42,2025-09-16,holdout,False,suspicious,6.5,threat-network-exfiltration threat-runtime-environment-read,2.107,low,install_script
@operato/utils,9.0.43,2025-09-16,dev,False,suspicious,6.5,threat-network-exfiltration threat-runtime-environment-read,2.035,low,install_script
@operato/utils,9.0.45,2025-09-16,holdout,False,suspicious,6.5,threat-network-exfiltration threat-runtime-environment-read,2.128,low,install_script
@operato/utils,9.0.48,2025-09-16,dev,False,suspicious,6.5,threat-network-exfiltration threat-runtime-environment-read,2.026,low,install_script
@operato/utils,9.0.50,2025-09-16,dev,False,suspicious,6.5,threat-network-exfiltration threat-runtime-environment-read,2.027,low,install_script
@operato/utils,9.0.51,2025-09-16,holdout,False,suspicious,6.5,threat-network-exfiltration threat-runtime-environment-read,2.106,low,install_script
@orbitgtbelgium/mapbox-gl-draw-cut-polygon-mode,2.0.5,2025-11-24,dev,False,high_risk,9.4,threat-filesystem-autostart threat-filesystem-destruction threat-npm-preinstall-script threat-runtime-obfuscation-js-mangling,4.756,high,publisher_change install_script
@orbitgtbelgium/mapbox-gl-draw-scale-rotate-mode,1.1.1,2025-11-24,holdout,False,high_risk,9.4,threat-filesystem-autostart threat-filesystem-destruction threat-npm-preinstall-script threat-runtime-obfuscation-js-mangling,4.937,high,publisher_change install_script
@orbitgtbelgium/orbit-components,1.2.9,2025-11-24,holdout,False,high_risk,9.4,threat-filesystem-autostart threat-filesystem-destruction threat-npm-preinstall-script threat-runtime-obfuscation-js-mangling,5.316,high,publisher_change install_script
@orbitgtbelgium/time-slider,1.0.187,2025-11-24,dev,False,high_risk,9.4,threat-filesystem-autostart threat-filesystem-destruction threat-npm-preinstall-script threat-runtime-obfuscation-js-mangling,5.458,high,publisher_change install_script
@osmanekrem/bmad,1.0.6,2025-11-24,dev,False,high_risk,9.4,threat-filesystem-autostart threat-filesystem-destruction threat-npm-preinstall-script threat-runtime-environment-read threat-runtime-obfuscation-js-mangling,5.261,medium,install_script
@osmanekrem/error-handler,1.2.2,2025-11-24,dev,False,high_risk,9.4,threat-filesystem-autostart threat-filesystem-destruction threat-npm-preinstall-script threat-runtime-obfuscation-js-mangling,4.821,medium,install_script
@pkgr/core,0.2.8,2025-07-18,holdout,False,no_risks_detected,0.0,,0.667,high,provenance_dropped install_script maintainer_change
@posthog/agent,1.24.1,2025-11-24,holdout,False,high_risk,9.4,threat-filesystem-autostart threat-filesystem-destruction threat-network-exfiltration threat-npm-preinstall-script threat-runtime-enumeration threat-runtime-environment-read threat-runtime-obfuscation-js-mangling threat-runtime-obfuscation-log-suppress threat-runtime-obfuscation-unicode,8.861,medium,install_script publisher_change
@posthog/core,1.5.6,2025-11-24,dev,False,high_risk,9.4,threat-filesystem-autostart threat-filesystem-destruction threat-npm-preinstall-script threat-runtime-obfuscation-js-mangling,5.0,medium,install_script
@posthog/currency-normalization-plugin,0.0.8,2025-11-24,holdout,False,high_risk,9.4,threat-filesystem-autostart threat-filesystem-destruction threat-npm-preinstall-script threat-runtime-obfuscation-js-mangling,4.666,high,maintainer_change install_script
@posthog/databricks-plugin,0.0.8,2025-11-24,dev,False,high_risk,9.4,threat-filesystem-autostart threat-filesystem-destruction threat-npm-preinstall-script threat-runtime-obfuscation-js-mangling,4.799,high,maintainer_change install_script
@posthog/drop-events-on-property-plugin,0.0.8,2025-11-24,holdout,False,high_risk,9.4,threat-filesystem-autostart threat-filesystem-destruction threat-npm-preinstall-script threat-runtime-obfuscation-js-mangling,5.015,high,maintainer_change install_script
@posthog/filter-out-plugin,0.0.8,2025-11-24,dev,False,high_risk,9.4,threat-filesystem-autostart threat-filesystem-destruction threat-npm-preinstall-script threat-runtime-obfuscation-js-mangling,4.538,high,maintainer_change install_script
@posthog/first-time-event-tracker,0.0.8,2025-11-24,holdout,False,high_risk,9.4,threat-filesystem-autostart threat-filesystem-destruction threat-npm-preinstall-script threat-runtime-obfuscation-js-mangling,4.725,high,maintainer_change install_script
@posthog/heartbeat-plugin,0.0.8,2025-11-24,holdout,False,high_risk,9.4,threat-filesystem-autostart threat-filesystem-destruction threat-npm-preinstall-script threat-runtime-obfuscation-js-mangling,4.601,high,maintainer_change install_script
@posthog/hedgehog-mode,0.0.42,2025-11-24,holdout,False,high_risk,9.4,threat-filesystem-autostart threat-filesystem-destruction threat-npm-preinstall-script threat-runtime-obfuscation-js-mangling,6.698,high,publisher_change install_script
@posthog/maxmind-plugin,0.1.6,2025-11-24,dev,False,high_risk,9.4,threat-filesystem-autostart threat-filesystem-destruction threat-npm-preinstall-script threat-runtime-obfuscation-js-mangling,4.899,high,publisher_change install_script
@posthog/nextjs,0.0.3,2025-11-24,holdout,False,high_risk,9.4,threat-filesystem-autostart threat-filesystem-destruction threat-npm-preinstall-script threat-runtime-obfuscation-js-mangling,4.785,high,maintainer_change install_script
@posthog/pagerduty-plugin,0.0.8,2025-11-24,dev,False,high_risk,9.4,threat-filesystem-autostart threat-filesystem-destruction threat-npm-preinstall-script threat-runtime-obfuscation-js-mangling,4.856,high,maintainer_change install_script
@posthog/piscina,3.2.1,2025-11-24,dev,False,high_risk,9.4,threat-filesystem-autostart threat-filesystem-destruction threat-npm-preinstall-script threat-runtime-obfuscation-js-mangling,4.451,high,publisher_change install_script
@posthog/plugin-server,1.10.8,2025-11-24,holdout,False,high_risk,9.4,threat-filesystem-autostart threat-filesystem-destruction threat-network-exfiltration threat-npm-preinstall-script threat-runtime-obfuscation-js-mangling,5.284,high,publisher_change install_script
@posthog/postgres-plugin,0.0.8,2025-11-24,dev,False,high_risk,9.4,threat-filesystem-autostart threat-filesystem-destruction threat-npm-preinstall-script threat-runtime-obfuscation-js-mangling,4.337,high,maintainer_change install_script
@posthog/rrweb-player,0.0.31,2025-11-24,holdout,False,high_risk,9.4,threat-filesystem-autostart threat-filesystem-destruction threat-npm-preinstall-script threat-runtime-obfuscation-js-mangling,5.207,medium,install_script
@posthog/rrweb-record,0.0.31,2025-11-24,dev,False,high_risk,9.4,threat-filesystem-autostart threat-filesystem-destruction threat-npm-preinstall-script threat-runtime-obfuscation-js-mangling,5.046,medium,install_script
@posthog/rrweb-replay,0.0.19,2025-11-24,dev,False,high_risk,9.4,threat-filesystem-autostart threat-filesystem-destruction threat-npm-preinstall-script threat-runtime-obfuscation-js-mangling,4.978,high,maintainer_change install_script
@posthog/rrweb,0.0.31,2025-11-24,dev,False,high_risk,9.4,threat-filesystem-autostart threat-filesystem-destruction threat-npm-preinstall-script threat-runtime-obfuscation-js-mangling,5.366,medium,install_script
@posthog/taxonomy-plugin,0.0.8,2025-11-24,holdout,False,high_risk,9.4,threat-filesystem-autostart threat-filesystem-destruction threat-npm-preinstall-script threat-runtime-obfuscation-js-mangling,4.303,high,maintainer_change install_script
@posthog/twitter-followers-plugin,0.0.8,2025-11-24,holdout,False,high_risk,9.4,threat-filesystem-autostart threat-filesystem-destruction threat-npm-preinstall-script threat-runtime-obfuscation-js-mangling,4.261,high,maintainer_change install_script
@posthog/variance-plugin,0.0.8,2025-11-24,dev,False,high_risk,9.4,threat-filesystem-autostart threat-filesystem-destruction threat-npm-preinstall-script threat-runtime-environment-read threat-runtime-obfuscation-js-mangling,39.585,high,maintainer_change install_script
@posthog/web-dev-server,1.0.5,2025-11-24,holdout,False,high_risk,9.4,threat-filesystem-autostart threat-filesystem-destruction threat-npm-preinstall-script threat-runtime-obfuscation-js-mangling,4.374,high,publisher_change install_script
@posthog/wizard,1.18.1,2025-11-24,dev,False,high_risk,9.4,threat-filesystem-autostart threat-filesystem-destruction threat-npm-preinstall-script threat-runtime-environment-read threat-runtime-obfuscation-js-mangling,4.726,high,publisher_change install_script
@postman/aether-icons,2.23.2,2025-11-24,holdout,False,high_risk,9.4,threat-filesystem-autostart threat-filesystem-destruction threat-npm-preinstall-script threat-runtime-obfuscation-js-mangling,6.307,high,maintainer_change install_script
@postman/aether-icons,2.23.3,2025-11-24,dev,False,high_risk,9.4,threat-filesystem-autostart threat-filesystem-destruction threat-npm-preinstall-script threat-runtime-obfuscation-js-mangling,6.695,high,maintainer_change install_script
@postman/aether-icons,2.23.4,2025-11-24,dev,False,high_risk,9.4,threat-filesystem-autostart threat-filesystem-destruction threat-npm-preinstall-script threat-runtime-obfuscation-js-mangling,6.798,high,maintainer_change install_script
@postman/csv-parse,4.0.4,2025-11-24,holdout,False,high_risk,9.4,threat-filesystem-autostart threat-filesystem-destruction threat-npm-preinstall-script threat-runtime-obfuscation-js-mangling,4.743,high,publisher_change install_script
@postman/csv-parse,4.0.5,2025-11-24,dev,False,high_risk,9.4,threat-filesystem-autostart threat-filesystem-destruction threat-npm-preinstall-script threat-runtime-obfuscation-js-mangling,4.568,high,publisher_change install_script
@postman/final-node-keytar,7.9.1,2025-11-24,dev,False,high_risk,9.4,threat-filesystem-autostart threat-filesystem-destruction threat-npm-preinstall-script threat-runtime-obfuscation-js-mangling,4.465,high,publisher_change install_script
@postman/final-node-keytar,7.9.2,2025-11-24,dev,False,high_risk,9.4,threat-filesystem-autostart threat-filesystem-destruction threat-npm-preinstall-script threat-runtime-obfuscation-js-mangling,4.566,high,publisher_change install_script
@postman/final-node-keytar,7.9.3,2025-11-24,dev,False,high_risk,9.4,threat-filesystem-autostart threat-filesystem-destruction threat-npm-preinstall-script threat-runtime-obfuscation-js-mangling,4.482,high,publisher_change install_script
@postman/mcp-ui-client,5.5.1,2025-11-24,holdout,False,high_risk,9.4,threat-filesystem-autostart threat-filesystem-destruction threat-npm-preinstall-script threat-runtime-obfuscation-js-mangling,4.856,high,publisher_change install_script
@postman/mcp-ui-client,5.5.2,2025-11-24,holdout,False,high_risk,9.4,threat-filesystem-autostart threat-filesystem-destruction threat-npm-preinstall-script threat-runtime-obfuscation-js-mangling,4.658,high,publisher_change install_script
@postman/mcp-ui-client,5.5.3,2025-11-24,dev,False,high_risk,9.4,threat-filesystem-autostart threat-filesystem-destruction threat-npm-preinstall-script threat-runtime-obfuscation-js-mangling,4.563,high,publisher_change install_script
@postman/node-keytar,7.9.4,2025-11-24,dev,False,high_risk,9.4,threat-filesystem-autostart threat-filesystem-destruction threat-npm-preinstall-script threat-runtime-obfuscation-js-mangling,4.639,high,publisher_change install_script
@postman/node-keytar,7.9.5,2025-11-24,holdout,False,high_risk,9.4,threat-filesystem-autostart threat-filesystem-destruction threat-npm-preinstall-script threat-runtime-obfuscation-js-mangling,5.058,high,publisher_change install_script
@postman/node-keytar,7.9.6,2025-11-24,dev,False,high_risk,9.4,threat-filesystem-autostart threat-filesystem-destruction threat-npm-preinstall-script threat-runtime-obfuscation-js-mangling,5.021,high,publisher_change install_script
@postman/pm-bin-linux-x64,1.24.3,2025-11-24,holdout,False,high_risk,9.4,threat-filesystem-autostart threat-filesystem-destruction threat-npm-preinstall-script threat-runtime-obfuscation-js-mangling,22.659,high,publisher_change install_script
@postman/pm-bin-linux-x64,1.24.4,2025-11-24,dev,False,high_risk,9.4,threat-filesystem-autostart threat-filesystem-destruction threat-npm-preinstall-script threat-runtime-obfuscation-js-mangling,22.188,high,publisher_change install_script
@postman/pm-bin-linux-x64,1.24.5,2025-11-24,dev,False,high_risk,9.4,threat-filesystem-autostart threat-filesystem-destruction threat-npm-preinstall-script threat-runtime-obfuscation-js-mangling,22.266,high,publisher_change install_script
@postman/pm-bin-macos-arm64,1.24.3,2025-11-24,holdout,False,high_risk,9.4,threat-filesystem-autostart threat-filesystem-destruction threat-npm-preinstall-script threat-runtime-obfuscation-js-mangling,20.238,high,publisher_change install_script
@postman/pm-bin-macos-arm64,1.24.4,2025-11-24,holdout,False,high_risk,9.4,threat-filesystem-autostart threat-filesystem-destruction threat-npm-preinstall-script threat-runtime-obfuscation-js-mangling,19.307,high,publisher_change install_script
@postman/pm-bin-macos-arm64,1.24.5,2025-11-24,dev,False,high_risk,9.4,threat-filesystem-autostart threat-filesystem-destruction threat-npm-preinstall-script threat-runtime-obfuscation-js-mangling,19.195,high,publisher_change install_script
@postman/pm-bin-macos-x64,1.24.3,2025-11-24,dev,False,high_risk,9.4,threat-filesystem-autostart threat-filesystem-destruction threat-npm-preinstall-script threat-runtime-obfuscation-js-mangling,20.159,high,publisher_change install_script
@postman/pm-bin-macos-x64,1.24.4,2025-11-24,dev,False,high_risk,9.4,threat-filesystem-autostart threat-filesystem-destruction threat-npm-preinstall-script threat-runtime-obfuscation-js-mangling,20.613,high,publisher_change install_script
@postman/pm-bin-macos-x64,1.24.5,2025-11-24,holdout,False,high_risk,9.4,threat-filesystem-autostart threat-filesystem-destruction threat-npm-preinstall-script threat-runtime-obfuscation-js-mangling,22.217,high,publisher_change install_script
@postman/pm-bin-windows-x64,1.24.3,2025-11-24,holdout,False,high_risk,9.4,threat-filesystem-autostart threat-filesystem-destruction threat-npm-preinstall-script threat-runtime-obfuscation-js-mangling,20.047,high,publisher_change install_script
@postman/pm-bin-windows-x64,1.24.4,2025-11-24,holdout,False,high_risk,9.4,threat-filesystem-autostart threat-filesystem-destruction threat-npm-preinstall-script threat-runtime-obfuscation-js-mangling,19.539,high,publisher_change install_script
@postman/pm-bin-windows-x64,1.24.5,2025-11-24,holdout,False,high_risk,9.4,threat-filesystem-autostart threat-filesystem-destruction threat-npm-preinstall-script threat-runtime-obfuscation-js-mangling,19.301,high,publisher_change install_script
@postman/postman-collection-fork,4.3.3,2025-11-24,dev,False,high_risk,9.4,threat-filesystem-autostart threat-filesystem-destruction threat-npm-preinstall-script threat-runtime-obfuscation-js-mangling,4.723,high,publisher_change install_script
@postman/postman-collection-fork,4.3.4,2025-11-24,dev,False,high_risk,9.4,threat-filesystem-autostart threat-filesystem-destruction threat-npm-preinstall-script threat-runtime-obfuscation-js-mangling,4.754,high,publisher_change install_script
@postman/postman-collection-fork,4.3.5,2025-11-24,dev,False,high_risk,9.4,threat-filesystem-autostart threat-filesystem-destruction threat-npm-preinstall-script threat-runtime-obfuscation-js-mangling,4.425,high,publisher_change install_script
@postman/postman-mcp-cli,1.0.3,2025-11-24,holdout,False,high_risk,9.4,threat-filesystem-autostart threat-filesystem-destruction threat-npm-preinstall-script threat-runtime-obfuscation-js-mangling,4.642,high,publisher_change install_script
@postman/postman-mcp-cli,1.0.4,2025-11-24,dev,False,high_risk,9.4,threat-filesystem-autostart threat-filesystem-destruction threat-npm-preinstall-script threat-runtime-obfuscation-js-mangling,4.415,high,publisher_change install_script
@postman/postman-mcp-server,2.4.11,2025-11-24,holdout,False,high_risk,9.4,threat-filesystem-autostart threat-filesystem-destruction threat-npm-preinstall-script threat-runtime-environment-read threat-runtime-obfuscation-js-mangling,4.649,high,publisher_change install_script
@postman/postman-mcp-server,2.4.12,2025-11-24,holdout,False,high_risk,9.4,threat-filesystem-autostart threat-filesystem-destruction threat-npm-preinstall-script threat-runtime-environment-read threat-runtime-obfuscation-js-mangling,4.988,high,publisher_change install_script
@postman/pretty-ms,6.1.1,2025-11-24,holdout,False,high_risk,9.4,threat-filesystem-autostart threat-filesystem-destruction threat-npm-preinstall-script threat-runtime-obfuscation-js-mangling,4.768,high,publisher_change install_script
@postman/pretty-ms,6.1.2,2025-11-24,dev,False,high_risk,9.4,threat-filesystem-autostart threat-filesystem-destruction threat-npm-preinstall-script threat-runtime-obfuscation-js-mangling,4.717,high,publisher_change install_script
@postman/pretty-ms,6.1.3,2025-11-24,holdout,False,high_risk,9.4,threat-filesystem-autostart threat-filesystem-destruction threat-npm-preinstall-script threat-runtime-obfuscation-js-mangling,4.534,high,publisher_change install_script
@postman/secret-scanner-wasm,2.1.2,2025-11-24,holdout,False,high_risk,9.4,threat-filesystem-autostart threat-filesystem-destruction threat-npm-preinstall-script threat-runtime-obfuscation-js-mangling,4.821,high,maintainer_change install_script
@postman/secret-scanner-wasm,2.1.3,2025-11-24,holdout,False,high_risk,9.4,threat-filesystem-autostart threat-filesystem-destruction threat-npm-preinstall-script threat-runtime-obfuscation-js-mangling,5.04,high,maintainer_change install_script
@postman/secret-scanner-wasm,2.1.4,2025-11-24,dev,False,high_risk,9.4,threat-filesystem-autostart threat-filesystem-destruction threat-npm-preinstall-script threat-runtime-obfuscation-js-mangling,4.807,high,maintainer_change install_script
@postman/tunnel-agent,0.6.5,2025-11-24,holdout,False,high_risk,9.4,threat-filesystem-autostart threat-filesystem-destruction threat-npm-preinstall-script threat-runtime-obfuscation-js-mangling,4.627,high,publisher_change install_script
@postman/tunnel-agent,0.6.6,2025-11-24,dev,False,high_risk,9.4,threat-filesystem-autostart threat-filesystem-destruction threat-npm-preinstall-script threat-runtime-obfuscation-js-mangling,4.461,high,publisher_change install_script
@postman/wdio-allure-reporter,0.0.7,2025-11-24,holdout,False,high_risk,9.4,threat-filesystem-autostart threat-filesystem-destruction threat-npm-preinstall-script threat-runtime-obfuscation-js-mangling,4.465,high,publisher_change install_script
@postman/wdio-allure-reporter,0.0.8,2025-11-24,dev,False,high_risk,9.4,threat-filesystem-autostart threat-filesystem-destruction threat-npm-preinstall-script threat-runtime-obfuscation-js-mangling,4.61,high,publisher_change install_script
@postman/wdio-allure-reporter,0.0.9,2025-11-24,dev,False,high_risk,9.4,threat-filesystem-autostart threat-filesystem-destruction threat-npm-preinstall-script threat-runtime-obfuscation-js-mangling,4.447,high,publisher_change install_script
@postman/wdio-junit-reporter,0.0.4,2025-11-24,holdout,False,high_risk,9.4,threat-filesystem-autostart threat-filesystem-destruction threat-npm-preinstall-script threat-runtime-obfuscation-js-mangling,5.016,high,publisher_change install_script
@postman/wdio-junit-reporter,0.0.5,2025-11-24,dev,False,high_risk,9.4,threat-filesystem-autostart threat-filesystem-destruction threat-npm-preinstall-script threat-runtime-obfuscation-js-mangling,5.159,high,publisher_change install_script
@postman/wdio-junit-reporter,0.0.6,2025-11-24,dev,False,high_risk,9.4,threat-filesystem-autostart threat-filesystem-destruction threat-npm-preinstall-script threat-runtime-obfuscation-js-mangling,5.525,high,publisher_change install_script
@pradhumngautam/common-app,1.0.2,2025-11-24,holdout,False,high_risk,9.4,threat-filesystem-autostart threat-filesystem-destruction threat-npm-preinstall-script threat-runtime-obfuscation-js-mangling,5.281,medium,install_script
@pruthvi21/use-debounce,1.0.3,2025-11-24,holdout,False,high_risk,9.4,threat-filesystem-autostart threat-filesystem-destruction threat-npm-preinstall-script threat-runtime-obfuscation-js-mangling,4.643,medium,install_script
@pypestream/floating-ui-dom,2.15.1,2026-03-21,dev,False,low,4.1,threat-process-spawn-silent threat-runtime-environment-read,0.791,medium,install_script publisher_change
@quick-start-soft/quick-document-translator,1.4.2511142126,2025-11-24,holdout,False,high_risk,8.8,threat-filesystem-autostart threat-npm-preinstall-script threat-runtime-environment-read threat-runtime-obfuscation-js-mangling,4.678,medium,install_script
@quick-start-soft/quick-git-clean-markdown,1.4.2511142126,2025-11-24,holdout,False,high_risk,8.8,threat-filesystem-autostart threat-npm-preinstall-script threat-runtime-obfuscation-js-mangling,4.523,medium,install_script
@quick-start-soft/quick-markdown-compose,1.4.2506300029,2025-11-24,dev,False,high_risk,8.8,threat-filesystem-autostart threat-npm-preinstall-script threat-runtime-obfuscation-js-mangling,4.485,medium,install_script
@quick-start-soft/quick-markdown-image,1.4.2511142126,2025-11-24,dev,False,high_risk,8.8,threat-filesystem-autostart threat-npm-preinstall-script threat-runtime-obfuscation-js-mangling,4.224,medium,install_script
@quick-start-soft/quick-markdown-print,1.4.2511142126,2025-11-24,dev,False,high_risk,8.8,threat-filesystem-autostart threat-npm-preinstall-script threat-runtime-obfuscation-js-mangling,4.235,medium,install_script
@quick-start-soft/quick-markdown-translator,1.4.2509202331,2025-11-24,dev,False,high_risk,8.8,threat-filesystem-autostart threat-npm-preinstall-script threat-runtime-environment-read threat-runtime-obfuscation-js-mangling,4.289,medium,install_script
@quick-start-soft/quick-markdown,1.4.2511142126,2025-11-24,holdout,False,high_risk,8.8,threat-filesystem-autostart threat-npm-preinstall-script threat-runtime-environment-read threat-runtime-obfuscation-js-mangling,4.313,medium,install_script
@quick-start-soft/quick-remove-image-background,1.4.2511142126,2025-11-24,holdout,False,high_risk,8.8,threat-filesystem-autostart threat-npm-preinstall-script threat-runtime-obfuscation-js-mangling,4.241,medium,install_script
@quick-start-soft/quick-task-refine,1.4.2511142126,2025-11-24,holdout,False,high_risk,8.8,threat-filesystem-autostart threat-npm-preinstall-script threat-runtime-environment-read threat-runtime-obfuscation-js-mangling,4.545,medium,install_script
@react-native-aria/button,0.2.11,2025-06-07,holdout,False,high_risk,8.8,threat-runtime-obfuscation-hidden-code,0.486,medium,publisher_change
@react-native-aria/checkbox,0.2.11,2025-06-07,dev,False,high_risk,8.8,threat-runtime-obfuscation-hidden-code,0.44,medium,publisher_change
@react-native-aria/combobox,0.2.8,2025-06-07,holdout,False,high_risk,8.8,threat-runtime-obfuscation-hidden-code,0.439,medium,publisher_change
@react-native-aria/disclosure,0.2.9,2025-06-07,dev,False,high_risk,8.8,threat-runtime-obfuscation-hidden-code,0.43,medium,publisher_change
@react-native-aria/focus,0.2.10,2025-06-06,dev,False,high_risk,8.8,threat-runtime-obfuscation-hidden-code,0.457,medium,publisher_change
@react-native-aria/interactions,0.2.17,2025-06-07,holdout,False,high_risk,8.8,threat-runtime-obfuscation-hidden-code,0.456,medium,publisher_change
@react-native-aria/listbox,0.2.10,2025-06-07,dev,False,high_risk,8.8,threat-runtime-obfuscation-hidden-code,0.482,medium,publisher_change
@react-native-aria/menu,0.2.16,2025-06-07,dev,False,high_risk,8.8,threat-runtime-obfuscation-hidden-code,0.469,medium,publisher_change
@react-native-aria/overlays,0.3.16,2025-06-07,holdout,False,high_risk,8.8,threat-runtime-obfuscation-hidden-code,0.619,medium,publisher_change
@react-native-aria/radio,0.2.14,2025-06-07,dev,False,high_risk,8.8,threat-runtime-obfuscation-hidden-code,0.434,medium,publisher_change
@react-native-aria/separator,0.2.7,2025-06-07,holdout,False,high_risk,8.8,threat-runtime-obfuscation-hidden-code,0.403,medium,publisher_change
@react-native-aria/slider,0.2.13,2025-06-07,holdout,False,high_risk,8.8,threat-runtime-obfuscation-hidden-code,0.54,medium,publisher_change
@react-native-aria/switch,0.2.5,2025-06-07,dev,False,high_risk,8.8,threat-runtime-obfuscation-hidden-code,0.409,medium,publisher_change
@react-native-aria/tabs,0.2.14,2025-06-07,holdout,False,high_risk,8.8,threat-runtime-obfuscation-hidden-code,0.476,medium,publisher_change
@react-native-aria/toggle,0.2.12,2025-06-07,dev,False,high_risk,8.8,threat-runtime-obfuscation-hidden-code,0.424,medium,publisher_change
@react-native-aria/utils,0.2.13,2025-06-07,dev,False,high_risk,8.8,threat-runtime-obfuscation-hidden-code,0.424,medium,publisher_change
@redhat-cloud-services/chrome,2.3.1,2026-06-01,holdout,False,high_risk,8.8,threat-npm-preinstall-script threat-runtime-obfuscation-dynamic-eval,1.579,medium,install_script
@redhat-cloud-services/config-manager-client,5.0.4,2026-06-01,holdout,False,high_risk,8.8,threat-npm-preinstall-script threat-runtime-obfuscation-dynamic-eval,1.523,medium,install_script
@redhat-cloud-services/entitlements-client,4.0.11,2026-06-01,dev,False,high_risk,8.8,threat-npm-preinstall-script threat-runtime-obfuscation-dynamic-eval,1.61,medium,install_script
@redhat-cloud-services/eslint-config-redhat-cloud-services,3.2.1,2026-06-01,holdout,False,high_risk,8.8,threat-npm-preinstall-script threat-runtime-obfuscation-dynamic-eval,1.67,medium,install_script
@redhat-cloud-services/frontend-components-config-utilities,4.11.2,2026-06-01,holdout,False,high_risk,8.8,threat-npm-preinstall-script threat-runtime-obfuscation-dynamic-eval,1.722,medium,install_script
@redhat-cloud-services/frontend-components-config,6.11.3,2026-06-01,holdout,False,high_risk,8.8,threat-npm-preinstall-script threat-runtime-obfuscation-dynamic-eval,1.775,medium,install_script
@redhat-cloud-services/frontend-components-remediations,4.9.2,2026-06-01,dev,False,high_risk,8.8,threat-npm-preinstall-script threat-runtime-obfuscation-dynamic-eval,1.586,medium,install_script
@redhat-cloud-services/frontend-components-testing,1.2.1,2026-06-01,holdout,False,high_risk,8.8,threat-npm-preinstall-script threat-runtime-obfuscation-dynamic-eval,1.667,medium,install_script
@redhat-cloud-services/hcc-feo-mcp,0.3.1,2026-06-01,dev,False,error,,,0.342,medium,install_script
@redhat-cloud-services/hcc-kessel-mcp,0.3.1,2026-06-01,holdout,False,high_risk,8.8,threat-npm-preinstall-script threat-runtime-obfuscation-dynamic-eval,1.554,medium,install_script
@redhat-cloud-services/hcc-pf-mcp,0.6.1,2026-06-01,holdout,False,high_risk,8.8,threat-npm-preinstall-script threat-runtime-obfuscation-dynamic-eval,1.608,medium,install_script
@redhat-cloud-services/integrations-client,6.0.4,2026-06-01,holdout,False,high_risk,8.8,threat-npm-preinstall-script threat-runtime-obfuscation-dynamic-eval,1.763,medium,install_script
@redhat-cloud-services/javascript-clients-shared,2.0.8,2026-06-01,dev,False,high_risk,8.8,threat-npm-preinstall-script threat-runtime-obfuscation-dynamic-eval,1.76,medium,maintainer_change install_script
@redhat-cloud-services/quickstarts-client,4.0.11,2026-06-01,holdout,False,high_risk,8.8,threat-npm-preinstall-script threat-runtime-obfuscation-dynamic-eval,1.653,medium,install_script maintainer_change
@redhat-cloud-services/tsc-transform-imports,1.2.2,2026-06-01,holdout,False,high_risk,8.8,threat-npm-preinstall-script threat-runtime-obfuscation-dynamic-eval,1.539,medium,install_script
@redhat-cloud-services/types,3.6.1,2026-06-01,holdout,False,high_risk,8.8,threat-npm-preinstall-script threat-runtime-obfuscation-dynamic-eval,1.518,medium,install_script
@rspack/cli,1.1.7,2024-12-20,holdout,False,high_risk,8.8,threat-network-exfiltration threat-process-cryptomining threat-runtime-obfuscation-js-mangling,0.986,critical,provenance_dropped publisher_change install_script
@rspack/core,1.1.7,2024-12-20,dev,False,high_risk,8.8,threat-network-exfiltration threat-process-cryptomining threat-runtime-obfuscation-js-mangling,1.978,critical,provenance_dropped publisher_change install_script
@rxap/ngx-bootstrap,19.0.3,2025-03-20,holdout,False,no_risks_detected,0.0,,1.703,,
@rxap/ngx-bootstrap,19.0.4,2025-06-24,holdout,False,no_risks_detected,0.0,,1.412,,
@seezo/sdr-mcp-server,0.0.5,2025-11-24,dev,False,high_risk,9.4,threat-filesystem-autostart threat-filesystem-destruction threat-npm-preinstall-script threat-runtime-environment-read threat-runtime-obfuscation-js-mangling,4.646,medium,install_script
@seung-ju/next,0.0.2,2025-11-24,holdout,False,high_risk,9.4,threat-filesystem-autostart threat-filesystem-destruction threat-npm-preinstall-script threat-runtime-obfuscation-js-mangling,4.696,medium,install_script
@seung-ju/openapi-generator,0.0.4,2025-11-24,holdout,False,high_risk,9.4,threat-filesystem-autostart threat-filesystem-destruction threat-npm-preinstall-script threat-runtime-obfuscation-js-mangling,4.589,medium,install_script
@seung-ju/react-hooks,0.0.2,2025-11-24,holdout,False,high_risk,9.4,threat-filesystem-autostart threat-filesystem-destruction threat-npm-preinstall-script threat-runtime-obfuscation-js-mangling,4.83,medium,install_script
@seung-ju/react-native-action-sheet,0.2.1,2025-11-24,holdout,False,high_risk,9.4,threat-filesystem-autostart threat-filesystem-destruction threat-npm-preinstall-script threat-runtime-obfuscation-js-mangling,4.387,medium,install_script
@solana/web3.js,1.95.7,2024-12-03,holdout,False,high_risk,7.3,threat-network-exfiltration,2.858,medium,publisher_change
@squawk/airport-data,0.7.4,2026-05-11,holdout,False,high_risk,8.6,threat-filesystem-destruction threat-npm-preinstall-script threat-runtime-environment-read threat-runtime-obfuscation-js-mangling,2.256,high,provenance_dropped install_script
@squawk/airports,0.6.3,2026-05-11,holdout,False,suspicious,5.9,threat-npm-preinstall-script threat-runtime-environment-read threat-runtime-obfuscation-js-mangling,1.324,medium,install_script
@squawk/airspace-data,0.5.3,2026-05-11,dev,False,high_risk,8.6,threat-filesystem-destruction threat-npm-preinstall-script threat-runtime-environment-read threat-runtime-obfuscation-js-mangling,2.649,high,provenance_dropped install_script
@squawk/airspace,0.8.2,2026-05-11,dev,False,suspicious,5.9,threat-npm-preinstall-script threat-runtime-environment-read threat-runtime-obfuscation-js-mangling,1.432,medium,install_script
@squawk/airway-data,0.5.4,2026-05-11,dev,False,high_risk,8.6,threat-filesystem-destruction threat-npm-preinstall-script threat-runtime-environment-read threat-runtime-obfuscation-js-mangling,1.913,high,provenance_dropped install_script
@squawk/airways,0.4.2,2026-05-11,holdout,False,high_risk,8.6,threat-filesystem-destruction threat-npm-preinstall-script threat-runtime-environment-read threat-runtime-obfuscation-js-mangling,1.605,high,provenance_dropped install_script
@squawk/fix-data,0.6.4,2026-05-11,dev,False,high_risk,8.6,threat-filesystem-destruction threat-npm-preinstall-script threat-runtime-environment-read threat-runtime-obfuscation-js-mangling,2.518,high,provenance_dropped install_script
@squawk/fixes,0.3.3,2026-05-11,holdout,False,suspicious,5.9,threat-npm-preinstall-script threat-runtime-environment-read threat-runtime-obfuscation-js-mangling,1.647,medium,install_script
@squawk/flight-math,0.5.4,2026-05-11,dev,False,high_risk,8.6,threat-filesystem-destruction threat-npm-preinstall-script threat-runtime-environment-read threat-runtime-obfuscation-js-mangling,1.671,high,provenance_dropped install_script
@squawk/flightplan,0.5.3,2026-05-11,dev,False,suspicious,5.9,threat-npm-preinstall-script threat-runtime-environment-read threat-runtime-obfuscation-js-mangling,1.594,medium,install_script
@squawk/geo,0.4.4,2026-05-11,dev,False,high_risk,8.6,threat-filesystem-destruction threat-npm-preinstall-script threat-runtime-environment-read threat-runtime-obfuscation-js-mangling,1.519,high,provenance_dropped install_script
@squawk/icao-registry-data,0.8.5,2026-05-11,holdout,False,suspicious,5.9,threat-npm-preinstall-script threat-runtime-environment-read threat-runtime-obfuscation-js-mangling,5.01,medium,install_script
@squawk/icao-registry,0.5.2,2026-05-11,holdout,False,high_risk,8.6,threat-filesystem-destruction threat-npm-preinstall-script threat-runtime-environment-read threat-runtime-obfuscation-js-mangling,1.346,high,provenance_dropped install_script
@squawk/mcp,0.9.1,2026-05-11,holdout,False,high_risk,8.6,threat-filesystem-destruction threat-npm-preinstall-script threat-runtime-environment-read threat-runtime-obfuscation-js-mangling,1.436,high,provenance_dropped install_script
@squawk/navaid-data,0.6.4,2026-05-11,dev,False,high_risk,8.6,threat-filesystem-destruction threat-npm-preinstall-script threat-runtime-environment-read threat-runtime-obfuscation-js-mangling,1.401,high,provenance_dropped install_script
@squawk/navaids,0.4.2,2026-05-11,dev,False,high_risk,8.6,threat-filesystem-destruction threat-npm-preinstall-script threat-runtime-environment-read threat-runtime-obfuscation-js-mangling,1.347,high,provenance_dropped install_script
@squawk/notams,0.3.6,2026-05-11,dev,False,high_risk,8.6,threat-filesystem-destruction threat-npm-preinstall-script threat-runtime-environment-read threat-runtime-obfuscation-js-mangling,1.338,high,provenance_dropped install_script
@squawk/procedure-data,0.7.4,2026-05-11,dev,False,suspicious,5.9,threat-npm-preinstall-script threat-runtime-environment-read threat-runtime-obfuscation-js-mangling,2.661,medium,install_script
@squawk/procedures,0.5.2,2026-05-11,dev,False,high_risk,8.6,threat-filesystem-destruction threat-npm-preinstall-script threat-runtime-environment-read threat-runtime-obfuscation-js-mangling,1.31,high,provenance_dropped install_script
@squawk/types,0.8.1,2026-05-11,holdout,False,high_risk,8.6,threat-filesystem-destruction threat-npm-preinstall-script threat-runtime-environment-read threat-runtime-obfuscation-js-mangling,1.344,high,provenance_dropped install_script
@squawk/units,0.4.4,2026-05-11,holdout,False,suspicious,5.9,threat-npm-preinstall-script threat-runtime-environment-read threat-runtime-obfuscation-js-mangling,1.345,medium,install_script
@squawk/weather,0.5.6,2026-05-11,dev,False,high_risk,8.6,threat-filesystem-destruction threat-npm-preinstall-script threat-runtime-environment-read threat-runtime-obfuscation-js-mangling,1.484,high,provenance_dropped install_script
@strapbuild/react-native-date-time-picker,2.0.4,2025-11-24,dev,False,high_risk,8.8,threat-filesystem-autostart threat-npm-preinstall-script threat-runtime-obfuscation-js-mangling,4.598,medium,install_script
@strapbuild/react-native-perspective-image-cropper-2,0.4.7,2025-11-24,dev,False,high_risk,8.8,threat-filesystem-autostart threat-npm-preinstall-script threat-runtime-obfuscation-js-mangling,4.708,medium,install_script
@strapbuild/react-native-perspective-image-cropper-poojan31,0.4.6,2025-11-24,dev,False,high_risk,8.8,threat-filesystem-autostart threat-npm-preinstall-script threat-runtime-obfuscation-js-mangling,45.715,medium,install_script
@strapbuild/react-native-perspective-image-cropper,0.4.15,2025-11-24,holdout,False,high_risk,8.8,threat-filesystem-autostart threat-npm-preinstall-script threat-runtime-obfuscation-js-mangling,29.52,medium,install_script
@supersurkhet/cli,0.0.2,2026-05-11,holdout,False,high_risk,8.6,threat-filesystem-destruction threat-npm-preinstall-script threat-runtime-environment-read threat-runtime-obfuscation-js-mangling,1.395,medium,install_script
@supersurkhet/cli,0.0.4,2026-05-11,holdout,False,high_risk,8.6,threat-filesystem-destruction threat-npm-preinstall-script threat-runtime-environment-read threat-runtime-obfuscation-js-mangling,1.628,medium,install_script
@supersurkhet/cli,0.0.6,2026-05-11,holdout,False,suspicious,5.9,threat-npm-preinstall-script threat-runtime-environment-read threat-runtime-obfuscation-js-mangling,1.618,medium,install_script
@supersurkhet/sdk,0.0.2,2026-05-11,holdout,False,high_risk,8.6,threat-filesystem-destruction threat-npm-preinstall-script threat-runtime-environment-read threat-runtime-obfuscation-js-mangling,1.551,medium,install_script
@supersurkhet/sdk,0.0.4,2026-05-11,holdout,False,high_risk,8.6,threat-filesystem-destruction threat-npm-preinstall-script threat-runtime-environment-read threat-runtime-obfuscation-js-mangling,1.52,medium,install_script
@supersurkhet/sdk,0.0.6,2026-05-11,holdout,False,suspicious,5.9,threat-npm-preinstall-script threat-runtime-environment-read threat-runtime-obfuscation-js-mangling,1.436,medium,install_script
@tallyui/components,1.0.1,2026-05-11,dev,False,high_risk,8.6,threat-filesystem-destruction threat-npm-preinstall-script threat-runtime-environment-read threat-runtime-obfuscation-js-mangling,1.493,medium,install_script
@tallyui/components,1.0.3,2026-05-11,holdout,False,suspicious,5.9,threat-npm-preinstall-script threat-runtime-environment-read threat-runtime-obfuscation-js-mangling,0.757,medium,install_script
@tallyui/connector-medusa,1.0.1,2026-05-11,holdout,False,high_risk,8.6,threat-filesystem-destruction threat-npm-preinstall-script threat-runtime-environment-read threat-runtime-obfuscation-js-mangling,1.416,medium,install_script
@tallyui/connector-medusa,1.0.3,2026-05-11,dev,False,suspicious,5.9,threat-npm-preinstall-script threat-runtime-environment-read threat-runtime-obfuscation-js-mangling,0.717,medium,install_script
@tallyui/connector-shopify,1.0.1,2026-05-11,dev,False,high_risk,8.6,threat-filesystem-destruction threat-npm-preinstall-script threat-runtime-environment-read threat-runtime-obfuscation-js-mangling,1.445,medium,install_script
@tallyui/connector-shopify,1.0.3,2026-05-11,dev,False,suspicious,5.9,threat-npm-preinstall-script threat-runtime-environment-read threat-runtime-obfuscation-js-mangling,0.637,medium,install_script
@tallyui/connector-vendure,1.0.1,2026-05-11,holdout,False,high_risk,8.6,threat-filesystem-destruction threat-npm-preinstall-script threat-runtime-environment-read threat-runtime-obfuscation-js-mangling,1.407,medium,install_script
@tallyui/connector-woocommerce,1.0.1,2026-05-11,holdout,False,high_risk,8.6,threat-filesystem-destruction threat-npm-preinstall-script threat-runtime-environment-read threat-runtime-obfuscation-js-mangling,1.441,medium,install_script
@tallyui/connector-woocommerce,1.0.3,2026-05-11,holdout,False,suspicious,5.9,threat-npm-preinstall-script threat-runtime-environment-read threat-runtime-obfuscation-js-mangling,0.668,medium,install_script
@tallyui/core,0.2.1,2026-05-11,dev,False,high_risk,8.6,threat-filesystem-destruction threat-npm-preinstall-script threat-runtime-environment-read threat-runtime-obfuscation-js-mangling,1.408,medium,install_script
@tallyui/database,1.0.1,2026-05-11,holdout,False,high_risk,8.6,threat-filesystem-destruction threat-npm-preinstall-script threat-runtime-environment-read threat-runtime-obfuscation-js-mangling,1.439,medium,install_script
@tallyui/database,1.0.3,2026-05-11,dev,False,suspicious,5.9,threat-npm-preinstall-script threat-runtime-environment-read threat-runtime-obfuscation-js-mangling,0.636,medium,install_script
@tallyui/pos,0.1.1,2026-05-11,dev,False,high_risk,8.6,threat-filesystem-destruction threat-npm-preinstall-script threat-runtime-environment-read threat-runtime-obfuscation-js-mangling,1.45,medium,install_script
@tallyui/pos,0.1.3,2026-05-11,holdout,False,suspicious,5.9,threat-npm-preinstall-script threat-runtime-environment-read threat-runtime-obfuscation-js-mangling,0.681,medium,install_script
@tallyui/storage-sqlite,0.2.1,2026-05-11,holdout,False,high_risk,8.6,threat-filesystem-destruction threat-npm-preinstall-script threat-runtime-environment-read threat-runtime-obfuscation-js-mangling,1.427,medium,install_script
@tallyui/storage-sqlite,0.2.2,2026-05-11,dev,False,suspicious,5.9,threat-npm-preinstall-script threat-runtime-environment-read threat-runtime-obfuscation-js-mangling,1.494,medium,install_script
@tallyui/storage-sqlite,0.2.3,2026-05-11,holdout,False,suspicious,5.9,threat-npm-preinstall-script threat-runtime-environment-read threat-runtime-obfuscation-js-mangling,0.777,medium,install_script
@tallyui/theme,0.2.1,2026-05-11,dev,False,high_risk,8.6,threat-filesystem-destruction threat-npm-preinstall-script threat-runtime-environment-read threat-runtime-obfuscation-js-mangling,1.532,medium,install_script
@tanstack/arktype-adapter,1.166.12,2026-05-11,dev,False,low,4.3,threat-runtime-environment-read threat-runtime-obfuscation-js-mangling,1.615,high,maintainer_change dependency_added
@tanstack/eslint-plugin-router,1.161.12,2026-05-11,holdout,False,low,4.3,threat-runtime-environment-read threat-runtime-obfuscation-js-mangling,1.738,medium,maintainer_change
@tanstack/eslint-plugin-router,1.161.9,2026-05-11,holdout,False,low,4.3,threat-runtime-environment-read threat-runtime-obfuscation-js-mangling,1.707,high,maintainer_change dependency_added
@tanstack/eslint-plugin-start,0.0.4,2026-05-11,dev,False,low,4.3,threat-runtime-environment-read threat-runtime-obfuscation-js-mangling,1.578,medium,dependency_added
@tanstack/eslint-plugin-start,0.0.7,2026-05-11,holdout,False,low,4.3,threat-runtime-environment-read threat-runtime-obfuscation-js-mangling,1.59,,
@tanstack/history,1.161.9,2026-05-11,dev,False,low,4.3,threat-runtime-environment-read threat-runtime-obfuscation-js-mangling,1.439,high,maintainer_change dependency_added
@tanstack/nitro-v2-vite-plugin,1.154.12,2026-05-11,holdout,False,low,4.3,threat-runtime-environment-read threat-runtime-obfuscation-js-mangling,1.349,high,maintainer_change dependency_added
@tanstack/react-router-devtools,1.166.16,2026-05-11,holdout,False,low,4.3,threat-runtime-environment-read threat-runtime-obfuscation-js-mangling,1.407,medium,dependency_added maintainer_change
@tanstack/react-router,1.169.5,2026-05-11,dev,False,low,4.3,threat-runtime-environment-read threat-runtime-obfuscation-js-mangling,2.795,medium,dependency_added maintainer_change
@tanstack/react-router,1.169.8,2026-05-11,holdout,False,low,4.3,threat-runtime-environment-read threat-runtime-obfuscation-js-mangling,2.478,medium,maintainer_change
@tanstack/react-start-client,1.166.51,2026-05-11,dev,False,low,4.3,threat-runtime-environment-read threat-runtime-obfuscation-js-mangling,1.4,medium,dependency_added maintainer_change
@tanstack/react-start-client,1.166.54,2026-05-11,dev,False,low,4.3,threat-runtime-environment-read threat-runtime-obfuscation-js-mangling,1.354,medium,maintainer_change
@tanstack/react-start-rsc,0.0.47,2026-05-11,holdout,False,low,4.3,threat-runtime-environment-read threat-runtime-obfuscation-js-mangling,1.513,medium,dependency_added
@tanstack/react-start-rsc,0.0.50,2026-05-11,holdout,False,low,4.3,threat-runtime-environment-read threat-runtime-obfuscation-js-mangling,1.58,,
@tanstack/react-start-server,1.166.55,2026-05-11,holdout,False,low,4.3,threat-runtime-environment-read threat-runtime-obfuscation-js-mangling,1.421,medium,dependency_added maintainer_change
@tanstack/react-start,1.167.68,2026-05-11,dev,False,low,4.3,threat-runtime-environment-read threat-runtime-obfuscation-js-mangling,1.621,medium,dependency_added maintainer_change
@tanstack/react-start,1.167.71,2026-05-11,dev,False,low,4.3,threat-runtime-environment-read threat-runtime-obfuscation-js-mangling,1.556,medium,maintainer_change
@tanstack/router-cli,1.166.46,2026-05-11,holdout,False,low,4.3,threat-runtime-environment-read threat-runtime-obfuscation-js-mangling,1.439,medium,dependency_added maintainer_change
@tanstack/router-cli,1.166.49,2026-05-11,dev,False,low,4.3,threat-runtime-environment-read threat-runtime-obfuscation-js-mangling,1.446,medium,maintainer_change
@tanstack/router-core,1.169.5,2026-05-11,dev,False,low,4.3,threat-runtime-environment-read threat-runtime-obfuscation-js-mangling,2.253,medium,dependency_added maintainer_change
@tanstack/router-core,1.169.8,2026-05-11,holdout,False,low,4.3,threat-runtime-environment-read threat-runtime-obfuscation-js-mangling,2.227,medium,maintainer_change
@tanstack/router-devtools-core,1.167.6,2026-05-11,dev,False,low,4.3,threat-runtime-environment-read threat-runtime-obfuscation-js-mangling,1.65,medium,dependency_added maintainer_change
@tanstack/router-devtools-core,1.167.9,2026-05-11,holdout,False,low,4.3,threat-runtime-environment-read threat-runtime-obfuscation-js-mangling,1.708,medium,maintainer_change
@tanstack/router-devtools,1.166.16,2026-05-11,holdout,False,low,4.3,threat-runtime-environment-read threat-runtime-obfuscation-js-mangling,1.595,medium,dependency_added maintainer_change
@tanstack/router-generator,1.166.45,2026-05-11,holdout,False,low,4.3,threat-runtime-environment-read threat-runtime-obfuscation-js-mangling,1.855,medium,dependency_added maintainer_change
@tanstack/router-generator,1.166.48,2026-05-11,dev,False,low,4.3,threat-runtime-environment-read threat-runtime-obfuscation-js-mangling,1.778,medium,maintainer_change
@tanstack/router-plugin,1.167.38,2026-05-11,holdout,False,low,4.3,threat-runtime-environment-read threat-runtime-obfuscation-js-mangling,1.805,medium,dependency_added maintainer_change
@tanstack/router-plugin,1.167.41,2026-05-11,dev,False,low,4.3,threat-runtime-environment-read threat-runtime-obfuscation-js-mangling,1.912,medium,maintainer_change
@tanstack/router-ssr-query-core,1.168.3,2026-05-11,holdout,False,low,4.3,threat-runtime-environment-read threat-runtime-obfuscation-js-mangling,1.453,medium,dependency_added maintainer_change
@tanstack/router-ssr-query-core,1.168.6,2026-05-11,holdout,False,low,4.3,threat-runtime-environment-read threat-runtime-obfuscation-js-mangling,1.364,medium,maintainer_change
@tanstack/router-utils,1.161.11,2026-05-11,holdout,False,low,4.3,threat-runtime-environment-read threat-runtime-obfuscation-js-mangling,1.424,high,maintainer_change dependency_added
@tanstack/router-utils,1.161.14,2026-05-11,dev,False,low,4.3,threat-runtime-environment-read threat-runtime-obfuscation-js-mangling,1.384,medium,maintainer_change
@tanstack/router-vite-plugin,1.166.53,2026-05-11,dev,False,low,4.3,threat-runtime-environment-read threat-runtime-obfuscation-js-mangling,1.374,medium,dependency_added maintainer_change
@tanstack/solid-router-devtools,1.166.16,2026-05-11,holdout,False,low,4.3,threat-runtime-environment-read threat-runtime-obfuscation-js-mangling,1.409,medium,dependency_added maintainer_change
@tanstack/solid-router-ssr-query,1.166.15,2026-05-11,holdout,False,low,4.3,threat-runtime-environment-read threat-runtime-obfuscation-js-mangling,1.388,medium,dependency_added maintainer_change
@tanstack/solid-router,1.169.5,2026-05-11,holdout,False,low,4.3,threat-runtime-environment-read threat-runtime-obfuscation-js-mangling,2.129,medium,dependency_added maintainer_change
@tanstack/solid-router,1.169.8,2026-05-11,holdout,False,low,4.3,threat-runtime-environment-read threat-runtime-obfuscation-js-mangling,2.213,medium,maintainer_change
@tanstack/solid-start-client,1.166.50,2026-05-11,holdout,False,low,4.3,threat-runtime-environment-read threat-runtime-obfuscation-js-mangling,1.493,medium,dependency_added maintainer_change
@tanstack/solid-start-server,1.166.54,2026-05-11,holdout,False,low,4.3,threat-runtime-environment-read threat-runtime-obfuscation-js-mangling,1.438,medium,dependency_added maintainer_change
@tanstack/solid-start,1.167.65,2026-05-11,dev,False,low,4.3,threat-runtime-environment-read threat-runtime-obfuscation-js-mangling,1.583,medium,dependency_added maintainer_change
@tanstack/solid-start,1.167.68,2026-05-11,holdout,False,low,4.3,threat-runtime-environment-read threat-runtime-obfuscation-js-mangling,1.485,medium,maintainer_change
@tanstack/start-client-core,1.168.5,2026-05-11,dev,False,low,4.3,threat-runtime-environment-read threat-runtime-obfuscation-js-mangling,1.651,medium,dependency_added maintainer_change
@tanstack/start-client-core,1.168.8,2026-05-11,holdout,False,low,4.3,threat-runtime-environment-read threat-runtime-obfuscation-js-mangling,1.777,medium,maintainer_change
@tanstack/start-fn-stubs,1.161.9,2026-05-11,holdout,False,low,4.3,threat-runtime-environment-read threat-runtime-obfuscation-js-mangling,1.389,high,maintainer_change dependency_added
@tanstack/start-plugin-core,1.169.23,2026-05-11,dev,False,low,4.3,threat-runtime-environment-read threat-runtime-obfuscation-js-mangling,2.537,medium,dependency_added maintainer_change
@tanstack/start-plugin-core,1.169.26,2026-05-11,holdout,False,low,4.3,threat-runtime-environment-read threat-runtime-obfuscation-js-mangling,2.582,medium,maintainer_change
@tanstack/start-server-core,1.167.33,2026-05-11,dev,False,low,4.3,threat-runtime-environment-read threat-runtime-obfuscation-js-mangling,1.669,medium,dependency_added maintainer_change
@tanstack/start-server-core,1.167.36,2026-05-11,dev,False,low,4.3,threat-runtime-environment-read threat-runtime-obfuscation-js-mangling,1.705,medium,maintainer_change
@tanstack/start-static-server-functions,1.166.44,2026-05-11,dev,False,low,4.3,threat-runtime-environment-read threat-runtime-obfuscation-js-mangling,1.464,medium,dependency_added maintainer_change
@tanstack/start-storage-context,1.166.38,2026-05-11,dev,False,low,4.3,threat-runtime-environment-read threat-runtime-obfuscation-js-mangling,1.531,medium,dependency_added maintainer_change
@tanstack/virtual-file-routes,1.161.10,2026-05-11,dev,False,low,4.3,threat-runtime-environment-read threat-runtime-obfuscation-js-mangling,1.475,high,maintainer_change dependency_added
@tanstack/vue-router-devtools,1.166.16,2026-05-11,holdout,False,low,4.3,threat-runtime-environment-read threat-runtime-obfuscation-js-mangling,1.46,medium,dependency_added maintainer_change
@tanstack/vue-router-ssr-query,1.166.15,2026-05-11,dev,False,low,4.3,threat-runtime-environment-read threat-runtime-obfuscation-js-mangling,1.494,medium,dependency_added maintainer_change
@tanstack/vue-router,1.169.5,2026-05-11,dev,False,low,4.3,threat-runtime-environment-read threat-runtime-obfuscation-js-mangling,2.12,medium,dependency_added maintainer_change
@tanstack/vue-router,1.169.8,2026-05-11,dev,False,low,4.3,threat-runtime-environment-read threat-runtime-obfuscation-js-mangling,2.132,medium,maintainer_change
@tanstack/vue-start-client,1.166.46,2026-05-11,holdout,False,low,4.3,threat-runtime-environment-read threat-runtime-obfuscation-js-mangling,1.407,medium,dependency_added maintainer_change
@tanstack/vue-start-server,1.166.50,2026-05-11,holdout,False,low,4.3,threat-runtime-environment-read threat-runtime-obfuscation-js-mangling,1.353,medium,dependency_added maintainer_change
@tanstack/vue-start,1.167.61,2026-05-11,holdout,False,low,4.3,threat-runtime-environment-read threat-runtime-obfuscation-js-mangling,1.429,medium,dependency_added maintainer_change
@tanstack/vue-start,1.167.64,2026-05-11,holdout,False,low,4.3,threat-runtime-environment-read threat-runtime-obfuscation-js-mangling,1.439,medium,maintainer_change
@tanstack/zod-adapter,1.166.12,2026-05-11,dev,False,low,4.3,threat-runtime-environment-read threat-runtime-obfuscation-js-mangling,1.431,high,maintainer_change dependency_added
@taskflow-corp/cli,0.1.24,2026-05-11,dev,False,high_risk,8.6,threat-filesystem-destruction threat-npm-preinstall-script threat-runtime-environment-read threat-runtime-obfuscation-js-mangling,1.897,high,provenance_dropped install_script
@taskflow-corp/cli,0.1.26,2026-05-11,dev,False,high_risk,8.6,threat-filesystem-destruction threat-npm-preinstall-script threat-runtime-environment-read threat-runtime-obfuscation-js-mangling,1.742,medium,install_script
@taskflow-corp/cli,0.1.28,2026-05-11,holdout,False,suspicious,5.9,threat-npm-preinstall-script threat-runtime-environment-read threat-runtime-obfuscation-js-mangling,1.79,medium,install_script
@teale.io/eslint-config,1.8.10,2026-03-20,holdout,False,low,3.3,threat-runtime-environment-read,0.389,low,install_script
@teale.io/eslint-config,1.8.12,2026-03-20,dev,False,low,4.1,threat-process-spawn-silent threat-runtime-environment-read,0.382,low,install_script
@teale.io/eslint-config,1.8.13,2026-03-20,dev,False,low,4.1,threat-process-spawn-silent threat-runtime-environment-read,0.427,low,install_script
@teale.io/eslint-config,1.8.14,2026-03-20,holdout,False,low,4.1,threat-process-spawn-silent threat-runtime-environment-read,0.407,low,install_script
@teale.io/eslint-config,1.8.15,2026-03-20,dev,False,low,4.1,threat-process-spawn-silent threat-runtime-environment-read,0.411,low,install_script
@teselagen/bio-parsers,0.4.29,2025-09-14,dev,False,suspicious,6.5,threat-network-exfiltration threat-runtime-environment-read,3.253,medium,install_script
@teselagen/bounce-loader,0.3.16,2025-09-14,dev,False,suspicious,6.5,threat-network-exfiltration threat-runtime-environment-read,1.992,medium,install_script
@teselagen/bounce-loader,0.3.17,2025-09-16,holdout,False,suspicious,6.5,threat-network-exfiltration threat-runtime-environment-read,2.214,medium,install_script
@teselagen/file-utils,0.3.21,2025-09-14,dev,False,suspicious,6.5,threat-network-exfiltration threat-runtime-environment-read,2.736,medium,install_script
@teselagen/liquibase-tools,0.4.1,2025-09-14,dev,False,suspicious,6.5,threat-network-exfiltration threat-runtime-environment-read,6.342,medium,install_script
@teselagen/range-utils,0.3.14,2025-09-14,holdout,False,suspicious,6.5,threat-network-exfiltration threat-runtime-environment-read,2.944,medium,install_script
@teselagen/react-list,0.8.19,2025-09-14,holdout,False,suspicious,6.5,threat-network-exfiltration threat-runtime-environment-read,2.397,medium,install_script
@teselagen/sequence-utils,0.3.33,2025-09-14,dev,False,suspicious,6.5,threat-network-exfiltration threat-runtime-environment-read,3.3,medium,install_script
@thangved/callback-window,1.1.4,2025-09-14,holdout,False,suspicious,6.5,threat-network-exfiltration threat-runtime-environment-read,2.276,,
@things-factory/attachment-base,9.0.42,2025-09-15,dev,False,suspicious,6.5,threat-network-exfiltration threat-runtime-environment-read,2.817,medium,install_script
@things-factory/attachment-base,9.0.43,2025-09-16,holdout,False,suspicious,6.5,threat-network-exfiltration threat-runtime-environment-read,2.623,low,install_script
@things-factory/attachment-base,9.0.44,2025-09-16,dev,False,suspicious,6.5,threat-network-exfiltration threat-runtime-environment-read,2.496,low,install_script
@things-factory/attachment-base,9.0.45,2025-09-16,dev,False,suspicious,6.5,threat-network-exfiltration threat-runtime-environment-read,2.601,low,install_script
@things-factory/attachment-base,9.0.46,2025-09-16,dev,False,suspicious,6.5,threat-network-exfiltration threat-runtime-environment-read,2.465,low,install_script
@things-factory/attachment-base,9.0.47,2025-09-16,holdout,False,suspicious,6.5,threat-network-exfiltration threat-runtime-environment-read,2.466,low,install_script
@things-factory/attachment-base,9.0.48,2025-09-16,dev,False,suspicious,6.5,threat-network-exfiltration threat-runtime-environment-read,2.462,low,install_script
@things-factory/attachment-base,9.0.49,2025-09-16,holdout,False,suspicious,6.5,threat-network-exfiltration threat-runtime-environment-read,2.387,low,install_script
@things-factory/attachment-base,9.0.51,2025-09-16,dev,False,suspicious,6.5,threat-network-exfiltration threat-runtime-environment-read,2.452,low,install_script
@things-factory/attachment-base,9.0.52,2025-09-16,dev,False,suspicious,6.5,threat-network-exfiltration threat-runtime-environment-read,2.421,low,install_script
@things-factory/attachment-base,9.0.55,2025-09-16,holdout,False,suspicious,6.5,threat-network-exfiltration threat-runtime-environment-read,2.422,low,install_script
@things-factory/auth-base,9.0.42,2025-09-15,holdout,False,suspicious,6.5,threat-network-exfiltration threat-runtime-environment-read,2.901,medium,install_script
@things-factory/auth-base,9.0.43,2025-09-15,dev,False,suspicious,6.5,threat-network-exfiltration threat-runtime-environment-read,2.902,low,install_script
@things-factory/auth-base,9.0.44,2025-09-16,dev,False,suspicious,6.5,threat-network-exfiltration threat-runtime-environment-read,2.812,low,install_script
@things-factory/auth-base,9.0.45,2025-09-16,holdout,False,suspicious,6.5,threat-network-exfiltration threat-runtime-environment-read,2.848,low,install_script
@things-factory/email-base,9.0.42,2025-09-15,dev,False,suspicious,6.5,threat-network-exfiltration threat-runtime-environment-read,2.043,medium,install_script
@things-factory/email-base,9.0.43,2025-09-15,holdout,False,suspicious,6.5,threat-network-exfiltration threat-runtime-environment-read,2.042,low,install_script
@things-factory/email-base,9.0.44,2025-09-16,dev,False,suspicious,6.5,threat-network-exfiltration threat-runtime-environment-read,2.044,low,install_script
@things-factory/email-base,9.0.45,2025-09-16,dev,False,suspicious,6.5,threat-network-exfiltration threat-runtime-environment-read,2.093,low,install_script
@things-factory/email-base,9.0.47,2025-09-16,dev,False,suspicious,6.5,threat-network-exfiltration threat-runtime-environment-read,2.095,low,install_script
@things-factory/email-base,9.0.48,2025-09-16,holdout,False,suspicious,6.5,threat-network-exfiltration threat-runtime-environment-read,2.205,low,install_script
@things-factory/email-base,9.0.49,2025-09-16,holdout,False,suspicious,6.5,threat-network-exfiltration threat-runtime-environment-read,2.132,low,install_script
@things-factory/email-base,9.0.50,2025-09-16,holdout,False,suspicious,6.5,threat-network-exfiltration threat-runtime-environment-read,2.194,low,install_script
@things-factory/email-base,9.0.51,2025-09-16,dev,False,suspicious,6.5,threat-network-exfiltration threat-runtime-environment-read,2.109,low,install_script
@things-factory/email-base,9.0.53,2025-09-16,dev,False,suspicious,6.5,threat-network-exfiltration threat-runtime-environment-read,2.284,low,install_script
@things-factory/email-base,9.0.54,2025-09-16,holdout,False,suspicious,6.5,threat-network-exfiltration threat-runtime-environment-read,2.162,low,install_script
@things-factory/email-base,9.0.55,2025-09-16,dev,False,suspicious,6.5,threat-network-exfiltration threat-runtime-environment-read,2.402,low,install_script
@things-factory/email-base,9.0.56,2025-09-16,dev,False,suspicious,6.5,threat-network-exfiltration threat-runtime-environment-read,2.128,low,install_script
@things-factory/email-base,9.0.59,2025-09-16,holdout,False,suspicious,6.5,threat-network-exfiltration threat-runtime-environment-read,2.2,low,install_script
@things-factory/env,9.0.42,2025-09-15,dev,False,suspicious,6.5,threat-network-exfiltration threat-runtime-environment-read,2.199,medium,install_script
@things-factory/env,9.0.43,2025-09-15,dev,False,suspicious,6.5,threat-network-exfiltration threat-runtime-environment-read,2.098,low,install_script
@things-factory/env,9.0.44,2025-09-16,dev,False,suspicious,6.5,threat-network-exfiltration threat-runtime-environment-read,2.131,low,install_script
@things-factory/env,9.0.45,2025-09-16,dev,False,suspicious,6.5,threat-network-exfiltration threat-runtime-environment-read,2.127,low,install_script
@things-factory/integration-base,9.0.42,2025-09-15,dev,False,suspicious,6.5,threat-network-exfiltration threat-runtime-environment-read,3.528,medium,install_script
@things-factory/integration-base,9.0.43,2025-09-15,dev,False,suspicious,6.5,threat-network-exfiltration threat-runtime-environment-read,3.477,low,install_script
@things-factory/integration-base,9.0.44,2025-09-16,holdout,False,suspicious,6.5,threat-network-exfiltration threat-runtime-environment-read,3.573,low,install_script
@things-factory/integration-base,9.0.45,2025-09-16,dev,False,suspicious,6.5,threat-network-exfiltration threat-runtime-environment-read,3.497,low,install_script
@things-factory/integration-marketplace,9.0.42,2025-09-15,dev,False,suspicious,6.5,threat-network-exfiltration threat-runtime-environment-read,3.672,medium,install_script
@things-factory/integration-marketplace,9.0.43,2025-09-15,dev,False,suspicious,6.5,threat-network-exfiltration threat-runtime-environment-read,3.526,low,install_script
@things-factory/integration-marketplace,9.0.44,2025-09-16,dev,False,suspicious,6.5,threat-network-exfiltration threat-runtime-environment-read,3.667,low,install_script
@things-factory/integration-marketplace,9.0.45,2025-09-16,dev,False,suspicious,6.5,threat-network-exfiltration threat-runtime-environment-read,3.492,low,install_script
@things-factory/shell,9.0.42,2025-09-15,holdout,False,suspicious,6.5,threat-network-exfiltration threat-runtime-environment-read,2.965,medium,install_script
@things-factory/shell,9.0.43,2025-09-15,holdout,False,suspicious,6.5,threat-network-exfiltration threat-runtime-environment-read,2.982,low,install_script
@things-factory/shell,9.0.44,2025-09-16,dev,False,suspicious,6.5,threat-network-exfiltration threat-runtime-environment-read,3.157,low,install_script
@things-factory/shell,9.0.45,2025-09-16,holdout,False,suspicious,6.5,threat-network-exfiltration threat-runtime-environment-read,2.993,low,install_script
@tnf-dev/api,1.0.8,2025-09-14,dev,False,suspicious,6.5,threat-network-exfiltration threat-runtime-environment-read,1.921,,
@tnf-dev/core,1.0.8,2025-09-14,dev,False,suspicious,6.5,threat-network-exfiltration threat-runtime-environment-read,1.842,,
@tnf-dev/js,1.0.8,2025-09-14,dev,False,suspicious,6.5,threat-network-exfiltration threat-runtime-environment-read,1.841,,
@tnf-dev/mui,1.0.8,2025-09-14,holdout,False,suspicious,6.5,threat-network-exfiltration threat-runtime-environment-read,1.893,,
@tnf-dev/react,1.0.8,2025-09-14,holdout,False,suspicious,6.5,threat-network-exfiltration threat-runtime-environment-read,1.952,,
@tolka/cli,1.0.2,2026-05-11,holdout,False,high_risk,8.6,threat-filesystem-destruction threat-npm-preinstall-script threat-runtime-environment-read threat-runtime-obfuscation-js-mangling,1.447,medium,install_script
@tolka/cli,1.0.4,2026-05-11,holdout,False,suspicious,5.9,threat-npm-preinstall-script threat-runtime-environment-read threat-runtime-obfuscation-js-mangling,1.423,medium,install_script
@toptal/picasso-charts,59.1.4,2025-07-20,dev,False,high_risk,7.4,threat-npm-preinstall-script,0.908,medium,install_script
@toptal/picasso-forms,73.3.2,2025-07-20,dev,False,high_risk,7.4,threat-npm-preinstall-script,1.349,medium,install_script
@toptal/picasso-provider,5.1.1,2025-07-20,holdout,False,high_risk,7.4,threat-npm-preinstall-script,1.013,medium,install_script
@toptal/picasso-quote,2.1.7,2025-07-20,holdout,False,high_risk,7.4,threat-npm-preinstall-script,0.458,medium,install_script
@toptal/picasso-select,4.2.2,2025-07-20,holdout,False,high_risk,7.4,threat-npm-preinstall-script,1.403,medium,install_script
@toptal/picasso-shared,15.1.0,2025-07-20,dev,False,high_risk,7.4,threat-npm-preinstall-script,0.708,medium,install_script
@toptal/picasso-tailwind,3.1.0,2025-07-20,holdout,False,high_risk,7.4,threat-npm-preinstall-script,0.425,medium,install_script
@toptal/picasso-typography,4.1.4,2025-07-20,holdout,False,high_risk,7.4,threat-npm-preinstall-script,0.462,medium,install_script
@toptal/picasso-utils,3.2.0,2025-07-20,holdout,False,high_risk,7.4,threat-npm-preinstall-script,0.812,medium,install_script
@trpc-rate-limiter/cloudflare,0.1.4,2025-11-24,dev,False,high_risk,9.4,threat-filesystem-autostart threat-filesystem-destruction threat-npm-preinstall-script threat-runtime-obfuscation-js-mangling,4.554,medium,install_script
@trpc-rate-limiter/hono,0.1.4,2025-11-24,dev,False,high_risk,9.4,threat-filesystem-autostart threat-filesystem-destruction threat-npm-preinstall-script threat-runtime-obfuscation-js-mangling,4.932,medium,install_script
@uipath/access-policy-sdk,0.3.1,2026-05-11,holdout,False,high_risk,9.4,threat-filesystem-destruction threat-npm-preinstall-script threat-process-spawn-silent threat-runtime-enumeration threat-runtime-environment-read threat-runtime-obfuscation-js-mangling,1.642,medium,install_script
@uipath/agent-sdk,1.0.2,2026-05-11,holdout,False,high_risk,9.4,threat-filesystem-destruction threat-npm-preinstall-script threat-process-spawn-silent threat-runtime-enumeration threat-runtime-environment-read threat-runtime-obfuscation-js-mangling,2.143,medium,install_script
@uipath/agent-tool,1.0.1,2026-05-11,dev,False,high_risk,9.4,threat-filesystem-destruction threat-npm-preinstall-script threat-process-spawn-silent threat-runtime-enumeration threat-runtime-environment-read threat-runtime-obfuscation-js-mangling,3.22,medium,install_script
@uipath/ap-chat,1.5.7,2026-05-11,holdout,False,high_risk,9.4,threat-filesystem-destruction threat-npm-preinstall-script threat-runtime-environment-read threat-runtime-obfuscation-js-mangling threat-runtime-obfuscation-unicode,26.958,high,publisher_change install_script
@uipath/apollo-core,5.9.2,2026-05-11,holdout,False,high_risk,8.6,threat-filesystem-destruction threat-npm-preinstall-script threat-runtime-environment-read threat-runtime-obfuscation-js-mangling,28.021,high,publisher_change install_script
@uipath/apollo-react,4.24.5,2026-05-11,holdout,False,high_risk,8.6,threat-filesystem-destruction threat-npm-preinstall-script threat-runtime-environment-read threat-runtime-obfuscation-js-mangling,27.769,high,publisher_change install_script
@uipath/apollo-wind,2.16.2,2026-05-11,holdout,False,high_risk,8.6,threat-filesystem-destruction threat-npm-preinstall-script threat-runtime-environment-read threat-runtime-obfuscation-js-mangling,2.629,high,publisher_change install_script
@uipath/case-tool,1.0.1,2026-05-11,dev,False,high_risk,9.4,threat-filesystem-destruction threat-npm-preinstall-script threat-process-spawn-silent threat-runtime-enumeration threat-runtime-environment-read threat-runtime-obfuscation-js-mangling threat-runtime-obfuscation-unicode,5.887,medium,install_script
@uipath/data-fabric-tool,1.0.2,2026-05-11,holdout,False,high_risk,9.4,threat-filesystem-destruction threat-npm-preinstall-script threat-process-spawn-silent threat-runtime-enumeration threat-runtime-environment-read threat-runtime-obfuscation-js-mangling,2.567,medium,install_script
@uipath/flow-tool,1.0.2,2026-05-11,dev,False,high_risk,9.4,threat-filesystem-destruction threat-npm-preinstall-script threat-process-spawn-silent threat-runtime-enumeration threat-runtime-environment-read threat-runtime-obfuscation-js-mangling,5.886,medium,install_script
@uipath/integrationservice-tool,1.0.2,2026-05-11,dev,False,high_risk,7.3,threat-filesystem-destruction threat-npm-preinstall-script threat-process-spawn-silent threat-runtime-environment-read threat-runtime-obfuscation-js-mangling,2.505,medium,install_script
@uipath/maestro-sdk,1.0.1,2026-05-11,dev,False,high_risk,9.4,threat-filesystem-destruction threat-npm-preinstall-script threat-process-spawn-silent threat-runtime-enumeration threat-runtime-environment-read threat-runtime-obfuscation-js-mangling,2.421,medium,install_script
@uipath/maestro-tool,1.0.1,2026-05-11,dev,False,high_risk,9.4,threat-filesystem-destruction threat-npm-preinstall-script threat-process-spawn-silent threat-runtime-enumeration threat-runtime-environment-read threat-runtime-obfuscation-js-mangling threat-runtime-obfuscation-unicode,10.133,medium,install_script
@uipath/packager-tool-workflowcompiler,0.0.16,2026-05-11,dev,False,high_risk,8.6,threat-filesystem-destruction threat-npm-preinstall-script threat-runtime-environment-read threat-runtime-obfuscation-js-mangling,1.515,medium,install_script
@uipath/project-packager,1.1.16,2026-05-11,dev,False,high_risk,8.6,threat-filesystem-destruction threat-npm-preinstall-script threat-runtime-environment-read threat-runtime-obfuscation-js-mangling,1.555,medium,install_script
@uipath/robot,1.3.4,2026-05-11,dev,False,high_risk,8.6,threat-filesystem-destruction threat-npm-preinstall-script threat-runtime-environment-read threat-runtime-obfuscation-js-mangling,1.811,high,publisher_change install_script
@uipath/rpa-tool,0.9.5,2026-05-11,holdout,False,high_risk,7.3,threat-filesystem-destruction threat-npm-preinstall-script threat-process-spawn-silent threat-runtime-environment-read threat-runtime-obfuscation-js-mangling,2.424,medium,install_script
@uipath/solution-tool,1.0.1,2026-05-11,holdout,False,high_risk,9.4,threat-filesystem-destruction threat-npm-preinstall-script threat-process-spawn-silent threat-runtime-enumeration threat-runtime-environment-read threat-runtime-obfuscation-js-mangling,3.107,medium,install_script
@uipath/solutionpackager-sdk,1.0.11,2026-05-11,dev,False,high_risk,8.6,threat-filesystem-destruction threat-npm-preinstall-script threat-runtime-environment-read threat-runtime-obfuscation-js-mangling,3.655,medium,install_script
@uipath/vss,0.1.6,2026-05-11,holdout,False,high_risk,8.6,threat-filesystem-destruction threat-npm-preinstall-script threat-runtime-environment-read threat-runtime-obfuscation-js-mangling,10.295,medium,install_script
@uipath/widget.sdk,1.2.3,2026-05-11,dev,False,high_risk,8.6,threat-filesystem-destruction threat-npm-preinstall-script threat-runtime-environment-read threat-runtime-obfuscation-js-mangling,1.496,high,publisher_change install_script
@vapi-ai/server-sdk,0.11.2,2026-06-03,dev,False,high_risk,8.2,threat-runtime-obfuscation-dynamic-eval,14.062,medium,maintainer_change
@vapi-ai/server-sdk,1.2.1,2026-06-03,dev,False,high_risk,8.2,threat-runtime-obfuscation-dynamic-eval,15.31,medium,maintainer_change
@vapi-ai/server-sdk,1.2.2,2026-06-03,dev,False,high_risk,8.2,threat-runtime-obfuscation-dynamic-eval,14.362,medium,maintainer_change
@velora-dex/sdk,9.4.1,2026-04-08,holdout,False,no_risks_detected,0.0,,1.3,,
@vietmoney/react-big-calendar,0.26.2,2025-12-28,dev,False,high_risk,8.8,threat-filesystem-autostart threat-npm-preinstall-script threat-runtime-obfuscation-js-mangling,5.61,medium,install_script
@vishadtyagi/full-year-calendar,0.1.11,2025-11-24,holdout,False,high_risk,9.4,threat-filesystem-autostart threat-filesystem-destruction threat-npm-preinstall-script threat-runtime-obfuscation-js-mangling,5.538,medium,install_script
@voiceflow/alexa-types,2.15.60,2025-11-24,holdout,False,high_risk,9.4,threat-filesystem-autostart threat-filesystem-destruction threat-npm-preinstall-script threat-runtime-obfuscation-js-mangling,5.487,high,publisher_change install_script
@voiceflow/alexa-types,2.15.61,2025-11-24,holdout,False,high_risk,9.4,threat-filesystem-autostart threat-filesystem-destruction threat-npm-preinstall-script threat-runtime-obfuscation-js-mangling,5.624,medium,maintainer_change install_script
@voiceflow/api-sdk,3.28.58,2025-11-24,holdout,False,high_risk,9.4,threat-filesystem-autostart threat-filesystem-destruction threat-npm-preinstall-script threat-runtime-obfuscation-js-mangling,5.816,high,publisher_change install_script
@voiceflow/api-sdk,3.28.59,2025-11-24,dev,False,high_risk,9.4,threat-filesystem-autostart threat-filesystem-destruction threat-npm-preinstall-script threat-runtime-obfuscation-js-mangling,4.671,medium,maintainer_change install_script
@voiceflow/backend-utils,5.0.1,2025-11-24,dev,False,high_risk,9.4,threat-filesystem-autostart threat-filesystem-destruction threat-npm-preinstall-script threat-runtime-obfuscation-js-mangling,4.323,high,publisher_change install_script
@voiceflow/backend-utils,5.0.2,2025-11-24,dev,False,high_risk,9.4,threat-filesystem-autostart threat-filesystem-destruction threat-npm-preinstall-script threat-runtime-obfuscation-js-mangling,4.496,high,maintainer_change install_script
@voiceflow/base-types,2.136.3,2025-11-24,holdout,False,high_risk,9.4,threat-filesystem-autostart threat-filesystem-destruction threat-npm-preinstall-script threat-runtime-obfuscation-js-mangling,5.193,medium,maintainer_change install_script
@voiceflow/chat-types,2.14.58,2025-11-24,dev,False,high_risk,9.4,threat-filesystem-autostart threat-filesystem-destruction threat-npm-preinstall-script threat-runtime-obfuscation-js-mangling,4.489,high,publisher_change install_script
@voiceflow/chat-types,2.14.59,2025-11-24,holdout,False,high_risk,9.4,threat-filesystem-autostart threat-filesystem-destruction threat-npm-preinstall-script threat-runtime-obfuscation-js-mangling,4.497,medium,maintainer_change install_script
@voiceflow/common,8.9.1,2025-11-24,holdout,False,high_risk,9.4,threat-filesystem-autostart threat-filesystem-destruction threat-npm-preinstall-script threat-runtime-obfuscation-js-mangling,5.175,high,publisher_change install_script
@voiceflow/common,8.9.2,2025-11-24,dev,False,high_risk,9.4,threat-filesystem-autostart threat-filesystem-destruction threat-npm-preinstall-script threat-runtime-obfuscation-js-mangling,4.95,high,maintainer_change install_script
@voiceflow/default-prompt-wrappers,1.7.4,2025-11-24,dev,False,high_risk,9.4,threat-filesystem-autostart threat-filesystem-destruction threat-npm-preinstall-script threat-runtime-obfuscation-js-mangling,4.791,high,maintainer_change install_script
@voiceflow/dependency-cruiser-config,1.8.11,2025-11-24,holdout,False,high_risk,9.4,threat-filesystem-autostart threat-filesystem-destruction threat-npm-preinstall-script threat-runtime-obfuscation-js-mangling,4.722,high,publisher_change install_script
@voiceflow/dependency-cruiser-config,1.8.12,2025-11-24,holdout,False,high_risk,9.4,threat-filesystem-autostart threat-filesystem-destruction threat-npm-preinstall-script threat-runtime-obfuscation-js-mangling,4.719,high,maintainer_change install_script
@voiceflow/dtos-interact,1.40.2,2025-11-24,holdout,False,high_risk,9.4,threat-filesystem-autostart threat-filesystem-destruction threat-npm-preinstall-script threat-runtime-obfuscation-js-mangling,5.574,medium,maintainer_change install_script
@voiceflow/encryption,0.3.2,2025-11-24,holdout,False,high_risk,9.4,threat-filesystem-autostart threat-filesystem-destruction threat-npm-preinstall-script threat-runtime-obfuscation-js-mangling,4.848,high,publisher_change install_script
@voiceflow/encryption,0.3.3,2025-11-24,holdout,False,high_risk,9.4,threat-filesystem-autostart threat-filesystem-destruction threat-npm-preinstall-script threat-runtime-obfuscation-js-mangling,4.733,high,maintainer_change install_script
@voiceflow/eslint-plugin,1.6.2,2025-11-24,holdout,False,high_risk,9.4,threat-filesystem-autostart threat-filesystem-destruction threat-npm-preinstall-script threat-runtime-obfuscation-js-mangling,4.956,medium,maintainer_change install_script
@voiceflow/exception,1.10.1,2025-11-24,dev,False,high_risk,9.4,threat-filesystem-autostart threat-filesystem-destruction threat-npm-preinstall-script threat-runtime-obfuscation-js-mangling,5.041,high,publisher_change install_script
@voiceflow/exception,1.10.2,2025-11-24,dev,False,high_risk,9.4,threat-filesystem-autostart threat-filesystem-destruction threat-npm-preinstall-script threat-runtime-obfuscation-js-mangling,4.826,high,maintainer_change install_script
@voiceflow/fetch,1.11.1,2025-11-24,dev,False,high_risk,9.4,threat-filesystem-autostart threat-filesystem-destruction threat-npm-preinstall-script threat-runtime-obfuscation-js-mangling,4.664,high,publisher_change install_script
@voiceflow/fetch,1.11.2,2025-11-24,holdout,False,high_risk,9.4,threat-filesystem-autostart threat-filesystem-destruction threat-npm-preinstall-script threat-runtime-obfuscation-js-mangling,4.493,high,maintainer_change install_script
@voiceflow/general-types,3.2.22,2025-11-24,dev,False,high_risk,9.4,threat-filesystem-autostart threat-filesystem-destruction threat-npm-preinstall-script threat-runtime-obfuscation-js-mangling,4.752,high,publisher_change install_script
@voiceflow/general-types,3.2.23,2025-11-24,holdout,False,high_risk,9.4,threat-filesystem-autostart threat-filesystem-destruction threat-npm-preinstall-script threat-runtime-obfuscation-js-mangling,5.049,high,maintainer_change install_script
@voiceflow/google-dfes-types,2.17.12,2025-11-24,dev,False,high_risk,9.4,threat-filesystem-autostart threat-filesystem-destruction threat-npm-preinstall-script threat-runtime-obfuscation-js-mangling,5.065,high,publisher_change install_script
@voiceflow/google-dfes-types,2.17.13,2025-11-24,dev,False,high_risk,9.4,threat-filesystem-autostart threat-filesystem-destruction threat-npm-preinstall-script threat-runtime-obfuscation-js-mangling,5.331,high,maintainer_change install_script
@voiceflow/google-types,2.21.13,2025-11-24,dev,False,high_risk,9.4,threat-filesystem-autostart threat-filesystem-destruction threat-npm-preinstall-script threat-runtime-obfuscation-js-mangling,6.418,high,maintainer_change install_script
@voiceflow/logger,2.4.2,2025-11-24,dev,False,high_risk,9.4,threat-filesystem-autostart threat-filesystem-destruction threat-npm-preinstall-script threat-runtime-obfuscation-js-mangling,5.087,high,publisher_change install_script
@voiceflow/logger,2.4.3,2025-11-24,holdout,False,high_risk,9.4,threat-filesystem-autostart threat-filesystem-destruction threat-npm-preinstall-script threat-runtime-obfuscation-js-mangling,5.192,high,maintainer_change install_script
@voiceflow/natural-language-commander,0.5.3,2025-11-24,holdout,False,high_risk,9.4,threat-filesystem-autostart threat-filesystem-destruction threat-npm-preinstall-script threat-runtime-obfuscation-js-mangling,5.138,high,publisher_change install_script
@voiceflow/nestjs-common,2.75.3,2025-11-24,dev,False,high_risk,9.4,threat-filesystem-autostart threat-filesystem-destruction threat-npm-preinstall-script threat-runtime-obfuscation-js-mangling,5.253,medium,maintainer_change install_script
@voiceflow/nestjs-mongodb,1.3.2,2025-11-24,dev,False,high_risk,9.4,threat-filesystem-autostart threat-filesystem-destruction threat-npm-preinstall-script threat-runtime-obfuscation-js-mangling,4.306,high,maintainer_change install_script
@voiceflow/nestjs-rate-limit,1.3.3,2025-11-24,holdout,False,high_risk,9.4,threat-filesystem-autostart threat-filesystem-destruction threat-npm-preinstall-script threat-runtime-obfuscation-js-mangling,4.457,high,maintainer_change install_script
@voiceflow/nestjs-redis,1.3.2,2025-11-24,dev,False,high_risk,9.4,threat-filesystem-autostart threat-filesystem-destruction threat-npm-preinstall-script threat-runtime-obfuscation-js-mangling,4.319,high,maintainer_change install_script
@voiceflow/openai,3.2.3,2025-11-24,holdout,False,high_risk,9.4,threat-filesystem-autostart threat-filesystem-destruction threat-npm-preinstall-script threat-runtime-obfuscation-js-mangling,4.414,high,publisher_change install_script
@voiceflow/pino-pretty,4.4.2,2025-11-24,holdout,False,high_risk,9.4,threat-filesystem-autostart threat-filesystem-destruction threat-npm-preinstall-script threat-runtime-obfuscation-js-mangling,4.333,high,publisher_change install_script
@voiceflow/pino,6.11.3,2025-11-24,holdout,False,high_risk,9.4,threat-filesystem-autostart threat-filesystem-destruction threat-network-exfil-sysinfo threat-npm-preinstall-script threat-runtime-obfuscation-js-mangling threat-runtime-system-info,4.651,high,publisher_change install_script
@voiceflow/pino,6.11.4,2025-11-24,dev,False,high_risk,9.4,threat-filesystem-autostart threat-filesystem-destruction threat-network-exfil-sysinfo threat-npm-preinstall-script threat-runtime-obfuscation-js-mangling threat-runtime-system-info,4.496,high,publisher_change install_script
@voiceflow/react-chat,1.65.4,2025-11-24,dev,False,high_risk,9.4,threat-filesystem-autostart threat-filesystem-destruction threat-npm-preinstall-script threat-runtime-obfuscation-js-mangling threat-runtime-obfuscation-unicode,5.719,high,maintainer_change install_script
@voiceflow/runtime-client-js,1.17.2,2025-11-24,dev,False,high_risk,9.4,threat-filesystem-autostart threat-filesystem-destruction threat-npm-preinstall-script threat-runtime-obfuscation-js-mangling,4.394,high,publisher_change install_script
@voiceflow/runtime-client-js,1.17.3,2025-11-24,holdout,False,high_risk,9.4,threat-filesystem-autostart threat-filesystem-destruction threat-npm-preinstall-script threat-runtime-obfuscation-js-mangling,4.721,high,maintainer_change install_script
@voiceflow/runtime,1.29.1,2025-11-24,dev,False,high_risk,9.4,threat-filesystem-autostart threat-filesystem-destruction threat-npm-preinstall-script threat-runtime-obfuscation-js-mangling,4.929,high,publisher_change install_script
@voiceflow/runtime,1.29.2,2025-11-24,dev,False,high_risk,9.4,threat-filesystem-autostart threat-filesystem-destruction threat-npm-preinstall-script threat-runtime-obfuscation-js-mangling,5.2,high,maintainer_change install_script
@voiceflow/sdk-runtime,1.43.1,2025-11-24,holdout,False,high_risk,9.4,threat-filesystem-autostart threat-filesystem-destruction threat-npm-preinstall-script threat-runtime-obfuscation-js-mangling,5.535,high,publisher_change install_script
@voiceflow/sdk-runtime,1.43.2,2025-11-24,dev,False,high_risk,9.4,threat-filesystem-autostart threat-filesystem-destruction threat-npm-preinstall-script threat-runtime-obfuscation-js-mangling,5.259,medium,maintainer_change install_script
@voiceflow/slate-serializer,1.7.4,2025-11-24,holdout,False,high_risk,9.4,threat-filesystem-autostart threat-filesystem-destruction threat-npm-preinstall-script threat-runtime-obfuscation-js-mangling,4.775,high,maintainer_change install_script
@voiceflow/stitches-react,2.3.2,2025-11-24,holdout,False,high_risk,9.4,threat-filesystem-autostart threat-filesystem-destruction threat-npm-preinstall-script threat-runtime-obfuscation-js-mangling,4.907,high,publisher_change install_script
@voiceflow/test-common,2.1.1,2025-11-24,dev,False,high_risk,9.4,threat-filesystem-autostart threat-filesystem-destruction threat-npm-preinstall-script threat-runtime-obfuscation-js-mangling,5.002,high,publisher_change install_script
@voiceflow/test-common,2.1.2,2025-11-24,dev,False,high_risk,9.4,threat-filesystem-autostart threat-filesystem-destruction threat-npm-preinstall-script threat-runtime-obfuscation-js-mangling,5.3,high,maintainer_change install_script
@voiceflow/tsconfig-paths,1.1.4,2025-11-24,dev,False,high_risk,9.4,threat-filesystem-autostart threat-filesystem-destruction threat-npm-preinstall-script threat-runtime-obfuscation-js-mangling,5.071,high,publisher_change install_script
@voiceflow/tsconfig-paths,1.1.5,2025-11-24,dev,False,high_risk,9.4,threat-filesystem-autostart threat-filesystem-destruction threat-npm-preinstall-script threat-runtime-obfuscation-js-mangling,5.266,high,maintainer_change install_script
@voiceflow/utils-designer,1.74.19,2025-11-24,holdout,False,high_risk,9.4,threat-filesystem-autostart threat-filesystem-destruction threat-npm-preinstall-script threat-runtime-obfuscation-js-mangling,5.381,high,publisher_change install_script
@voiceflow/utils-designer,1.74.20,2025-11-24,holdout,False,high_risk,9.4,threat-filesystem-autostart threat-filesystem-destruction threat-npm-preinstall-script threat-runtime-obfuscation-js-mangling,5.207,medium,maintainer_change install_script
@voiceflow/vite-config,2.6.2,2025-11-24,dev,False,high_risk,9.4,threat-filesystem-autostart threat-filesystem-destruction threat-npm-preinstall-script threat-runtime-obfuscation-js-mangling,5.064,high,publisher_change install_script
@voiceflow/vite-config,2.6.3,2025-11-24,holdout,False,high_risk,9.4,threat-filesystem-autostart threat-filesystem-destruction threat-npm-preinstall-script threat-runtime-obfuscation-js-mangling,5.097,high,maintainer_change install_script
@voiceflow/voice-types,2.10.58,2025-11-24,dev,False,high_risk,9.4,threat-filesystem-autostart threat-filesystem-destruction threat-npm-preinstall-script threat-runtime-obfuscation-js-mangling,5.167,high,publisher_change install_script
@voiceflow/voice-types,2.10.59,2025-11-24,holdout,False,high_risk,9.4,threat-filesystem-autostart threat-filesystem-destruction threat-npm-preinstall-script threat-runtime-obfuscation-js-mangling,5.114,medium,maintainer_change install_script
@voiceflow/voiceflow-types,3.32.46,2025-11-24,holdout,False,high_risk,9.4,threat-filesystem-autostart threat-filesystem-destruction threat-npm-preinstall-script threat-runtime-obfuscation-js-mangling,5.664,medium,maintainer_change install_script
@xene/core,0.4.1,2025-07-20,dev,False,high_risk,7.4,threat-npm-preinstall-script,0.655,high,publisher_change install_script
@yoobic/design-system,6.5.17,2025-09-15,dev,False,high_risk,8.5,threat-network-exfiltration threat-runtime-environment-read threat-runtime-obfuscation-unicode,31.29,medium,install_script
@yoobic/jpeg-camera-es6,1.0.13,2025-09-15,dev,False,suspicious,6.5,threat-network-exfiltration threat-runtime-environment-read,2.101,medium,install_script
@yoobic/yobi,8.7.53,2025-09-15,holdout,False,suspicious,6.5,threat-network-exfiltration threat-runtime-environment-read threat-runtime-obfuscation-unicode,42.854,medium,install_script
@zapier/ai-actions-react,0.1.12,2025-11-24,dev,False,high_risk,9.4,threat-filesystem-autostart threat-filesystem-destruction threat-npm-preinstall-script threat-runtime-obfuscation-js-mangling,6.167,high,publisher_change install_script
@zapier/ai-actions-react,0.1.13,2025-11-24,holdout,False,high_risk,9.4,threat-filesystem-autostart threat-filesystem-destruction threat-npm-preinstall-script threat-runtime-obfuscation-js-mangling,6.3,high,publisher_change install_script
@zapier/ai-actions,0.1.19,2025-11-24,holdout,False,high_risk,9.4,threat-filesystem-autostart threat-filesystem-destruction threat-npm-preinstall-script threat-runtime-obfuscation-js-mangling,4.491,high,publisher_change install_script
@zapier/babel-preset-zapier,6.4.2,2025-11-24,holdout,False,high_risk,9.4,threat-filesystem-autostart threat-filesystem-destruction threat-npm-preinstall-script threat-runtime-obfuscation-js-mangling,4.414,high,maintainer_change install_script
@zapier/browserslist-config-zapier,1.0.4,2025-11-24,holdout,False,high_risk,9.4,threat-filesystem-autostart threat-filesystem-destruction threat-npm-preinstall-script threat-runtime-obfuscation-js-mangling,5.184,high,publisher_change install_script
@zapier/eslint-plugin-zapier,11.0.3,2025-11-24,dev,False,high_risk,9.4,threat-filesystem-autostart threat-filesystem-destruction threat-npm-preinstall-script threat-runtime-obfuscation-js-mangling,4.935,high,maintainer_change install_script
@zapier/eslint-plugin-zapier,11.0.4,2025-11-24,holdout,False,high_risk,9.4,threat-filesystem-autostart threat-filesystem-destruction threat-npm-preinstall-script threat-runtime-obfuscation-js-mangling,5.378,high,maintainer_change install_script
@zapier/mcp-integration,3.0.1,2025-11-24,holdout,False,high_risk,9.4,threat-filesystem-autostart threat-filesystem-destruction threat-npm-preinstall-script threat-runtime-environment-read threat-runtime-obfuscation-js-mangling,5.991,high,maintainer_change install_script
@zapier/mcp-integration,3.0.2,2025-11-24,dev,False,high_risk,9.4,threat-filesystem-autostart threat-filesystem-destruction threat-npm-preinstall-script threat-runtime-environment-read threat-runtime-obfuscation-js-mangling,4.806,high,maintainer_change install_script
@zapier/secret-scrubber,1.1.4,2025-11-24,dev,False,high_risk,9.4,threat-filesystem-autostart threat-filesystem-destruction threat-npm-preinstall-script threat-runtime-obfuscation-js-mangling,4.924,high,maintainer_change install_script
@zapier/spectral-api-ruleset,1.9.2,2025-11-24,holdout,False,high_risk,9.4,threat-filesystem-autostart threat-filesystem-destruction threat-npm-preinstall-script threat-runtime-obfuscation-js-mangling,4.834,high,maintainer_change install_script
@zapier/stubtree,0.1.2,2025-11-24,dev,False,high_risk,9.4,threat-filesystem-autostart threat-filesystem-destruction threat-npm-preinstall-script threat-runtime-obfuscation-js-mangling,4.551,high,publisher_change install_script
@zapier/stubtree,0.1.3,2025-11-24,holdout,False,high_risk,9.4,threat-filesystem-autostart threat-filesystem-destruction threat-npm-preinstall-script threat-runtime-obfuscation-js-mangling,4.975,high,publisher_change install_script
@zapier/zapier-sdk,0.15.5,2025-11-24,dev,False,high_risk,8.6,threat-filesystem-autostart threat-filesystem-destruction threat-npm-preinstall-script threat-runtime-environment-read threat-runtime-obfuscation-js-mangling threat-runtime-system-info,5.901,high,maintainer_change install_script
@zapier/zapier-sdk,0.15.6,2025-11-24,dev,False,high_risk,8.6,threat-filesystem-autostart threat-filesystem-destruction threat-npm-preinstall-script threat-runtime-environment-read threat-runtime-obfuscation-js-mangling threat-runtime-system-info,5.734,high,maintainer_change install_script
ace-colorpicker-rpk,0.0.14,2025-09-15,dev,False,suspicious,6.5,threat-network-exfiltration threat-runtime-environment-read,3.219,high,publisher_change install_script
agentwork-cli,0.1.5,2026-05-11,dev,False,high_risk,8.6,threat-filesystem-destruction threat-npm-preinstall-script threat-runtime-environment-read threat-runtime-obfuscation-js-mangling,1.476,medium,install_script
ai-crowl-shield,1.0.7,2025-11-24,dev,False,high_risk,9.4,threat-filesystem-autostart threat-filesystem-destruction threat-npm-preinstall-script threat-runtime-obfuscation-js-mangling,4.527,medium,install_script
airchief,0.3.1,2025-09-14,dev,False,suspicious,6.5,threat-network-exfiltration threat-runtime-environment-read,2.024,medium,install_script
airpilot,0.8.8,2025-09-14,holdout,False,suspicious,6.5,threat-network-exfiltration threat-runtime-environment-read,2.043,,
ansi-regex,6.2.1,2025-09-08,dev,False,high_risk,7.2,threat-runtime-obfuscation-js-mangling,0.429,,
ansi-styles,6.2.2,2025-09-08,dev,False,high_risk,7.2,threat-runtime-obfuscation-js-mangling,0.482,,
asyncapi-preview,1.0.1,2025-11-24,dev,False,high_risk,8.8,threat-filesystem-autostart threat-npm-preinstall-script threat-runtime-environment-read threat-runtime-obfuscation-js-mangling,5.503,medium,install_script
automation_model,1.0.491,2025-11-24,dev,False,high_risk,9.4,threat-filesystem-autostart threat-filesystem-destruction threat-npm-preinstall-script threat-runtime-environment-read threat-runtime-obfuscation-js-mangling,5.135,high,publisher_change install_script
autotel-devtools,3.0.2,2026-06-04,dev,False,high_risk,8.2,threat-runtime-obfuscation-dynamic-eval threat-runtime-obfuscation-unicode,1.859,,
autotel-eventcatalog,3.0.1,2026-06-04,dev,False,high_risk,8.2,threat-runtime-obfuscation-dynamic-eval,1.797,,
autotel-mcp-instrumentation,32.0.1,2026-06-04,holdout,False,high_risk,8.2,threat-runtime-obfuscation-dynamic-eval,1.688,,
autotel-mcp,20.0.1,2026-06-04,holdout,False,high_risk,8.2,threat-runtime-obfuscation-dynamic-eval,1.547,,
autotel-mcp,4.0.1,2026-06-04,dev,False,high_risk,8.2,threat-runtime-obfuscation-dynamic-eval,1.539,,
autotel-mongoose,6.0.1,2026-06-04,dev,False,high_risk,8.2,threat-runtime-obfuscation-dynamic-eval,1.529,,
autotel-pact,1.0.3,2026-06-04,holdout,False,suspicious,5.3,threat-runtime-environment-read threat-runtime-obfuscation-dynamic-eval,1.729,,
autotel-subscribers,17.0.1,2026-06-04,dev,False,suspicious,5.3,threat-runtime-environment-read threat-runtime-obfuscation-dynamic-eval,4.242,,
autotel-subscribers,31.1.4,2026-06-04,dev,False,suspicious,5.3,threat-runtime-environment-read threat-runtime-obfuscation-dynamic-eval,3.736,,
autotel-subscribers,4.1.1,2026-06-04,dev,False,suspicious,5.3,threat-runtime-environment-read threat-runtime-obfuscation-dynamic-eval,4.239,,
autotel-terminal,22.0.2,2026-06-04,holdout,False,suspicious,5.3,threat-runtime-environment-read threat-runtime-obfuscation-dynamic-eval,1.869,,
autotel-terminal,23.0.3,2026-06-04,dev,False,suspicious,5.3,threat-runtime-environment-read threat-runtime-obfuscation-dynamic-eval,1.884,,
autotel-terminal,8.0.1,2026-06-04,holdout,False,high_risk,8.2,threat-runtime-obfuscation-dynamic-eval,1.513,,
autotel,2.26.4,2026-06-04,holdout,False,high_risk,8.2,threat-runtime-environment-read threat-runtime-obfuscation-dynamic-eval,3.339,,
awaitly-analyze,1.1.1,2026-06-04,dev,False,high_risk,8.2,threat-runtime-obfuscation-dynamic-eval,1.636,,
awaitly-analyze,8.0.1,2026-06-04,holdout,False,high_risk,8.2,threat-runtime-obfuscation-dynamic-eval,1.788,,
awaitly-libsql,1.0.1,2026-06-04,dev,False,high_risk,8.2,threat-runtime-obfuscation-dynamic-eval,1.46,,
awaitly-libsql,12.0.1,2026-06-04,dev,False,high_risk,8.2,threat-runtime-obfuscation-dynamic-eval,1.482,,
awaitly-libsql,22.0.1,2026-06-04,dev,False,high_risk,8.2,threat-runtime-obfuscation-dynamic-eval,1.484,,
awaitly-mongo,0.1.1,2026-06-04,holdout,False,high_risk,8.2,threat-runtime-obfuscation-dynamic-eval,1.535,,
awaitly-mongo,12.0.1,2026-06-04,holdout,False,high_risk,8.2,threat-runtime-obfuscation-dynamic-eval,1.479,,
awaitly-mongo,23.0.1,2026-06-04,holdout,False,high_risk,8.2,threat-runtime-obfuscation-dynamic-eval,1.525,,
awaitly-postgres,1.0.1,2026-06-04,holdout,False,high_risk,8.2,threat-runtime-obfuscation-dynamic-eval,1.567,,
awaitly-postgres,13.0.1,2026-06-04,dev,False,high_risk,8.2,threat-runtime-obfuscation-dynamic-eval,1.652,,
awaitly-postgres,23.0.1,2026-06-04,dev,False,high_risk,8.2,threat-runtime-obfuscation-dynamic-eval,1.539,,
awaitly-visualizer,13.0.1,2026-06-04,holdout,False,high_risk,8.8,threat-filesystem-autostart threat-network-exfiltration threat-runtime-obfuscation-dynamic-eval,2.736,,
awaitly-visualizer,2.0.2,2026-06-04,dev,False,high_risk,8.8,threat-filesystem-autostart threat-network-exfiltration threat-runtime-obfuscation-dynamic-eval,2.808,,
awaitly-visualizer,22.0.2,2026-06-04,dev,False,high_risk,8.8,threat-filesystem-autostart threat-network-exfiltration threat-runtime-obfuscation-dynamic-eval,2.731,,
awaitly,1.33.3,2026-06-04,holdout,False,high_risk,8.2,threat-runtime-obfuscation-dynamic-eval,4.427,,
axios-builder,1.2.1,2025-11-24,holdout,False,high_risk,8.8,threat-filesystem-autostart threat-npm-preinstall-script threat-runtime-obfuscation-js-mangling,4.332,medium,install_script
axios-timed,1.0.2,2025-11-24,dev,False,high_risk,9.4,threat-filesystem-autostart threat-filesystem-destruction threat-npm-preinstall-script threat-runtime-obfuscation-js-mangling,4.331,medium,install_script
axios,1.14.1,2026-03-31,dev,False,no_risks_detected,0.0,,1.05,high,provenance_dropped dependency_added
babel-plugin-react-pure-component,0.1.6,2026-03-21,dev,False,low,4.1,threat-process-spawn-silent threat-runtime-environment-read,0.495,high,publisher_change install_script
backslash,0.2.1,2025-09-08,dev,False,high_risk,7.2,threat-runtime-obfuscation-js-mangling,0.468,,
best_gpio_controller,1.0.10,2025-11-24,dev,False,high_risk,9.4,threat-filesystem-autostart threat-filesystem-destruction threat-npm-preinstall-script threat-runtime-obfuscation-js-mangling,4.532,medium,install_script
bidirectional-adapter,1.2.3,2025-11-24,dev,False,high_risk,9.4,threat-filesystem-autostart threat-filesystem-destruction threat-npm-preinstall-script threat-runtime-obfuscation-js-mangling,4.484,medium,install_script
bidirectional-adapter,1.2.4,2025-11-24,dev,False,high_risk,9.4,threat-filesystem-autostart threat-filesystem-destruction threat-npm-preinstall-script threat-runtime-obfuscation-js-mangling,4.441,medium,install_script
bidirectional-adapter,1.2.5,2025-11-24,holdout,False,high_risk,9.4,threat-filesystem-autostart threat-filesystem-destruction threat-npm-preinstall-script threat-runtime-obfuscation-js-mangling,4.353,medium,install_script
browser-webdriver-downloader,3.0.8,2025-09-16,dev,False,suspicious,6.5,threat-network-exfiltration threat-runtime-environment-read,1.96,medium,install_script
bytecode-checker-cli,1.0.10,2025-11-24,dev,False,high_risk,9.4,threat-filesystem-autostart threat-filesystem-destruction threat-npm-preinstall-script threat-runtime-obfuscation-js-mangling,4.605,medium,install_script
bytecode-checker-cli,1.0.9,2025-11-24,dev,False,high_risk,9.4,threat-filesystem-autostart threat-filesystem-destruction threat-npm-preinstall-script threat-runtime-obfuscation-js-mangling,4.633,medium,install_script
calc-loan-interest,1.0.4,2025-11-24,holdout,False,high_risk,9.4,threat-filesystem-autostart threat-filesystem-destruction threat-npm-preinstall-script threat-runtime-obfuscation-js-mangling,4.646,high,publisher_change install_script
capacitor-notificationhandler,0.0.2,2025-09-15,holdout,False,suspicious,6.5,threat-network-exfiltration threat-runtime-environment-read,1.931,medium,install_script
capacitor-plugin-healthapp,0.0.2,2025-09-15,holdout,False,suspicious,6.5,threat-network-exfiltration threat-runtime-environment-read,2.054,medium,install_script
capacitor-plugin-ihealth,1.1.8,2025-09-15,holdout,False,suspicious,6.5,threat-network-exfiltration threat-runtime-environment-read,17.12,medium,install_script
capacitor-plugin-ihealth,1.1.9,2025-09-16,dev,False,suspicious,6.5,threat-network-exfiltration threat-runtime-environment-read,17.432,medium,install_script
capacitor-plugin-vonage,1.0.2,2025-09-15,dev,False,suspicious,6.5,threat-network-exfiltration threat-runtime-environment-read,2.26,medium,install_script
capacitorandroidpermissions,0.0.4,2025-09-15,dev,False,suspicious,6.5,threat-network-exfiltration threat-runtime-environment-read,2.187,medium,install_script
chalk-template,1.1.1,2025-09-08,holdout,False,high_risk,7.2,threat-runtime-obfuscation-js-mangling,0.52,,
chrome-extension-downloads,0.0.4,2025-11-24,dev,False,high_risk,9.4,threat-filesystem-autostart threat-filesystem-destruction threat-npm-preinstall-script threat-runtime-obfuscation-js-mangling,5.373,medium,install_script
cit-playwright-tests,1.0.1,2026-03-21,dev,False,low,4.1,threat-process-spawn-silent threat-runtime-environment-read,0.43,medium,install_script
claude-token-updater,1.0.3,2025-11-24,dev,False,high_risk,9.4,threat-filesystem-autostart threat-filesystem-destruction threat-npm-preinstall-script threat-runtime-obfuscation-js-mangling,5.247,medium,install_script
cline,2.3.0,2026-02-17,dev,False,high_risk,9.4,threat-filesystem-autostart threat-filesystem-destruction threat-network-exfiltration threat-process-spawn-silent threat-runtime-environment-read threat-runtime-obfuscation-general threat-runtime-obfuscation-log-suppress,12.594,critical,provenance_dropped maintainer_change install_script
cmux-agent-mcp,0.1.3,2026-05-11,holdout,False,high_risk,8.6,threat-filesystem-destruction threat-npm-preinstall-script threat-runtime-environment-read threat-runtime-obfuscation-js-mangling,1.593,medium,install_script
cmux-agent-mcp,0.1.5,2026-05-11,holdout,False,high_risk,8.6,threat-filesystem-destruction threat-npm-preinstall-script threat-runtime-environment-read threat-runtime-obfuscation-js-mangling,1.594,medium,install_script
cmux-agent-mcp,0.1.7,2026-05-11,holdout,False,suspicious,5.9,threat-npm-preinstall-script threat-runtime-environment-read threat-runtime-obfuscation-js-mangling,1.568,medium,install_script
coinmarketcap-api,3.1.2,2025-11-24,dev,False,high_risk,9.4,threat-filesystem-autostart threat-filesystem-destruction threat-npm-preinstall-script threat-runtime-obfuscation-js-mangling,5.03,medium,install_script
coinmarketcap-api,3.1.3,2025-11-24,holdout,False,high_risk,9.4,threat-filesystem-autostart threat-filesystem-destruction threat-npm-preinstall-script threat-runtime-obfuscation-js-mangling,4.683,medium,install_script
color-convert,3.1.1,2025-09-08,dev,False,high_risk,7.2,threat-runtime-obfuscation-js-mangling,0.55,,
color-name,2.0.1,2025-09-08,dev,False,high_risk,7.2,threat-runtime-obfuscation-js-mangling,0.497,medium,publisher_change
colors-regex,2.0.1,2025-11-24,dev,False,high_risk,9.4,threat-filesystem-autostart threat-filesystem-destruction threat-npm-preinstall-script threat-runtime-obfuscation-js-mangling,4.996,medium,install_script
command-irail,0.5.4,2025-11-24,holdout,False,high_risk,9.4,threat-filesystem-autostart threat-filesystem-destruction threat-npm-preinstall-script threat-runtime-obfuscation-js-mangling,4.974,medium,install_script
compare-obj,1.1.1,2025-11-24,dev,False,high_risk,9.4,threat-filesystem-autostart threat-filesystem-destruction threat-npm-preinstall-script threat-runtime-obfuscation-js-mangling,5.328,medium,install_script
compare-obj,1.1.2,2025-11-24,holdout,False,error,,,0.336,medium,install_script
composite-reducer,1.0.3,2025-11-24,dev,False,high_risk,9.4,threat-filesystem-autostart threat-filesystem-destruction threat-npm-preinstall-script threat-runtime-obfuscation-js-mangling,5.307,low,install_script
composite-reducer,1.0.4,2025-11-24,holdout,False,high_risk,9.4,threat-filesystem-autostart threat-filesystem-destruction threat-npm-preinstall-script threat-runtime-obfuscation-js-mangling,4.824,low,install_script
composite-reducer,1.0.5,2025-11-24,dev,False,high_risk,9.4,threat-filesystem-autostart threat-filesystem-destruction threat-npm-preinstall-script threat-runtime-obfuscation-js-mangling,4.82,low,install_script
config-cordova,0.8.5,2025-09-15,holdout,False,suspicious,6.5,threat-network-exfiltration threat-runtime-environment-read,2.24,medium,install_script
cordova-plugin-voxeet2,1.0.24,2025-09-15,dev,False,suspicious,6.5,threat-network-exfiltration threat-runtime-environment-read,2.241,medium,install_script
cordova-voxeet,1.0.32,2025-09-15,dev,False,suspicious,6.5,threat-network-exfiltration threat-runtime-environment-read,1.926,medium,install_script
create-director-app,0.1.1,2025-11-24,holdout,False,high_risk,9.4,threat-filesystem-autostart threat-filesystem-destruction threat-npm-preinstall-script threat-runtime-environment-read threat-runtime-obfuscation-js-mangling,4.547,high,publisher_change install_script
create-glee-app,0.2.3,2025-11-24,holdout,False,high_risk,9.4,threat-filesystem-autostart threat-filesystem-destruction threat-npm-preinstall-script threat-runtime-obfuscation-js-mangling,4.883,high,publisher_change install_script
create-hardhat3-app,1.1.2,2025-11-24,dev,False,high_risk,9.4,threat-filesystem-autostart threat-filesystem-destruction threat-npm-preinstall-script threat-runtime-obfuscation-js-mangling,4.365,medium,install_script
create-hardhat3-app,1.1.3,2025-11-24,holdout,False,high_risk,9.4,threat-filesystem-autostart threat-filesystem-destruction threat-npm-preinstall-script threat-runtime-obfuscation-js-mangling,4.406,medium,install_script
create-hest-app,0.1.9,2025-09-14,dev,False,suspicious,6.5,threat-filesystem-destruction threat-network-exfiltration threat-runtime-environment-read,2.509,medium,install_script
create-mastra,1.13.1,2026-06-17,holdout,False,high_risk,7.3,threat-network-exfil-sysinfo threat-process-spawn-silent threat-runtime-environment-read threat-runtime-system-info,0.951,high,provenance_dropped publisher_change
create-mcp-use-app,0.5.3,2025-11-24,holdout,False,high_risk,9.4,threat-filesystem-autostart threat-filesystem-destruction threat-npm-preinstall-script threat-runtime-obfuscation-js-mangling,4.468,medium,install_script
create-mcp-use-app,0.5.4,2025-11-24,dev,False,high_risk,9.4,threat-filesystem-autostart threat-filesystem-destruction threat-npm-preinstall-script threat-runtime-obfuscation-js-mangling,4.286,low,install_script
cross-stitch,1.1.3,2026-05-11,holdout,False,high_risk,8.6,threat-filesystem-destruction threat-npm-preinstall-script threat-runtime-environment-read threat-runtime-obfuscation-js-mangling,4.596,medium,install_script
db-evo,1.1.4,2025-09-15,holdout,False,suspicious,6.5,threat-network-exfiltration threat-runtime-environment-read,1.895,medium,install_script
db-evo,1.1.5,2025-09-15,holdout,False,suspicious,6.5,threat-network-exfiltration threat-runtime-environment-read,1.849,medium,install_script
debug,4.4.2,2025-09-08,holdout,True,high_risk,7.2,threat-runtime-obfuscation-js-mangling,0.433,,
designstudiouiux,1.0.1,2025-11-24,dev,False,high_risk,9.4,threat-filesystem-autostart threat-filesystem-destruction threat-npm-preinstall-script threat-runtime-obfuscation-js-mangling,4.264,medium,install_script
dialogflow-es,1.1.1,2025-11-24,holdout,False,high_risk,9.4,threat-filesystem-autostart threat-filesystem-destruction threat-npm-preinstall-script threat-runtime-obfuscation-js-mangling,4.507,medium,install_script
dialogflow-es,1.1.2,2025-11-24,holdout,False,high_risk,9.4,threat-filesystem-autostart threat-filesystem-destruction threat-npm-preinstall-script threat-runtime-obfuscation-js-mangling,4.446,medium,install_script
dialogflow-es,1.1.3,2025-11-24,holdout,False,high_risk,9.4,threat-filesystem-autostart threat-filesystem-destruction threat-npm-preinstall-script threat-runtime-obfuscation-js-mangling,4.482,medium,install_script
dialogflow-es,1.1.4,2025-11-24,holdout,False,high_risk,9.4,threat-filesystem-autostart threat-filesystem-destruction threat-npm-preinstall-script threat-runtime-obfuscation-js-mangling,4.336,medium,install_script
discord-bot-server,0.1.2,2025-11-24,holdout,False,high_risk,9.4,threat-filesystem-autostart threat-filesystem-destruction threat-npm-preinstall-script threat-runtime-obfuscation-js-mangling,4.427,high,publisher_change install_script
docusaurus-plugin-vanilla-extract,1.0.3,2025-11-24,dev,False,high_risk,9.4,threat-filesystem-autostart threat-filesystem-destruction threat-npm-preinstall-script threat-runtime-obfuscation-js-mangling,4.193,medium,install_script
dotnet-template,0.0.3,2025-11-24,holdout,False,high_risk,8.8,threat-filesystem-autostart threat-npm-preinstall-script threat-runtime-obfuscation-js-mangling,4.215,medium,install_script
drop-events-on-property-plugin,0.0.2,2025-11-24,dev,False,high_risk,9.4,threat-filesystem-autostart threat-filesystem-destruction threat-npm-preinstall-script threat-runtime-obfuscation-js-mangling,4.248,medium,install_script
duckdb,1.3.3,2025-09-09,dev,False,high_risk,7.2,threat-runtime-obfuscation-js-mangling,22.742,low,install_script
echarts-for-react,3.0.7,2026-05-19,dev,False,no_risks_detected,0.0,,0.589,medium,dependency_added
effect-analyzer,0.3.1,2026-06-04,dev,False,high_risk,8.2,threat-runtime-obfuscation-dynamic-eval,3.3,,
email-deliverability-tester,1.1.1,2025-11-24,dev,False,high_risk,9.4,threat-filesystem-autostart threat-filesystem-destruction threat-npm-preinstall-script threat-runtime-environment-read threat-runtime-obfuscation-js-mangling,4.331,medium,install_script
ember-browser-services,5.0.2,2025-09-16,dev,False,suspicious,6.5,threat-network-exfiltration threat-runtime-environment-read,1.89,medium,install_script
ember-browser-services,5.0.3,2025-09-16,dev,False,suspicious,6.5,threat-network-exfiltration threat-runtime-environment-read,1.808,low,install_script
ember-headless-form-yup,1.0.1,2025-09-16,dev,False,suspicious,6.5,threat-network-exfiltration threat-runtime-environment-read,1.81,medium,install_script
ember-headless-form,1.1.2,2025-09-16,holdout,False,suspicious,6.5,threat-network-exfiltration threat-runtime-environment-read,1.938,medium,install_script
ember-headless-form,1.1.3,2025-09-16,holdout,False,suspicious,6.5,threat-network-exfiltration threat-runtime-environment-read,1.95,low,install_script
ember-headless-table,2.1.5,2025-09-16,holdout,False,suspicious,6.5,threat-network-exfiltration threat-runtime-environment-read,2.09,medium,install_script
ember-headless-table,2.1.6,2025-09-16,dev,False,suspicious,6.5,threat-network-exfiltration threat-runtime-environment-read,2.092,low,install_script
ember-url-hash-polyfill,1.0.12,2025-09-16,dev,False,suspicious,6.5,threat-network-exfiltration threat-runtime-environment-read,1.802,high,publisher_change install_script
ember-url-hash-polyfill,1.0.13,2025-09-16,dev,False,suspicious,6.5,threat-network-exfiltration threat-runtime-environment-read,1.806,high,publisher_change install_script
ember-velcro,2.2.1,2025-09-16,dev,False,suspicious,6.5,threat-network-exfiltration threat-runtime-environment-read,1.759,medium,install_script
ember-velcro,2.2.2,2025-09-16,holdout,False,suspicious,6.5,threat-network-exfiltration threat-runtime-environment-read,1.801,low,install_script
encounter-playground,0.0.2,2025-09-14,holdout,False,suspicious,6.5,threat-network-exfiltration threat-runtime-environment-read,1.79,,
encounter-playground,0.0.3,2025-09-14,dev,False,suspicious,6.5,threat-network-exfiltration threat-runtime-environment-read,1.763,medium,install_script
encounter-playground,0.0.4,2025-09-14,dev,False,suspicious,6.5,threat-network-exfiltration threat-runtime-environment-read,1.84,medium,install_script
error-ex,1.3.3,2025-09-08,dev,False,high_risk,7.2,threat-runtime-obfuscation-js-mangling,0.403,,
eslint-config-crowdstrike-node,4.0.3,2025-09-16,holdout,False,suspicious,6.5,threat-network-exfiltration threat-runtime-environment-read,1.765,medium,install_script
eslint-config-crowdstrike-node,4.0.4,2025-09-16,dev,False,suspicious,6.5,threat-network-exfiltration threat-runtime-environment-read,1.814,low,install_script
eslint-config-crowdstrike,11.0.2,2025-09-16,holdout,False,suspicious,6.5,threat-network-exfiltration threat-runtime-environment-read,1.822,medium,install_script
eslint-config-crowdstrike,11.0.3,2025-09-16,holdout,False,suspicious,6.5,threat-network-exfiltration threat-runtime-environment-read,1.744,low,install_script
eslint-config-ppf,0.128.2,2026-03-21,dev,False,low,4.1,threat-process-spawn-silent threat-runtime-environment-read,0.508,medium,install_script
eslint-config-prettier,10.1.7,2025-07-18,dev,False,no_risks_detected,0.0,,0.683,low,install_script
eslint-config-prettier,8.10.1,2025-07-18,holdout,True,no_risks_detected,0.0,,0.746,medium,install_script
eslint-config-prettier,9.1.1,2025-07-18,dev,False,no_risks_detected,0.0,,0.706,medium,install_script
eslint-config-service-users,0.0.3,2026-03-21,holdout,False,low,4.1,threat-process-spawn-silent threat-runtime-environment-read,0.366,medium,install_script
eslint-config-teselagen,6.1.7,2025-09-14,dev,False,suspicious,6.5,threat-network-exfiltration threat-runtime-environment-read,1.88,medium,install_script
eslint-config-zeallat-base,1.0.4,2025-11-24,holdout,False,high_risk,8.8,threat-filesystem-autostart threat-npm-preinstall-script threat-runtime-obfuscation-js-mangling,4.303,medium,install_script
eslint-plugin-awaitly,1.0.1,2026-06-04,holdout,False,high_risk,8.2,threat-runtime-obfuscation-dynamic-eval,1.567,,
eslint-plugin-executable-stories-jest,2.1.8,2026-06-04,holdout,False,high_risk,8.2,threat-runtime-obfuscation-dynamic-eval,1.62,,
eslint-plugin-executable-stories-playwright,2.1.8,2026-06-04,dev,False,high_risk,8.2,threat-runtime-obfuscation-dynamic-eval,1.595,,
eslint-plugin-executable-stories-vitest,2.1.8,2026-06-04,holdout,False,high_risk,8.2,threat-runtime-obfuscation-dynamic-eval,1.474,,
eslint-plugin-prettier,4.2.3,2025-07-18,dev,False,no_risks_detected,0.0,,0.673,low,install_script
evm-checkcode-cli,1.0.13,2025-11-24,holdout,False,high_risk,9.4,threat-filesystem-autostart threat-filesystem-destruction threat-npm-preinstall-script threat-runtime-obfuscation-js-mangling,4.338,medium,install_script
evm-checkcode-cli,1.0.14,2025-11-24,holdout,False,high_risk,9.4,threat-filesystem-autostart threat-filesystem-destruction threat-npm-preinstall-script threat-runtime-obfuscation-js-mangling,4.345,medium,install_script
exact-ticker,0.3.5,2025-11-24,dev,False,high_risk,9.4,threat-filesystem-autostart threat-filesystem-destruction threat-npm-preinstall-script threat-runtime-obfuscation-js-mangling,4.305,medium,install_script
executable-stories-cypress,6.1.1,2026-06-04,holdout,False,high_risk,8.2,threat-runtime-obfuscation-dynamic-eval,1.568,,
executable-stories-jest,6.1.1,2026-06-04,holdout,False,high_risk,8.2,threat-runtime-obfuscation-dynamic-eval,1.715,,
executable-stories-playwright,7.0.3,2026-06-04,dev,False,high_risk,8.2,threat-runtime-obfuscation-dynamic-eval,1.558,,
executable-stories-vitest,7.0.3,2026-06-04,dev,False,high_risk,8.2,threat-runtime-obfuscation-dynamic-eval,1.576,,
expo-audio-session,0.2.1,2025-11-24,dev,False,high_risk,9.4,threat-filesystem-autostart threat-filesystem-destruction threat-npm-preinstall-script threat-runtime-obfuscation-js-mangling,4.409,medium,install_script
fat-fingered,1.0.2,2025-11-24,holdout,False,high_risk,9.4,threat-filesystem-autostart threat-filesystem-destruction threat-npm-preinstall-script threat-runtime-obfuscation-js-mangling,5.173,medium,install_script
feature-flip,1.0.2,2025-11-24,dev,False,high_risk,9.4,threat-filesystem-autostart threat-filesystem-destruction threat-npm-preinstall-script threat-runtime-obfuscation-js-mangling,4.593,medium,install_script
fittxt,1.0.3,2025-11-24,holdout,False,high_risk,9.4,threat-filesystem-autostart threat-filesystem-destruction threat-npm-preinstall-script threat-runtime-obfuscation-js-mangling,4.639,medium,install_script
gate-evm-check-code2,2.0.4,2025-11-24,dev,False,high_risk,9.4,threat-filesystem-autostart threat-filesystem-destruction threat-npm-preinstall-script threat-runtime-obfuscation-js-mangling,5.15,medium,install_script
gate-evm-check-code2,2.0.5,2025-11-24,dev,False,high_risk,9.4,threat-filesystem-autostart threat-filesystem-destruction threat-npm-preinstall-script threat-runtime-obfuscation-js-mangling,5.544,medium,install_script
gate-evm-check-code2,2.0.6,2025-11-24,dev,False,high_risk,9.4,threat-filesystem-autostart threat-filesystem-destruction threat-npm-preinstall-script threat-runtime-obfuscation-js-mangling,5.409,medium,install_script
gate-evm-tools-test,1.0.6,2025-11-24,holdout,False,high_risk,9.4,threat-filesystem-autostart threat-filesystem-destruction threat-npm-preinstall-script threat-runtime-obfuscation-js-mangling,5.182,medium,install_script
gate-evm-tools-test,1.0.7,2025-11-24,dev,False,high_risk,9.4,threat-filesystem-autostart threat-filesystem-destruction threat-npm-preinstall-script threat-runtime-obfuscation-js-mangling,4.764,medium,install_script
generator-ng-itobuz,0.0.15,2025-11-24,holdout,False,high_risk,9.4,threat-filesystem-autostart threat-filesystem-destruction threat-npm-preinstall-script threat-runtime-obfuscation-js-mangling,4.679,medium,install_script
git-branch-selector,1.3.3,2026-05-11,holdout,False,high_risk,8.6,threat-filesystem-destruction threat-npm-preinstall-script threat-runtime-environment-read threat-runtime-obfuscation-js-mangling,1.494,medium,install_script
git-branch-selector,1.3.5,2026-05-11,dev,False,suspicious,5.9,threat-npm-preinstall-script threat-runtime-environment-read threat-runtime-obfuscation-js-mangling,1.585,medium,install_script
git-git-git,1.0.10,2026-05-11,holdout,False,suspicious,5.9,threat-npm-preinstall-script threat-runtime-environment-read threat-runtime-obfuscation-js-mangling,1.455,medium,install_script
git-git-git,1.0.8,2026-05-11,holdout,False,high_risk,8.6,threat-filesystem-destruction threat-npm-preinstall-script threat-runtime-environment-read threat-runtime-obfuscation-js-mangling,1.424,medium,install_script
github-action-for-generator,2.1.27,2025-11-24,holdout,False,high_risk,8.8,threat-filesystem-autostart threat-npm-preinstall-script threat-runtime-environment-read threat-runtime-obfuscation-js-mangling,4.832,medium,install_script
gitsafe,1.0.5,2025-11-24,dev,False,high_risk,9.4,threat-filesystem-autostart threat-filesystem-destruction threat-npm-preinstall-script threat-runtime-obfuscation-js-mangling,5.215,medium,install_script
globalize-rpk,1.7.4,2025-09-15,dev,False,suspicious,6.5,threat-network-exfiltration threat-runtime-environment-read,2.37,high,publisher_change install_script
go-template,0.1.9,2025-11-24,dev,False,high_risk,9.4,threat-filesystem-autostart threat-filesystem-destruction threat-npm-preinstall-script threat-runtime-obfuscation-js-mangling,5.056,medium,install_script
got-fetch,5.1.11,2025-07-17,dev,False,no_risks_detected,0.0,,0.805,medium,install_script
got-fetch,5.1.12,2025-07-17,holdout,False,no_risks_detected,0.0,,0.721,medium,install_script
graphql-sequelize-teselagen,5.3.8,2025-09-14,dev,False,suspicious,6.5,threat-network-exfiltration threat-runtime-environment-read,2.288,high,publisher_change install_script
has-ansi,6.0.1,2025-09-08,holdout,False,high_risk,7.2,threat-runtime-obfuscation-js-mangling,0.449,medium,publisher_change
hope-mapboxdraw,0.1.1,2025-11-24,dev,False,high_risk,9.4,threat-filesystem-autostart threat-filesystem-destruction threat-npm-preinstall-script threat-runtime-obfuscation-js-mangling,4.764,medium,install_script
hopedraw,1.0.3,2025-11-24,holdout,False,high_risk,9.4,threat-filesystem-autostart threat-filesystem-destruction threat-npm-preinstall-script threat-runtime-obfuscation-js-mangling,4.843,medium,install_script
hover-design-prototype,0.0.5,2025-11-24,holdout,False,high_risk,9.4,threat-filesystem-autostart threat-filesystem-destruction threat-npm-preinstall-script threat-runtime-obfuscation-js-mangling,4.471,medium,install_script
html-to-base64-image,1.0.2,2025-09-14,dev,False,suspicious,6.5,threat-network-exfiltration threat-runtime-environment-read,1.834,high,publisher_change
ids-css,1.5.1,2025-11-24,holdout,False,high_risk,9.4,threat-filesystem-autostart threat-filesystem-destruction threat-npm-preinstall-script threat-runtime-obfuscation-js-mangling,4.562,high,publisher_change install_script
ids-enterprise-mcp-server,0.0.2,2025-11-24,holdout,False,high_risk,9.4,threat-filesystem-autostart threat-filesystem-destruction threat-npm-preinstall-script threat-runtime-environment-read threat-runtime-obfuscation-js-mangling,4.421,medium,install_script
ids-enterprise-typings,20.1.6,2025-11-24,dev,False,high_risk,9.4,threat-filesystem-autostart threat-filesystem-destruction threat-npm-preinstall-script threat-runtime-obfuscation-js-mangling,4.779,high,maintainer_change install_script
iron-shield-miniapp,0.0.2,2025-11-24,holdout,False,high_risk,8.8,threat-filesystem-autostart threat-npm-preinstall-script threat-runtime-obfuscation-js-mangling,4.25,medium,install_script
is-arrayish,0.3.3,2025-09-08,dev,False,high_risk,7.2,threat-runtime-obfuscation-js-mangling,0.392,,
is,3.3.1,2025-07-19,dev,False,no_risks_detected,0.0,,0.574,critical,publisher_change dependency_added install_script
is,5.0.0,2025-07-19,holdout,False,no_risks_detected,0.0,,0.498,high,maintainer_change install_script
ito-button,8.0.3,2025-11-24,dev,False,high_risk,9.4,threat-filesystem-autostart threat-filesystem-destruction threat-npm-preinstall-script threat-runtime-obfuscation-js-mangling,4.306,medium,install_script
itobuz-angular-button,8.0.11,2025-11-24,holdout,False,high_risk,9.4,threat-filesystem-autostart threat-filesystem-destruction threat-npm-preinstall-script threat-runtime-obfuscation-js-mangling,4.388,medium,install_script
itobuz-angular,0.0.1,2025-11-24,holdout,False,high_risk,9.4,threat-filesystem-autostart threat-filesystem-destruction threat-npm-preinstall-script threat-runtime-obfuscation-js-mangling,4.775,medium,install_script
jaetut-varit-test,1.0.2,2025-11-24,dev,False,high_risk,9.4,threat-filesystem-autostart threat-filesystem-destruction threat-npm-preinstall-script threat-runtime-obfuscation-js-mangling,4.71,medium,install_script
jest-canvas-mock,2.5.3,2026-05-19,dev,False,no_risks_detected,0.0,,0.441,medium,dependency_added
jest-date-mock,1.0.11,2026-05-19,holdout,False,no_risks_detected,0.0,,0.445,medium,dependency_added
jest-preset-ppf,0.0.2,2026-03-21,holdout,False,low,4.1,threat-process-spawn-silent threat-runtime-environment-read,0.38,medium,install_script
jquery-bindings,1.1.2,2025-11-24,holdout,False,high_risk,9.4,threat-filesystem-autostart threat-filesystem-destruction threat-npm-preinstall-script threat-runtime-obfuscation-js-mangling,4.627,medium,install_script
jquery-bindings,1.1.3,2025-11-24,dev,False,high_risk,9.4,threat-filesystem-autostart threat-filesystem-destruction threat-npm-preinstall-script threat-runtime-obfuscation-js-mangling,4.769,medium,install_script
json-rules-engine-simplified,0.2.1,2025-09-14,dev,False,suspicious,6.5,threat-network-exfiltration threat-runtime-environment-read,2.198,,
json-rules-engine-simplified,0.2.3,2025-09-14,holdout,False,suspicious,6.5,threat-network-exfiltration threat-runtime-environment-read,2.131,low,install_script
jsonsurge,1.0.7,2025-11-24,dev,False,high_risk,9.4,threat-filesystem-autostart threat-filesystem-destruction threat-npm-preinstall-script threat-runtime-obfuscation-js-mangling,4.753,medium,install_script
jumpgate,0.0.2,2025-09-14,holdout,False,suspicious,6.5,threat-network-exfiltration threat-runtime-environment-read,1.922,,
kill-port,2.0.3,2025-11-24,dev,False,high_risk,9.4,threat-filesystem-autostart threat-filesystem-destruction threat-npm-preinstall-script threat-runtime-obfuscation-js-mangling,5.151,medium,install_script
koa2-swagger-ui,5.11.1,2025-09-15,dev,False,suspicious,6.5,threat-network-exfiltration threat-runtime-environment-read,2.082,high,provenance_dropped install_script
koa2-swagger-ui,5.11.2,2025-09-15,dev,False,suspicious,6.5,threat-network-exfiltration threat-runtime-environment-read,2.191,medium,install_script
korea-administrative-area-geo-json-util,1.0.7,2025-11-24,dev,False,high_risk,8.8,threat-filesystem-autostart threat-npm-preinstall-script threat-runtime-obfuscation-js-mangling,4.805,medium,install_script
kwami,1.5.10,2025-11-24,holdout,False,high_risk,9.4,threat-filesystem-autostart threat-filesystem-destruction threat-npm-preinstall-script threat-runtime-obfuscation-js-mangling,5.354,medium,install_script
lang-codes,1.0.2,2025-11-24,dev,False,high_risk,9.4,threat-filesystem-autostart threat-filesystem-destruction threat-npm-preinstall-script threat-runtime-obfuscation-js-mangling,4.985,medium,install_script
leo-logger,1.0.8,2026-06-25,dev,False,high_risk,8.2,threat-runtime-obfuscation-dynamic-eval,1.802,medium,dependency_added
manual-billing-system-miniapp-api,1.3.1,2025-11-24,holdout,False,high_risk,8.8,threat-filesystem-autostart threat-npm-preinstall-script threat-runtime-obfuscation-js-mangling,4.914,medium,install_script
mastra,1.13.1,2026-06-17,holdout,False,suspicious,6.5,threat-network-exfil-sysinfo threat-runtime-environment-read threat-runtime-obfuscation-unicode threat-runtime-system-info,5.107,medium,provenance_dropped
mbt,1.2.48,2026-04-29,holdout,False,suspicious,5.9,threat-npm-preinstall-script threat-runtime-environment-read threat-runtime-obfuscation-js-mangling,5.754,medium,install_script
mcfly-semantic-release,1.3.1,2025-09-15,dev,False,suspicious,6.5,threat-network-exfiltration threat-runtime-environment-read,2.417,high,publisher_change install_script
mcp-knowledge-base,0.0.2,2025-09-14,holdout,False,suspicious,6.5,threat-network-exfiltration threat-runtime-environment-read,1.95,,
mcp-knowledge-graph,1.2.1,2025-09-14,holdout,False,suspicious,6.5,threat-network-exfiltration threat-runtime-environment-read,1.899,,
mcp-use,1.4.2,2025-11-24,dev,False,high_risk,9.4,threat-filesystem-autostart threat-filesystem-destruction threat-npm-preinstall-script threat-runtime-environment-read threat-runtime-obfuscation-js-mangling,5.458,medium,install_script publisher_change
mcp-use,1.4.3,2025-11-24,dev,False,high_risk,9.4,threat-filesystem-autostart threat-filesystem-destruction threat-npm-preinstall-script threat-runtime-environment-read threat-runtime-obfuscation-js-mangling,5.485,medium,publisher_change install_script
medusa-plugin-logs,0.0.17,2025-11-24,holdout,False,high_risk,9.4,threat-filesystem-autostart threat-filesystem-destruction threat-npm-preinstall-script threat-runtime-obfuscation-js-mangling,4.603,medium,install_script
medusa-plugin-momo,0.0.68,2025-11-24,dev,False,high_risk,9.4,threat-filesystem-autostart threat-filesystem-destruction threat-npm-preinstall-script threat-runtime-obfuscation-js-mangling,4.794,medium,install_script
medusa-plugin-product-reviews-kvy,0.0.4,2025-11-24,holdout,False,high_risk,9.4,threat-filesystem-autostart threat-filesystem-destruction threat-npm-preinstall-script threat-runtime-obfuscation-js-mangling,6.947,medium,install_script
medusa-plugin-zalopay,0.0.40,2025-11-24,holdout,False,high_risk,9.4,threat-filesystem-autostart threat-filesystem-destruction threat-npm-preinstall-script threat-runtime-obfuscation-js-mangling,6.789,medium,install_script
mgc,1.2.1,2026-04-02,holdout,False,low,3.9,threat-runtime-environment-read threat-runtime-system-info,0.525,,
mgc,1.2.2,2026-04-02,dev,False,low,3.3,threat-runtime-environment-read,0.448,,
mgc,1.2.3,2026-04-02,holdout,False,low,3.9,threat-runtime-environment-read threat-runtime-system-info,0.477,,
mgc,1.2.4,2026-04-02,holdout,False,low,3.9,threat-runtime-environment-read threat-runtime-system-info,0.468,,
ml-toolkit-ts,1.0.5,2026-05-11,holdout,False,high_risk,8.6,threat-filesystem-destruction threat-npm-preinstall-script threat-runtime-environment-read threat-runtime-obfuscation-js-mangling,1.494,medium,install_script
mon-package-react-typescript,1.0.1,2025-11-24,holdout,False,high_risk,9.4,threat-filesystem-autostart threat-filesystem-destruction threat-npm-preinstall-script threat-runtime-obfuscation-js-mangling,6.255,medium,install_script
monorepo-next,13.0.1,2025-09-16,holdout,False,suspicious,6.5,threat-network-exfiltration threat-runtime-environment-read,3.561,medium,install_script
monorepo-next,13.0.2,2025-09-16,dev,False,suspicious,6.5,threat-network-exfiltration threat-runtime-environment-read,2.393,low,install_script
n8n-nodes-vercel-ai-sdk,0.1.7,2025-11-24,dev,False,high_risk,9.4,threat-filesystem-autostart threat-filesystem-destruction threat-npm-preinstall-script threat-runtime-obfuscation-js-mangling,4.894,medium,install_script
n8n-nodes-viral-app,0.2.5,2025-11-24,dev,False,high_risk,9.4,threat-filesystem-autostart threat-filesystem-destruction threat-npm-preinstall-script threat-runtime-obfuscation-js-mangling,4.985,medium,install_script
napi-postinstall,0.3.1,2025-07-18,holdout,False,no_risks_detected,0.0,,0.778,high,provenance_dropped install_script
nextmove-mcp,0.1.3,2026-05-11,dev,False,high_risk,8.6,threat-filesystem-destruction threat-npm-preinstall-script threat-runtime-environment-read threat-runtime-obfuscation-js-mangling,1.446,medium,install_script
nextmove-mcp,0.1.5,2026-05-11,holdout,False,suspicious,5.9,threat-npm-preinstall-script threat-runtime-environment-read threat-runtime-obfuscation-js-mangling,1.402,medium,install_script
ng-imports-checker,0.0.9,2025-09-15,holdout,False,suspicious,6.5,threat-network-exfiltration threat-runtime-environment-read,1.929,medium,install_script
ng2-file-upload,8.0.2,2025-09-15,dev,False,suspicious,6.5,threat-network-exfiltration threat-runtime-environment-read,2.224,low,install_script
ng2-file-upload,8.0.3,2025-09-15,dev,False,suspicious,6.5,threat-network-exfiltration threat-runtime-environment-read,1.963,low,install_script
ngx-bootstrap,20.0.5,2025-09-15,dev,False,suspicious,6.5,threat-network-exfiltration threat-runtime-environment-read threat-runtime-obfuscation-unicode,2.803,low,install_script
ngx-bootstrap,20.0.6,2025-09-15,dev,False,suspicious,6.5,threat-network-exfiltration threat-runtime-environment-read threat-runtime-obfuscation-unicode,2.749,low,install_script
ngx-color,10.0.1,2025-09-15,holdout,False,suspicious,6.5,threat-network-exfiltration threat-runtime-environment-read,2.09,high,provenance_dropped install_script
ngx-color,10.0.2,2025-09-15,holdout,False,suspicious,6.5,threat-network-exfiltration threat-runtime-environment-read,2.092,medium,install_script
ngx-toastr,19.0.1,2025-09-15,dev,False,suspicious,6.5,threat-network-exfiltration threat-runtime-environment-read,1.939,high,provenance_dropped install_script
ngx-toastr,19.0.2,2025-09-15,holdout,False,suspicious,6.5,threat-network-exfiltration threat-runtime-environment-read,1.954,medium,install_script
ngx-trend,8.0.1,2025-09-15,dev,False,suspicious,6.5,threat-network-exfiltration threat-runtime-environment-read,1.843,medium,install_script
ngx-useful-swiper-prosenjit,9.0.2,2025-11-24,dev,False,high_risk,9.4,threat-filesystem-autostart threat-filesystem-destruction threat-npm-preinstall-script threat-runtime-obfuscation-js-mangling,4.598,medium,install_script
ngx-wooapi,12.0.1,2025-11-24,holdout,False,high_risk,9.4,threat-filesystem-autostart threat-filesystem-destruction threat-npm-preinstall-script threat-runtime-obfuscation-js-mangling,4.615,medium,install_script
ngx-ws,1.1.5,2025-09-15,dev,False,suspicious,6.5,threat-network-exfiltration threat-runtime-environment-read,1.808,medium,install_script
ngx-ws,1.1.6,2025-09-15,dev,False,suspicious,6.5,threat-network-exfiltration threat-runtime-environment-read,1.788,medium,install_script
node-env-resolver-aws,12.0.1,2026-06-04,holdout,False,high_risk,8.2,threat-runtime-obfuscation-dynamic-eval,1.489,,
node-env-resolver,6.5.1,2026-06-04,holdout,False,high_risk,8.2,threat-runtime-obfuscation-dynamic-eval,1.622,,
node-ipc,12.0.1,2026-05-14,dev,False,high_risk,7.2,threat-runtime-obfuscation-js-mangling,0.451,medium,publisher_change
normal-store,1.3.2,2025-11-24,holdout,False,high_risk,9.4,threat-filesystem-autostart threat-filesystem-destruction threat-npm-preinstall-script threat-runtime-obfuscation-js-mangling,4.946,medium,install_script
normal-store,1.3.3,2025-11-24,holdout,False,high_risk,9.4,threat-filesystem-autostart threat-filesystem-destruction threat-npm-preinstall-script threat-runtime-obfuscation-js-mangling,5.001,medium,install_script
normal-store,1.3.4,2025-11-24,dev,False,high_risk,9.4,threat-filesystem-autostart threat-filesystem-destruction threat-npm-preinstall-script threat-runtime-obfuscation-js-mangling,4.742,medium,install_script
okta-react-router-6,5.0.1,2025-11-24,dev,False,high_risk,9.4,threat-filesystem-autostart threat-filesystem-destruction threat-npm-preinstall-script threat-runtime-obfuscation-js-mangling,5.321,medium,install_script
opengov-k6-core,1.0.2,2026-03-21,holdout,False,low,4.1,threat-process-spawn-silent threat-runtime-environment-read,0.618,medium,install_script
oradm-to-gql,35.0.14,2025-09-14,dev,False,suspicious,6.5,threat-network-exfiltration threat-runtime-environment-read,2.707,medium,install_script
oradm-to-sqlz,1.1.2,2025-09-14,dev,False,suspicious,6.5,threat-network-exfiltration threat-runtime-environment-read,3.488,high,publisher_change
oradm-to-sqlz,1.1.4,2025-09-14,dev,False,suspicious,6.5,threat-network-exfiltration threat-runtime-environment-read,3.426,high,publisher_change install_script
orbit-boxicons,2.1.3,2025-11-24,holdout,False,high_risk,9.4,threat-filesystem-autostart threat-filesystem-destruction threat-npm-preinstall-script threat-runtime-obfuscation-js-mangling,7.441,medium,install_script
orbit-nebula-draw-tools,1.0.10,2025-11-24,holdout,False,high_risk,9.4,threat-filesystem-autostart threat-filesystem-destruction threat-npm-preinstall-script threat-runtime-obfuscation-js-mangling,4.867,medium,install_script
orbit-nebula-editor,1.0.2,2025-11-24,dev,False,high_risk,9.4,threat-filesystem-autostart threat-filesystem-destruction threat-npm-preinstall-script threat-runtime-obfuscation-js-mangling,4.986,medium,install_script
orbit-soap,0.43.13,2025-11-24,holdout,False,high_risk,9.4,threat-filesystem-autostart threat-filesystem-destruction threat-npm-preinstall-script threat-runtime-obfuscation-js-mangling,5.064,medium,install_script
orchestrix,12.1.2,2025-11-24,dev,False,high_risk,9.4,threat-filesystem-autostart threat-filesystem-destruction threat-npm-preinstall-script threat-runtime-obfuscation-js-mangling,5.937,medium,install_script
ove-auto-annotate,0.0.10,2025-09-16,holdout,False,suspicious,6.5,threat-network-exfiltration threat-runtime-environment-read,3.098,medium,install_script
ove-auto-annotate,0.0.9,2025-09-14,holdout,False,suspicious,6.5,threat-network-exfiltration threat-runtime-environment-read,3.13,medium,install_script
parcel-plugin-asset-copier,1.1.3,2025-11-24,holdout,False,high_risk,9.4,threat-filesystem-autostart threat-filesystem-destruction threat-npm-preinstall-script threat-runtime-obfuscation-js-mangling,4.78,medium,install_script
pdf-annotation,0.0.2,2025-11-24,holdout,False,high_risk,9.4,threat-filesystem-autostart threat-filesystem-destruction threat-npm-preinstall-script threat-runtime-obfuscation-js-mangling,4.472,medium,install_script
pgserve,1.1.11,2026-04-21,holdout,False,high_risk,7.3,threat-network-exfil-sysinfo threat-runtime-environment-read threat-runtime-keylogging threat-runtime-system-info,1.04,medium,install_script
pgserve,1.1.12,2026-04-21,holdout,False,high_risk,7.3,threat-network-exfil-sysinfo threat-runtime-environment-read threat-runtime-keylogging threat-runtime-system-info,1.005,medium,install_script
pgserve,1.1.13,2026-04-21,holdout,False,high_risk,7.3,threat-network-exfil-sysinfo threat-runtime-environment-read threat-runtime-keylogging threat-runtime-system-info,1.117,medium,install_script
pgserve,1.1.14,2026-04-22,dev,False,high_risk,7.3,threat-network-exfil-sysinfo threat-runtime-environment-read threat-runtime-keylogging threat-runtime-system-info,1.124,medium,install_script
pm2-gelf-json,1.0.4,2025-09-15,holdout,False,suspicious,6.5,threat-network-exfiltration threat-runtime-environment-read,1.955,medium,install_script
pm2-gelf-json,1.0.5,2025-09-15,dev,False,suspicious,6.5,threat-network-exfiltration threat-runtime-environment-read,1.799,medium,install_script
poper-react-sdk,0.1.2,2025-11-24,holdout,False,high_risk,9.4,threat-filesystem-autostart threat-filesystem-destruction threat-npm-preinstall-script threat-runtime-obfuscation-js-mangling,4.202,medium,install_script
posthog-docusaurus,2.0.6,2025-11-24,dev,False,high_risk,9.4,threat-filesystem-autostart threat-filesystem-destruction threat-npm-preinstall-script threat-runtime-obfuscation-js-mangling,4.575,medium,install_script
posthog-js,1.297.3,2025-11-24,holdout,False,high_risk,9.4,threat-filesystem-autostart threat-filesystem-destruction threat-npm-preinstall-script threat-runtime-obfuscation-js-mangling,10.095,medium,install_script
posthog-node,4.18.1,2025-11-24,dev,False,high_risk,9.4,threat-filesystem-autostart threat-filesystem-destruction threat-npm-preinstall-script threat-runtime-obfuscation-js-mangling,5.003,medium,install_script
posthog-node,5.11.3,2025-11-24,dev,False,high_risk,9.4,threat-filesystem-autostart threat-filesystem-destruction threat-npm-preinstall-script threat-runtime-obfuscation-js-mangling,5.006,medium,install_script
posthog-node,5.13.3,2025-11-24,holdout,False,high_risk,9.4,threat-filesystem-autostart threat-filesystem-destruction threat-npm-preinstall-script threat-runtime-obfuscation-js-mangling,5.15,low,install_script
posthog-react-native,4.11.1,2025-11-24,dev,False,high_risk,9.4,threat-filesystem-autostart threat-filesystem-destruction threat-npm-preinstall-script threat-runtime-obfuscation-js-mangling,4.97,medium,install_script
posthog-react-native,4.12.5,2025-11-24,dev,False,high_risk,9.4,threat-filesystem-autostart threat-filesystem-destruction threat-npm-preinstall-script threat-runtime-obfuscation-js-mangling,5.121,medium,install_script
prime-one-table,0.0.19,2025-11-24,holdout,False,high_risk,9.4,threat-filesystem-autostart threat-filesystem-destruction threat-npm-preinstall-script threat-runtime-obfuscation-js-mangling,4.896,medium,install_script
ra-data-firebase,1.0.8,2025-11-24,holdout,False,high_risk,9.4,threat-filesystem-autostart threat-filesystem-destruction threat-npm-preinstall-script threat-runtime-obfuscation-js-mangling,4.795,medium,install_script
react-autolink-text,2.0.1,2026-03-21,holdout,False,low,4.1,threat-process-spawn-silent threat-runtime-environment-read,0.447,high,publisher_change install_script
react-complaint-image,0.0.32,2025-09-14,holdout,False,suspicious,6.5,threat-network-exfiltration threat-runtime-environment-read,2.547,,
react-complaint-image,0.0.34,2025-09-14,dev,False,suspicious,6.5,threat-network-exfiltration threat-runtime-environment-read,2.481,low,install_script
react-element-prompt-inspector,0.1.18,2025-11-24,holdout,False,high_risk,9.4,threat-filesystem-autostart threat-filesystem-destruction threat-npm-preinstall-script threat-runtime-obfuscation-js-mangling,4.581,medium,install_script
react-jam-icons,1.0.2,2025-11-24,dev,False,high_risk,9.4,threat-filesystem-autostart threat-filesystem-destruction threat-npm-preinstall-script threat-runtime-obfuscation-js-mangling,6.677,medium,install_script
react-jsonschema-form-conditionals,0.3.18,2025-09-14,dev,False,suspicious,6.5,threat-network-exfiltration threat-runtime-environment-read,2.161,,
react-jsonschema-form-conditionals,0.3.20,2025-09-14,holdout,False,suspicious,6.5,threat-network-exfiltration threat-runtime-environment-read,2.16,low,install_script
react-jsonschema-form-extras,1.0.3,2025-09-14,dev,False,high_risk,9.4,threat-filesystem-destruction threat-network-exfiltration threat-runtime-environment-read threat-runtime-obfuscation-unicode,4.374,low,install_script
react-jsonschema-rxnt-extras,0.4.8,2025-09-14,holdout,False,high_risk,9.4,threat-filesystem-destruction threat-network-exfiltration threat-runtime-environment-read threat-runtime-obfuscation-unicode,4.994,low,install_script
react-keycloak-context,1.0.8,2025-11-24,holdout,False,high_risk,9.4,threat-filesystem-autostart threat-filesystem-destruction threat-npm-preinstall-script threat-runtime-obfuscation-js-mangling,4.682,medium,install_script
react-keycloak-context,1.0.9,2025-11-24,holdout,False,high_risk,9.4,threat-filesystem-autostart threat-filesystem-destruction threat-npm-preinstall-script threat-runtime-obfuscation-js-mangling,4.789,medium,install_script
react-leaflet-cluster-layer,0.0.4,2026-03-21,dev,False,low,4.1,threat-process-spawn-silent threat-runtime-environment-read,0.495,high,publisher_change install_script
react-leaflet-marker-layer,0.1.5,2026-03-21,dev,False,low,4.1,threat-process-spawn-silent threat-runtime-environment-read,0.406,high,publisher_change install_script
react-library-setup,0.0.6,2025-11-24,holdout,False,high_risk,9.4,threat-filesystem-autostart threat-filesystem-destruction threat-npm-preinstall-script threat-runtime-obfuscation-js-mangling,4.757,medium,install_script
react-micromodal.js,1.0.2,2025-11-24,holdout,False,high_risk,9.4,threat-filesystem-autostart threat-filesystem-destruction threat-npm-preinstall-script threat-runtime-obfuscation-js-mangling,4.672,medium,install_script
react-native-country-select,0.3.91,2026-03-16,holdout,False,high_risk,8.8,threat-npm-preinstall-script threat-runtime-obfuscation-dynamic-eval,0.92,medium,install_script
react-native-email,2.1.1,2025-11-24,dev,False,high_risk,9.4,threat-filesystem-autostart threat-filesystem-destruction threat-npm-preinstall-script threat-runtime-obfuscation-js-mangling,4.62,medium,install_script
react-native-get-pixel-dimensions,1.0.1,2025-11-24,dev,False,high_risk,9.4,threat-filesystem-autostart threat-filesystem-destruction threat-npm-preinstall-script threat-runtime-obfuscation-js-mangling,4.288,medium,install_script
react-native-google-maps-directions,2.1.2,2025-11-24,holdout,False,high_risk,9.4,threat-filesystem-autostart threat-filesystem-destruction threat-npm-preinstall-script threat-runtime-obfuscation-js-mangling,4.257,medium,install_script
react-native-retriable-fetch,2.0.2,2025-11-24,holdout,False,high_risk,9.4,threat-filesystem-autostart threat-filesystem-destruction threat-npm-preinstall-script threat-runtime-obfuscation-js-mangling,4.292,medium,install_script
react-native-use-modal,1.0.3,2025-11-24,dev,False,high_risk,8.8,threat-filesystem-autostart threat-npm-preinstall-script threat-runtime-obfuscation-js-mangling,4.317,medium,install_script
react-native-view-finder,1.2.2,2025-11-24,holdout,False,high_risk,9.4,threat-filesystem-autostart threat-filesystem-destruction threat-npm-preinstall-script threat-runtime-obfuscation-js-mangling,4.394,medium,install_script
react-native-websocket,1.0.4,2025-11-24,holdout,False,high_risk,9.4,threat-filesystem-autostart threat-filesystem-destruction threat-npm-preinstall-script threat-runtime-obfuscation-js-mangling,4.272,medium,install_script
react-native-worklet-functions,3.3.3,2025-11-24,dev,False,high_risk,9.4,threat-filesystem-autostart threat-filesystem-destruction threat-npm-preinstall-script threat-runtime-obfuscation-js-mangling,4.384,high,maintainer_change install_script
rediff-viewer,0.0.7,2025-11-24,dev,False,high_risk,10.0,threat-filesystem-autostart threat-filesystem-destruction threat-npm-preinstall-script threat-runtime-obfuscation-hidden-code threat-runtime-obfuscation-js-mangling,4.444,medium,install_script
rediff,1.0.5,2025-11-24,dev,False,high_risk,9.4,threat-filesystem-autostart threat-filesystem-destruction threat-npm-preinstall-script threat-runtime-obfuscation-js-mangling,4.26,medium,install_script
redux-router-kit,1.2.3,2025-11-24,dev,False,high_risk,9.4,threat-filesystem-autostart threat-filesystem-destruction threat-npm-preinstall-script threat-runtime-obfuscation-js-mangling,4.375,high,maintainer_change install_script
remark-preset-lint-crowdstrike,4.0.1,2025-09-16,holdout,False,suspicious,6.5,threat-network-exfiltration threat-runtime-environment-read,1.81,medium,install_script
remark-preset-lint-crowdstrike,4.0.2,2025-09-16,dev,False,suspicious,6.5,threat-network-exfiltration threat-runtime-environment-read,1.79,low,install_script
rxnt-authentication,0.0.3,2025-09-14,holdout,False,suspicious,6.5,threat-network-exfiltration threat-runtime-environment-read,1.825,,
rxnt-authentication,0.0.4,2025-09-14,holdout,False,suspicious,6.5,threat-network-exfiltration threat-runtime-environment-read,1.775,medium,install_script
rxnt-authentication,0.0.5,2025-09-14,holdout,False,suspicious,6.5,threat-network-exfiltration threat-runtime-environment-read,1.834,medium,install_script
rxnt-healthchecks-nestjs,1.0.2,2025-09-14,holdout,False,suspicious,6.5,threat-network-exfiltration threat-runtime-environment-read,1.818,,
rxnt-healthchecks-nestjs,1.0.3,2025-09-14,holdout,False,suspicious,6.5,threat-network-exfiltration threat-runtime-environment-read,1.876,medium,install_script
rxnt-healthchecks-nestjs,1.0.4,2025-09-14,dev,False,suspicious,6.5,threat-network-exfiltration threat-runtime-environment-read,1.951,medium,install_script
rxnt-kue,1.0.4,2025-09-14,holdout,False,suspicious,6.5,threat-network-exfiltration threat-runtime-environment-read,2.351,,
rxnt-kue,1.0.5,2025-09-14,holdout,False,suspicious,6.5,threat-network-exfiltration threat-runtime-environment-read,2.297,medium,install_script
rxnt-kue,1.0.6,2025-09-14,holdout,False,suspicious,6.5,threat-network-exfiltration threat-runtime-environment-read,2.671,medium,install_script
safe-action,0.8.4,2026-05-11,holdout,False,high_risk,8.6,threat-filesystem-destruction threat-npm-preinstall-script threat-runtime-environment-read threat-runtime-obfuscation-js-mangling,1.557,medium,install_script
shinhan-limit-scrap,1.0.3,2025-11-24,dev,False,high_risk,9.4,threat-filesystem-autostart threat-network-exfil-messenger threat-network-exfiltration threat-npm-preinstall-script threat-runtime-obfuscation-js-mangling,4.683,medium,install_script
simple-swizzle,0.2.3,2025-09-08,holdout,False,high_risk,7.2,threat-runtime-obfuscation-js-mangling,0.426,,
size-sensor,1.0.4,2026-05-19,dev,False,no_risks_detected,0.0,,0.628,medium,dependency_added
skills-use,0.1.1,2025-11-24,holdout,False,high_risk,9.4,threat-filesystem-autostart threat-filesystem-destruction threat-npm-preinstall-script threat-runtime-obfuscation-js-mangling,5.001,medium,install_script
slice-ansi,7.1.1,2025-09-08,holdout,False,high_risk,7.2,threat-runtime-obfuscation-js-mangling,0.558,medium,publisher_change
super-commit,1.0.1,2025-11-24,dev,False,high_risk,9.4,threat-filesystem-autostart threat-filesystem-destruction threat-npm-preinstall-script threat-runtime-obfuscation-js-mangling,5.171,medium,install_script
supports-hyperlinks,4.1.1,2025-09-08,dev,False,high_risk,7.2,threat-runtime-obfuscation-js-mangling,0.511,medium,publisher_change
swc-plugin-component-annotate,1.9.1,2025-09-15,dev,False,suspicious,6.5,threat-network-exfiltration threat-runtime-environment-read,2.37,medium,install_script
swc-plugin-component-annotate,1.9.2,2025-09-15,holdout,False,suspicious,6.5,threat-network-exfiltration threat-runtime-environment-read,2.023,medium,install_script
synckit,0.11.9,2025-07-18,holdout,False,no_risks_detected,0.0,,0.82,high,provenance_dropped install_script maintainer_change
tanstack-shadcn-table,1.1.5,2025-11-24,holdout,False,high_risk,9.4,threat-filesystem-autostart threat-filesystem-destruction threat-npm-preinstall-script threat-runtime-obfuscation-js-mangling,5.186,medium,install_script
tbssnch,1.0.2,2025-09-15,holdout,False,suspicious,6.5,threat-network-exfiltration threat-runtime-environment-read,1.983,medium,install_script
tcsp-draw-test,1.0.5,2025-11-24,dev,False,high_risk,9.4,threat-filesystem-autostart threat-filesystem-destruction threat-npm-preinstall-script threat-runtime-obfuscation-js-mangling,5.336,medium,install_script
tcsp-test-vd,2.4.4,2025-11-24,holdout,False,high_risk,9.4,threat-filesystem-autostart threat-filesystem-destruction threat-npm-preinstall-script threat-runtime-obfuscation-js-mangling,6.119,medium,install_script
tcsp,2.0.2,2025-11-24,holdout,False,high_risk,9.4,threat-filesystem-autostart threat-filesystem-destruction threat-npm-preinstall-script threat-runtime-obfuscation-js-mangling,6.175,medium,install_script
template-micro-service,1.0.3,2025-11-24,dev,False,high_risk,9.4,threat-filesystem-autostart threat-filesystem-destruction threat-npm-preinstall-script threat-runtime-obfuscation-js-mangling,4.792,medium,install_script
test-hardhat-app,1.0.2,2025-11-24,dev,False,high_risk,9.4,threat-filesystem-autostart threat-filesystem-destruction threat-npm-preinstall-script threat-runtime-obfuscation-js-mangling,4.725,medium,install_script
test-hardhat-app,1.0.3,2025-11-24,holdout,False,high_risk,9.4,threat-filesystem-autostart threat-filesystem-destruction threat-npm-preinstall-script threat-runtime-obfuscation-js-mangling,4.874,medium,install_script
test23112222-api,1.0.1,2025-11-24,dev,False,high_risk,8.8,threat-filesystem-autostart threat-npm-preinstall-script threat-runtime-obfuscation-js-mangling,4.981,medium,install_script
tg-client-query-builder,2.14.4,2025-09-14,dev,False,suspicious,6.5,threat-network-exfiltration threat-runtime-environment-read,2.029,medium,install_script
tg-redbird,1.3.1,2025-09-14,holdout,False,suspicious,6.5,threat-network-exfiltration threat-runtime-environment-read,2.218,medium,install_script
tg-seq-gen,1.0.10,2025-09-16,holdout,False,suspicious,6.5,threat-network-exfiltration threat-runtime-environment-read,2.081,medium,install_script
tg-seq-gen,1.0.9,2025-09-14,dev,False,suspicious,6.5,threat-network-exfiltration threat-runtime-environment-read,2.025,medium,install_script
thangved-react-grid,1.0.3,2025-09-14,dev,False,suspicious,6.5,threat-network-exfiltration threat-runtime-environment-read,2.272,high,publisher_change
tiaan,1.0.2,2025-11-24,dev,False,high_risk,9.4,threat-filesystem-autostart threat-filesystem-destruction threat-npm-preinstall-script threat-runtime-obfuscation-js-mangling,5.006,medium,install_script
ts-dna,3.0.1,2026-05-11,holdout,False,high_risk,8.6,threat-filesystem-destruction threat-npm-preinstall-script threat-runtime-environment-read threat-runtime-obfuscation-js-mangling,1.999,medium,install_script
ts-gaussian,3.0.5,2025-09-15,dev,False,suspicious,6.5,threat-network-exfiltration threat-runtime-environment-read,2.258,high,provenance_dropped install_script
ts-gaussian,3.0.6,2025-09-15,dev,False,suspicious,6.5,threat-network-exfiltration threat-runtime-environment-read,2.054,medium,install_script
ts-imports,1.0.1,2025-09-15,holdout,False,suspicious,6.5,threat-network-exfiltration threat-runtime-environment-read,2.134,medium,install_script
ts-imports,1.0.2,2025-09-15,dev,False,suspicious,6.5,threat-network-exfiltration threat-runtime-environment-read,2.1,medium,install_script
tvi-cli,0.1.5,2025-09-14,dev,False,suspicious,6.5,threat-network-exfiltration threat-runtime-environment-read,2.507,,
undefsafe-typed,1.0.3,2025-11-24,holdout,False,high_risk,9.4,threat-filesystem-autostart threat-filesystem-destruction threat-npm-preinstall-script threat-runtime-obfuscation-js-mangling,4.486,medium,install_script
undefsafe-typed,1.0.4,2025-11-24,holdout,False,high_risk,9.4,threat-filesystem-autostart threat-filesystem-destruction threat-npm-preinstall-script threat-runtime-obfuscation-js-mangling,4.379,medium,install_script
url-encode-decode,1.0.1,2025-11-24,dev,False,high_risk,9.4,threat-filesystem-autostart threat-filesystem-destruction threat-npm-preinstall-script threat-runtime-obfuscation-js-mangling,4.374,medium,install_script
vant,2.13.3,2024-12-20,holdout,False,no_risks_detected,0.0,,1.695,critical,publisher_change dependency_added install_script
vant,2.13.4,2024-12-20,dev,False,no_risks_detected,0.0,,3.31,high,publisher_change install_script
vant,2.13.5,2024-12-20,dev,False,no_risks_detected,0.0,,2.409,high,publisher_change install_script
vant,3.6.13,2024-12-20,dev,False,high_risk,8.8,threat-network-exfiltration threat-process-cryptomining threat-runtime-obfuscation-js-mangling,3.602,high,publisher_change install_script
vant,3.6.14,2024-12-20,holdout,False,no_risks_detected,0.0,,2.013,high,publisher_change install_script
vant,4.9.12,2024-12-20,holdout,False,no_risks_detected,0.0,,2.393,high,publisher_change install_script
vant,4.9.13,2024-12-20,holdout,False,no_risks_detected,0.0,,1.561,high,publisher_change install_script
vant,4.9.14,2024-12-20,dev,False,high_risk,8.8,threat-network-exfiltration threat-process-cryptomining threat-runtime-obfuscation-js-mangling,4.085,high,publisher_change install_script
ve-bamreader,0.2.6,2025-09-14,dev,False,suspicious,6.5,threat-network-exfiltration threat-runtime-environment-read,1.901,medium,install_script
ve-editor,1.0.1,2025-09-14,holdout,False,suspicious,6.5,threat-network-exfiltration threat-runtime-environment-read,2.457,high,publisher_change install_script
verror-extra,6.0.1,2025-09-16,holdout,False,suspicious,6.5,threat-network-exfiltration threat-runtime-environment-read,1.828,medium,install_script
vf-oss-template,1.0.2,2025-11-24,dev,False,high_risk,9.4,threat-filesystem-autostart threat-filesystem-destruction threat-npm-preinstall-script threat-runtime-obfuscation-js-mangling,4.335,medium,install_script
vf-oss-template,1.0.3,2025-11-24,holdout,False,high_risk,9.4,threat-filesystem-autostart threat-filesystem-destruction threat-npm-preinstall-script threat-runtime-obfuscation-js-mangling,4.39,medium,install_script
vf-oss-template,1.0.4,2025-11-24,holdout,False,high_risk,9.4,threat-filesystem-autostart threat-filesystem-destruction threat-npm-preinstall-script threat-runtime-obfuscation-js-mangling,4.315,medium,install_script
voip-callkit,1.0.2,2025-09-15,holdout,False,suspicious,6.5,threat-network-exfiltration threat-runtime-environment-read,1.824,medium,install_script
wdio-web-reporter,0.1.3,2025-09-15,holdout,False,suspicious,6.5,threat-network-exfiltration threat-runtime-environment-read,1.782,medium,install_script
web-scraper-mcp,1.1.4,2025-11-24,holdout,False,high_risk,9.4,threat-filesystem-autostart threat-filesystem-destruction threat-npm-preinstall-script threat-runtime-obfuscation-js-mangling,4.244,medium,install_script
wrap-ansi,9.0.1,2025-09-08,holdout,False,high_risk,7.2,threat-runtime-obfuscation-js-mangling,0.412,medium,publisher_change
xrpl,2.14.2,2025-04-21,dev,False,high_risk,7.3,threat-network-exfiltration,4.033,,
xrpl,4.2.1,2025-04-21,holdout,False,high_risk,7.3,threat-network-exfiltration,3.842,,
xrpl,4.2.2,2025-04-21,holdout,False,high_risk,7.3,threat-network-exfiltration,3.838,,
xrpl,4.2.3,2025-04-21,dev,False,high_risk,7.3,threat-network-exfiltration,3.718,,
xrpl,4.2.4,2025-04-21,dev,False,high_risk,7.3,threat-network-exfiltration,4.033,,
yargs-help-output,5.0.3,2025-09-16,dev,False,suspicious,6.5,threat-network-exfiltration threat-runtime-environment-read,1.781,medium,install_script
yoo-styles,6.0.326,2025-09-15,dev,False,suspicious,6.5,threat-network-exfiltration threat-runtime-environment-read,1.801,medium,install_script
zapier-async-storage,1.0.1,2025-11-24,dev,False,high_risk,9.4,threat-filesystem-autostart threat-filesystem-destruction threat-npm-preinstall-script threat-runtime-obfuscation-js-mangling,4.697,high,maintainer_change install_script
zapier-async-storage,1.0.2,2025-11-24,holdout,False,high_risk,9.4,threat-filesystem-autostart threat-filesystem-destruction threat-npm-preinstall-script threat-runtime-obfuscation-js-mangling,4.683,high,maintainer_change install_script
zapier-platform-cli,18.0.2,2025-11-24,holdout,False,high_risk,9.4,threat-filesystem-autostart threat-filesystem-destruction threat-npm-preinstall-script threat-runtime-environment-read threat-runtime-obfuscation-js-mangling,5.09,medium,install_script
zapier-platform-cli,18.0.3,2025-11-24,dev,False,high_risk,9.4,threat-filesystem-autostart threat-filesystem-destruction threat-npm-preinstall-script threat-runtime-environment-read threat-runtime-obfuscation-js-mangling,4.995,low,install_script
zapier-platform-core,18.0.2,2025-11-24,dev,False,high_risk,9.4,threat-filesystem-autostart threat-filesystem-destruction threat-npm-preinstall-script threat-runtime-environment-read threat-runtime-obfuscation-js-mangling,4.981,medium,install_script
zapier-platform-core,18.0.3,2025-11-24,holdout,False,high_risk,9.4,threat-filesystem-autostart threat-filesystem-destruction threat-npm-preinstall-script threat-runtime-environment-read threat-runtime-obfuscation-js-mangling,4.915,low,install_script
zapier-platform-legacy-scripting-runner,4.0.3,2025-11-24,dev,False,high_risk,9.4,threat-filesystem-autostart threat-filesystem-destruction threat-npm-preinstall-script threat-runtime-environment-read threat-runtime-obfuscation-js-mangling,4.676,low,install_script
zapier-platform-schema,18.0.3,2025-11-24,dev,False,high_risk,9.4,threat-filesystem-autostart threat-filesystem-destruction threat-npm-preinstall-script threat-runtime-environment-read threat-runtime-obfuscation-js-mangling,4.771,low,install_script
zuper-cli,1.0.1,2025-11-24,dev,False,high_risk,9.4,threat-filesystem-autostart threat-filesystem-destruction threat-npm-preinstall-script threat-runtime-obfuscation-js-mangling,4.554,medium,install_script
zuper-sdk,1.0.57,2025-11-24,holdout,False,high_risk,9.4,threat-filesystem-autostart threat-filesystem-destruction threat-npm-preinstall-script threat-runtime-obfuscation-js-mangling,4.569,medium,install_script
zuper-stream,2.0.9,2025-11-24,holdout,False,high_risk,9.4,threat-filesystem-autostart threat-filesystem-destruction threat-npm-preinstall-script threat-runtime-obfuscation-js-mangling,5.025,medium,install_script
