name,version,discovered,split,replay,guarddog_label,guarddog_score,guarddog_risk_rules,scan_seconds,ours_level,ours_signals
02-echo,0.0.7,2025-11-24,holdout,False,high_risk,9.4,threat-filesystem-autostart threat-filesystem-destruction threat-npm-preinstall-script threat-process-download-exec threat-process-hooks threat-runtime-obfuscation-base64exec threat-runtime-obfuscation-js-mangling,7.182,medium,install_script
@accordproject/concerto-linter-default-ruleset,3.24.1,2025-11-24,dev,False,high_risk,9.4,threat-filesystem-autostart threat-filesystem-destruction threat-npm-preinstall-script threat-process-download-exec threat-process-hooks threat-runtime-obfuscation-base64exec threat-runtime-obfuscation-js-mangling,8.995,medium,publisher_change install_script
@accordproject/concerto-metamodel,3.12.5,2025-11-24,holdout,False,high_risk,9.4,threat-filesystem-autostart threat-filesystem-destruction threat-npm-preinstall-script threat-process-download-exec threat-process-hooks threat-runtime-obfuscation-base64exec threat-runtime-obfuscation-js-mangling,8.985,medium,publisher_change install_script
@accordproject/concerto-types,3.24.1,2025-11-24,holdout,False,high_risk,9.4,threat-filesystem-autostart threat-filesystem-destruction threat-npm-preinstall-script threat-process-download-exec threat-process-hooks threat-runtime-obfuscation-base64exec threat-runtime-obfuscation-js-mangling,8.092,high,publisher_change install_script
@accordproject/markdown-it-cicero,0.16.26,2025-11-24,dev,False,high_risk,9.4,threat-filesystem-autostart threat-filesystem-destruction threat-npm-preinstall-script threat-process-download-exec threat-process-hooks threat-runtime-obfuscation-base64exec threat-runtime-obfuscation-js-mangling,8.566,high,publisher_change install_script
@accordproject/template-engine,2.7.2,2025-11-24,dev,False,high_risk,9.4,threat-filesystem-autostart threat-filesystem-destruction threat-npm-preinstall-script threat-process-download-exec threat-process-hooks threat-runtime-obfuscation threat-runtime-obfuscation-base64exec threat-runtime-obfuscation-js-mangling,8.87,high,publisher_change install_script
@actbase/css-to-react-native-transform,1.0.3,2025-11-24,dev,False,high_risk,9.4,threat-filesystem-autostart threat-filesystem-destruction threat-npm-preinstall-script threat-process-download-exec threat-process-hooks threat-runtime-obfuscation-base64exec threat-runtime-obfuscation-js-mangling,7.231,high,publisher_change install_script
@actbase/native,0.1.32,2025-11-24,dev,False,high_risk,9.4,threat-filesystem-autostart threat-filesystem-destruction threat-npm-preinstall-script threat-process-download-exec threat-process-hooks threat-runtime-obfuscation-base64exec threat-runtime-obfuscation-js-mangling,7.047,high,publisher_change install_script
@actbase/node-server,1.1.19,2025-11-24,holdout,False,high_risk,9.4,threat-filesystem-autostart threat-filesystem-destruction threat-npm-preinstall-script threat-process-download-exec threat-process-hooks threat-runtime-obfuscation-base64exec threat-runtime-obfuscation-js-mangling,6.366,medium,install_script
@actbase/react-absolute,0.8.3,2025-11-24,dev,False,high_risk,9.4,threat-filesystem-autostart threat-filesystem-destruction threat-npm-preinstall-script threat-process-download-exec threat-process-hooks threat-runtime-obfuscation-base64exec threat-runtime-obfuscation-js-mangling,11.819,high,publisher_change install_script
@actbase/react-daum-postcode,1.0.5,2025-11-24,dev,False,high_risk,9.4,threat-filesystem-autostart threat-filesystem-destruction threat-npm-preinstall-script threat-process-download-exec threat-process-hooks threat-runtime-obfuscation-base64exec threat-runtime-obfuscation-js-mangling,11.42,high,publisher_change install_script
@actbase/react-kakaosdk,0.9.27,2025-11-24,holdout,False,high_risk,9.4,threat-filesystem-autostart threat-filesystem-destruction threat-npm-preinstall-script threat-process-download-exec threat-process-hooks threat-runtime-obfuscation-base64exec threat-runtime-obfuscation-js-mangling,13.41,high,publisher_change install_script
@actbase/react-native-actionsheet,1.0.3,2025-11-24,holdout,False,high_risk,9.4,threat-filesystem-autostart threat-filesystem-destruction threat-npm-preinstall-script threat-process-download-exec threat-process-hooks threat-runtime-obfuscation-base64exec threat-runtime-obfuscation-js-mangling,14.182,high,publisher_change install_script
@actbase/react-native-devtools,0.1.3,2025-11-24,holdout,False,high_risk,9.4,threat-filesystem-autostart threat-filesystem-destruction threat-npm-preinstall-script threat-process-download-exec threat-process-hooks threat-runtime-obfuscation-base64exec threat-runtime-obfuscation-js-mangling,13.756,high,publisher_change install_script
@actbase/react-native-fast-image,8.5.13,2025-11-24,dev,False,high_risk,9.4,threat-filesystem-autostart threat-filesystem-destruction threat-npm-preinstall-script threat-process-download-exec threat-process-hooks threat-runtime-obfuscation-base64exec threat-runtime-obfuscation-js-mangling,14.341,high,publisher_change install_script
@actbase/react-native-kakao-channel,1.0.2,2025-11-24,dev,False,high_risk,9.4,threat-filesystem-autostart threat-filesystem-destruction threat-npm-preinstall-script threat-process-download-exec threat-process-hooks threat-runtime-obfuscation-base64exec threat-runtime-obfuscation-js-mangling,15.151,high,publisher_change install_script
@actbase/react-native-kakao-navi,2.0.4,2025-11-24,dev,False,high_risk,9.4,threat-filesystem-autostart threat-filesystem-destruction threat-npm-preinstall-script threat-process-download-exec threat-process-hooks threat-runtime-obfuscation-base64exec threat-runtime-obfuscation-js-mangling,15.686,high,publisher_change install_script
@actbase/react-native-less-transformer,1.0.6,2025-11-24,holdout,False,high_risk,9.4,threat-filesystem-autostart threat-filesystem-destruction threat-npm-preinstall-script threat-process-download-exec threat-process-hooks threat-runtime-obfuscation-base64exec threat-runtime-obfuscation-js-mangling,14.874,high,publisher_change install_script
@actbase/react-native-naver-login,1.0.1,2025-11-24,dev,False,high_risk,9.4,threat-filesystem-autostart threat-filesystem-destruction threat-npm-preinstall-script threat-process-download-exec threat-process-hooks threat-runtime-obfuscation-base64exec threat-runtime-obfuscation-js-mangling,14.371,high,publisher_change install_script
@actbase/react-native-simple-video,1.0.13,2025-11-24,dev,False,high_risk,9.4,threat-filesystem-autostart threat-filesystem-destruction threat-npm-preinstall-script threat-process-download-exec threat-process-hooks threat-runtime-obfuscation-base64exec threat-runtime-obfuscation-js-mangling,14.429,high,publisher_change install_script
@actbase/react-native-tiktok,1.1.3,2025-11-24,holdout,False,high_risk,9.4,threat-filesystem-autostart threat-filesystem-destruction threat-npm-preinstall-script threat-process-download-exec threat-process-hooks threat-runtime-obfuscation-base64exec threat-runtime-obfuscation-js-mangling,15.318,high,publisher_change install_script
@ahmedhfarag/ngx-perfect-scrollbar,20.0.20,2025-09-15,dev,False,high_risk,8.6,threat-filesystem-read threat-network-exfiltration threat-network-outbound-shady-links threat-process-download-exec threat-process-hooks threat-runtime-environment-read threat-runtime-obfuscation-base64exec,6.114,medium,install_script
@ahmedhfarag/ngx-virtual-scroller,4.0.4,2025-09-15,dev,False,high_risk,8.6,threat-filesystem-read threat-network-exfiltration threat-network-outbound-shady-links threat-process-download-exec threat-process-hooks threat-runtime-environment-read threat-runtime-obfuscation-base64exec,7.396,medium,install_script
@aifabrix/miso-client,4.7.2,2026-03-07,dev,False,low,3.3,threat-runtime-environment-read,3.489,,
@alexcolls/nuxt-socket.io,0.0.8,2025-11-24,holdout,False,high_risk,9.4,threat-filesystem-autostart threat-filesystem-destruction threat-npm-preinstall-script threat-process-download-exec threat-process-hooks threat-runtime-obfuscation-base64exec threat-runtime-obfuscation-js-mangling,10.93,medium,install_script
@alexcolls/nuxt-ux,0.6.2,2025-11-24,dev,False,high_risk,9.4,threat-filesystem-autostart threat-filesystem-destruction threat-npm-preinstall-script threat-process-download-exec threat-process-hooks threat-runtime-obfuscation-base64exec threat-runtime-obfuscation-js-mangling,9.574,medium,install_script
@antstackio/eslint-config-antstack,0.0.3,2025-11-24,holdout,False,high_risk,9.4,threat-filesystem-autostart threat-filesystem-destruction threat-npm-preinstall-script threat-process-download-exec threat-process-hooks threat-runtime-obfuscation-base64exec threat-runtime-obfuscation-js-mangling,9.038,high,publisher_change install_script
@antstackio/express-graphql-proxy,0.2.8,2025-11-24,holdout,False,high_risk,9.4,threat-filesystem-autostart threat-filesystem-destruction threat-npm-preinstall-script threat-process-download-exec threat-process-hooks threat-runtime-obfuscation-base64exec threat-runtime-obfuscation-js-mangling,6.459,high,publisher_change install_script
@antstackio/graphql-body-parser,0.1.1,2025-11-24,dev,False,high_risk,9.4,threat-filesystem-autostart threat-filesystem-destruction threat-npm-preinstall-script threat-process-download-exec threat-process-hooks threat-runtime-obfuscation-base64exec threat-runtime-obfuscation-js-mangling,8.407,high,publisher_change install_script
@antstackio/json-to-graphql,1.0.3,2025-11-24,holdout,False,high_risk,9.4,threat-filesystem-autostart threat-filesystem-destruction threat-npm-preinstall-script threat-process-download-exec threat-process-hooks threat-runtime-obfuscation-base64exec threat-runtime-obfuscation-js-mangling,7.29,high,publisher_change install_script
@antstackio/shelbysam,1.1.7,2025-11-24,dev,False,high_risk,9.4,threat-filesystem-autostart threat-filesystem-destruction threat-npm-preinstall-script threat-process-download-exec threat-process-hooks threat-runtime-obfuscation-base64exec threat-runtime-obfuscation-js-mangling,7.441,high,publisher_change install_script
@antv/algorithm,0.3.26,2026-05-19,holdout,False,high_risk,8.0,threat-npm-preinstall-script threat-runtime-environment-read threat-runtime-obfuscation threat-runtime-obfuscation-js-mangling,1.426,high,publisher_change install_script
@antv/ava-react,3.5.2,2026-05-19,holdout,False,high_risk,8.0,threat-npm-preinstall-script threat-runtime-environment-read threat-runtime-obfuscation threat-runtime-obfuscation-base64exec threat-runtime-obfuscation-js-mangling,2.884,high,publisher_change install_script
@antv/ava,3.6.1,2026-05-19,holdout,False,high_risk,8.0,threat-npm-preinstall-script threat-runtime-environment-read threat-runtime-obfuscation threat-runtime-obfuscation-js-mangling,2.109,high,publisher_change install_script
@antv/data-samples,1.2.1,2026-05-19,holdout,False,high_risk,8.0,threat-npm-preinstall-script threat-runtime-environment-read threat-runtime-obfuscation threat-runtime-obfuscation-js-mangling,1.416,high,publisher_change install_script
@antv/data-set,0.12.8,2026-05-19,holdout,False,high_risk,8.0,threat-npm-preinstall-script threat-process-hooks threat-runtime-environment-read threat-runtime-obfuscation threat-runtime-obfuscation-js-mangling,2.866,high,maintainer_change install_script
@antv/dumi-theme-antv,0.10.4,2026-05-19,dev,False,high_risk,8.0,threat-npm-preinstall-script threat-runtime-environment-read threat-runtime-obfuscation threat-runtime-obfuscation-js-mangling,2.18,high,maintainer_change install_script
@antv/f-engine,1.11.0,2026-05-19,holdout,False,high_risk,8.0,threat-npm-preinstall-script threat-runtime-environment-read threat-runtime-obfuscation threat-runtime-obfuscation-js-mangling,2.618,high,publisher_change install_script
@antv/f2-graphic,0.2.16,2026-05-19,holdout,False,high_risk,8.0,threat-npm-preinstall-script threat-runtime-environment-read threat-runtime-obfuscation threat-runtime-obfuscation-js-mangling,1.346,high,publisher_change install_script
@antv/f6-core,0.2.2,2026-05-19,holdout,False,high_risk,8.0,threat-npm-preinstall-script threat-runtime-environment-read threat-runtime-obfuscation threat-runtime-obfuscation-js-mangling,2.185,high,publisher_change install_script
@antv/f6,0.1.19,2026-05-19,holdout,False,high_risk,8.0,threat-npm-preinstall-script threat-runtime-environment-read threat-runtime-obfuscation threat-runtime-obfuscation-base64exec threat-runtime-obfuscation-js-mangling,2.244,high,publisher_change install_script
@antv/g-device-api,1.7.13,2026-05-19,dev,False,high_risk,8.0,threat-npm-preinstall-script threat-runtime-environment-read threat-runtime-obfuscation threat-runtime-obfuscation-js-mangling,3.255,high,publisher_change install_script
@antv/g-lite,2.8.0,2026-05-19,holdout,False,high_risk,8.0,threat-npm-preinstall-script threat-runtime-environment-read threat-runtime-obfuscation threat-runtime-obfuscation-js-mangling,2.613,high,publisher_change install_script
@antv/g-lite,2.9.0,2026-05-19,holdout,False,high_risk,8.0,threat-npm-preinstall-script threat-runtime-environment-read threat-runtime-obfuscation threat-runtime-obfuscation-js-mangling,2.924,high,publisher_change install_script
@antv/g2-extension-3d,0.3.0,2026-05-19,holdout,False,high_risk,8.0,threat-npm-preinstall-script threat-runtime-environment-read threat-runtime-obfuscation threat-runtime-obfuscation-js-mangling,1.237,high,publisher_change install_script
@antv/g6-mobile,0.2.2,2026-05-19,dev,False,high_risk,8.0,threat-npm-preinstall-script threat-runtime-environment-read threat-runtime-obfuscation threat-runtime-obfuscation-js-mangling,3.379,high,publisher_change install_script
@antv/g6-pc,0.10.25,2026-05-19,dev,False,high_risk,8.0,threat-npm-preinstall-script threat-runtime-environment-read threat-runtime-obfuscation threat-runtime-obfuscation-base64exec threat-runtime-obfuscation-js-mangling,3.716,high,publisher_change install_script
@antv/g6-pc,0.9.25,2026-05-19,holdout,False,high_risk,8.0,threat-npm-preinstall-script threat-runtime-environment-read threat-runtime-obfuscation threat-runtime-obfuscation-base64exec threat-runtime-obfuscation-js-mangling,3.123,high,publisher_change install_script
@antv/g,6.4.1,2026-05-19,holdout,False,high_risk,8.0,threat-npm-preinstall-script threat-runtime-environment-read threat-runtime-obfuscation threat-runtime-obfuscation-js-mangling,2.066,high,publisher_change install_script
@antv/gi-assets-algorithm,2.4.19,2026-05-19,dev,False,high_risk,9.4,threat-filesystem-destruction threat-npm-preinstall-script threat-runtime-environment-read threat-runtime-obfuscation threat-runtime-obfuscation-js-mangling,2.719,high,publisher_change install_script
@antv/gi-assets-scene,2.3.21,2026-05-19,holdout,False,high_risk,8.8,threat-filesystem-autostart threat-npm-preinstall-script threat-process-download-exec threat-runtime-environment-read threat-runtime-obfuscation threat-runtime-obfuscation-base64exec threat-runtime-obfuscation-js-mangling,5.693,high,publisher_change install_script
@antv/gi-assets-xlab,0.2.30,2026-05-19,holdout,False,high_risk,8.6,threat-network-outbound-shady-links threat-npm-preinstall-script threat-runtime-environment-read threat-runtime-obfuscation threat-runtime-obfuscation-js-mangling,3.424,high,publisher_change install_script
@antv/gi-assets-xlab,0.3.30,2026-05-19,dev,False,high_risk,8.6,threat-network-outbound-shady-links threat-npm-preinstall-script threat-runtime-environment-read threat-runtime-obfuscation threat-runtime-obfuscation-js-mangling,3.096,high,publisher_change install_script
@antv/gpt-vis,1.1.0,2026-05-19,dev,False,high_risk,8.0,threat-npm-preinstall-script threat-runtime-environment-read threat-runtime-obfuscation threat-runtime-obfuscation-base64exec threat-runtime-obfuscation-js-mangling,3.138,high,maintainer_change install_script
@antv/insight-component,1.1.0,2026-05-19,holdout,False,high_risk,8.0,threat-npm-preinstall-script threat-runtime-environment-read threat-runtime-obfuscation threat-runtime-obfuscation-js-mangling,1.518,high,publisher_change install_script
@antv/l7-component,2.27.10,2026-05-19,dev,False,high_risk,8.0,threat-npm-preinstall-script threat-runtime-environment-read threat-runtime-obfuscation threat-runtime-obfuscation-js-mangling,1.593,high,publisher_change install_script
@antv/l7-composite-layers,0.19.1,2026-05-19,dev,False,high_risk,8.0,threat-npm-preinstall-script threat-runtime-environment-read threat-runtime-obfuscation threat-runtime-obfuscation-js-mangling,1.987,high,publisher_change install_script
@antv/l7-core,2.27.10,2026-05-19,dev,False,high_risk,8.0,threat-npm-preinstall-script threat-runtime-environment-read threat-runtime-obfuscation threat-runtime-obfuscation-js-mangling,2.545,high,publisher_change install_script
@antv/l7-draw,3.2.5,2026-05-19,dev,False,high_risk,8.0,threat-npm-preinstall-script threat-runtime-environment-read threat-runtime-obfuscation threat-runtime-obfuscation-js-mangling,2.665,high,publisher_change install_script
@antv/l7-map,2.27.10,2026-05-19,holdout,False,high_risk,8.0,threat-npm-preinstall-script threat-runtime-environment-read threat-runtime-obfuscation threat-runtime-obfuscation-js-mangling,1.687,high,publisher_change install_script
@antv/l7-source,2.27.10,2026-05-19,dev,False,high_risk,8.0,threat-npm-preinstall-script threat-runtime-environment-read threat-runtime-obfuscation threat-runtime-obfuscation-js-mangling,1.255,high,publisher_change install_script
@antv/li-aiearth-assets,0.5.7,2026-05-19,holdout,False,high_risk,10.0,threat-filesystem-destruction threat-npm-preinstall-script threat-runtime-environment-read threat-runtime-obfuscation threat-runtime-obfuscation-base64exec threat-runtime-obfuscation-js-mangling threat-runtime-obfuscation-steganography,10.887,high,publisher_change install_script
@antv/li-aiearth-assets,0.6.7,2026-05-19,holdout,False,high_risk,10.0,threat-filesystem-destruction threat-npm-preinstall-script threat-runtime-environment-read threat-runtime-obfuscation threat-runtime-obfuscation-base64exec threat-runtime-obfuscation-js-mangling threat-runtime-obfuscation-steganography,10.859,high,publisher_change install_script
@antv/lite-insight,2.2.1,2026-05-19,dev,False,high_risk,8.0,threat-npm-preinstall-script threat-runtime-environment-read threat-runtime-obfuscation threat-runtime-obfuscation-js-mangling,1.601,high,publisher_change install_script
@antv/mcp-server-chart,0.10.10,2026-05-19,holdout,False,high_risk,8.0,threat-npm-preinstall-script threat-process-hooks threat-runtime-environment-read threat-runtime-obfuscation threat-runtime-obfuscation-js-mangling,1.658,high,maintainer_change install_script
@antv/narrative-text-editor,0.3.20,2026-05-19,dev,False,high_risk,8.6,threat-network-outbound-shady-links threat-npm-preinstall-script threat-runtime-environment-read threat-runtime-obfuscation threat-runtime-obfuscation-js-mangling,4.635,high,publisher_change install_script
@antv/narrative-text-editor,0.4.20,2026-05-19,dev,False,high_risk,8.6,threat-network-outbound-shady-links threat-npm-preinstall-script threat-runtime-environment-read threat-runtime-obfuscation threat-runtime-obfuscation-js-mangling,4.657,high,publisher_change install_script
@antv/narrative-text-vis,0.5.16,2026-05-19,dev,False,high_risk,8.0,threat-npm-preinstall-script threat-runtime-environment-read threat-runtime-obfuscation threat-runtime-obfuscation-js-mangling,1.653,high,publisher_change install_script
@antv/s2-react-components,2.3.2,2026-05-19,holdout,False,high_risk,8.0,threat-npm-preinstall-script threat-runtime-environment-read threat-runtime-obfuscation threat-runtime-obfuscation-js-mangling,1.702,high,publisher_change install_script
@antv/s2-react,2.5.1,2026-05-19,holdout,False,high_risk,8.0,threat-npm-preinstall-script threat-runtime-environment-read threat-runtime-obfuscation threat-runtime-obfuscation-js-mangling,2.017,high,publisher_change install_script
@antv/scale,0.6.2,2026-05-19,holdout,False,high_risk,8.0,threat-npm-preinstall-script threat-runtime-environment-read threat-runtime-obfuscation threat-runtime-obfuscation-js-mangling,1.802,high,maintainer_change install_script
@antv/t8,0.5.0,2026-05-19,dev,False,high_risk,8.0,threat-npm-preinstall-script threat-runtime-environment-read threat-runtime-obfuscation threat-runtime-obfuscation-js-mangling,2.027,high,maintainer_change install_script
@antv/x6-geometry,2.2.5,2026-05-19,holdout,False,high_risk,8.0,threat-npm-preinstall-script threat-runtime-environment-read threat-runtime-obfuscation threat-runtime-obfuscation-js-mangling,2.266,high,publisher_change install_script
@antv/x6-react-components,2.1.9,2026-05-19,dev,False,high_risk,8.0,threat-npm-preinstall-script threat-process-hooks threat-runtime-environment-read threat-runtime-obfuscation threat-runtime-obfuscation-js-mangling,3.653,high,publisher_change install_script
@antv/x6-react-components,2.2.9,2026-05-19,dev,False,high_risk,8.0,threat-npm-preinstall-script threat-process-hooks threat-runtime-environment-read threat-runtime-obfuscation threat-runtime-obfuscation-js-mangling,3.344,high,publisher_change install_script
@art-ws/common,2.0.28,2025-09-15,dev,False,high_risk,8.6,threat-filesystem-read threat-network-exfiltration threat-network-outbound-shady-links threat-process-download-exec threat-process-hooks threat-runtime-environment-read threat-runtime-obfuscation-base64exec,3.389,medium,install_script
@art-ws/config-eslint,2.0.4,2025-09-15,holdout,False,high_risk,8.6,threat-filesystem-read threat-network-exfiltration threat-network-outbound-shady-links threat-process-download-exec threat-process-hooks threat-runtime-environment-read threat-runtime-obfuscation-base64exec,3.454,medium,install_script
@art-ws/config-ts,2.0.7,2025-09-15,holdout,False,high_risk,8.6,threat-filesystem-read threat-network-exfiltration threat-network-outbound-shady-links threat-process-download-exec threat-process-hooks threat-runtime-environment-read threat-runtime-obfuscation-base64exec,3.334,medium,install_script
@art-ws/config-ts,2.0.8,2025-09-15,dev,False,high_risk,8.6,threat-filesystem-read threat-network-exfiltration threat-network-outbound-shady-links threat-process-download-exec threat-process-hooks threat-runtime-environment-read threat-runtime-obfuscation-base64exec,3.647,medium,install_script
@art-ws/db-context,2.0.24,2025-09-15,holdout,False,high_risk,8.6,threat-filesystem-read threat-network-exfiltration threat-network-outbound-shady-links threat-process-download-exec threat-process-hooks threat-runtime-environment-read threat-runtime-obfuscation-base64exec,4.068,medium,install_script
@art-ws/di-node,2.0.13,2025-09-15,holdout,False,high_risk,8.6,threat-filesystem-read threat-network-exfiltration threat-network-outbound-shady-links threat-process-download-exec threat-process-hooks threat-runtime-environment-read threat-runtime-obfuscation-base64exec,4.508,medium,install_script
@art-ws/di,2.0.28,2025-09-15,holdout,False,high_risk,8.6,threat-filesystem-read threat-network-exfiltration threat-network-outbound-shady-links threat-process-download-exec threat-process-hooks threat-runtime-environment-read threat-runtime-obfuscation-base64exec,4.158,medium,install_script
@art-ws/di,2.0.32,2025-09-15,dev,False,high_risk,8.6,threat-filesystem-read threat-network-exfiltration threat-network-outbound-shady-links threat-process-download-exec threat-process-hooks threat-runtime-environment-read threat-runtime-obfuscation-base64exec,3.802,medium,install_script
@art-ws/eslint,1.0.5,2025-09-15,holdout,False,high_risk,8.6,threat-filesystem-read threat-network-exfiltration threat-network-outbound-shady-links threat-process-download-exec threat-process-hooks threat-runtime-environment-read threat-runtime-obfuscation-base64exec,3.186,medium,install_script
@art-ws/eslint,1.0.6,2025-09-15,dev,False,high_risk,8.6,threat-filesystem-read threat-network-exfiltration threat-network-outbound-shady-links threat-process-download-exec threat-process-hooks threat-runtime-environment-read threat-runtime-obfuscation-base64exec,4.073,medium,install_script
@art-ws/fastify-http-server,2.0.24,2025-09-15,holdout,False,high_risk,8.6,threat-filesystem-read threat-network-exfiltration threat-network-outbound-shady-links threat-process-download-exec threat-process-hooks threat-runtime-environment-read threat-runtime-obfuscation-base64exec,2.984,medium,install_script
@art-ws/fastify-http-server,2.0.27,2025-09-15,dev,False,high_risk,8.6,threat-filesystem-read threat-network-exfiltration threat-network-outbound-shady-links threat-process-download-exec threat-process-hooks threat-runtime-environment-read threat-runtime-obfuscation-base64exec,3.757,medium,install_script
@art-ws/http-server,2.0.21,2025-09-15,holdout,False,high_risk,8.6,threat-filesystem-read threat-network-exfiltration threat-network-outbound-shady-links threat-process-download-exec threat-process-hooks threat-runtime-environment-read threat-runtime-obfuscation-base64exec,3.751,medium,install_script
@art-ws/http-server,2.0.25,2025-09-15,dev,False,high_risk,8.6,threat-filesystem-read threat-network-exfiltration threat-network-outbound-shady-links threat-process-download-exec threat-process-hooks threat-runtime-environment-read threat-runtime-obfuscation-base64exec,4.071,medium,install_script
@art-ws/openapi,0.1.12,2025-09-15,dev,False,high_risk,8.6,threat-filesystem-read threat-network-exfiltration threat-network-outbound-shady-links threat-process-download-exec threat-process-hooks threat-runtime-environment-read threat-runtime-obfuscation-base64exec,2.909,medium,install_script
@art-ws/openapi,0.1.9,2025-09-15,holdout,False,high_risk,8.6,threat-filesystem-read threat-network-exfiltration threat-network-outbound-shady-links threat-process-download-exec threat-process-hooks threat-runtime-environment-read threat-runtime-obfuscation-base64exec,2.952,medium,install_script
@art-ws/package-base,1.0.5,2025-09-15,dev,False,high_risk,8.6,threat-filesystem-read threat-network-exfiltration threat-network-outbound-shady-links threat-process-download-exec threat-process-hooks threat-runtime-environment-read threat-runtime-obfuscation-base64exec,2.875,medium,install_script
@art-ws/prettier,1.0.5,2025-09-15,holdout,False,high_risk,8.6,threat-filesystem-read threat-network-exfiltration threat-network-outbound-shady-links threat-process-download-exec threat-process-hooks threat-runtime-environment-read threat-runtime-obfuscation-base64exec,3.323,medium,install_script
@art-ws/slf,2.0.15,2025-09-15,dev,False,high_risk,8.6,threat-filesystem-read threat-network-exfiltration threat-network-outbound-shady-links threat-process-download-exec threat-process-hooks threat-runtime-environment-read threat-runtime-obfuscation-base64exec,3.439,medium,install_script
@art-ws/slf,2.0.22,2025-09-15,dev,False,high_risk,8.6,threat-filesystem-read threat-network-exfiltration threat-network-outbound-shady-links threat-process-download-exec threat-process-hooks threat-runtime-environment-read threat-runtime-obfuscation-base64exec,3.167,medium,install_script
@art-ws/ssl-info,1.0.10,2025-09-15,holdout,False,high_risk,8.6,threat-filesystem-read threat-network-exfiltration threat-network-outbound-shady-links threat-process-download-exec threat-process-hooks threat-runtime-environment-read threat-runtime-obfuscation-base64exec,2.948,medium,install_script
@art-ws/ssl-info,1.0.9,2025-09-15,dev,False,high_risk,8.6,threat-filesystem-read threat-network-exfiltration threat-network-outbound-shady-links threat-process-download-exec threat-process-hooks threat-runtime-environment-read threat-runtime-obfuscation-base64exec,3.327,medium,install_script
@art-ws/web-app,1.0.3,2025-09-15,holdout,False,high_risk,8.6,threat-filesystem-read threat-network-exfiltration threat-network-outbound-shady-links threat-process-download-exec threat-process-hooks threat-runtime-environment-read threat-runtime-obfuscation-base64exec,3.634,medium,install_script
@aryanhussain/my-angular-lib,0.0.23,2025-11-24,holdout,False,high_risk,9.4,threat-filesystem-autostart threat-filesystem-destruction threat-npm-preinstall-script threat-process-download-exec threat-process-hooks threat-runtime-obfuscation-base64exec threat-runtime-obfuscation-js-mangling,9.619,medium,install_script
@asyncapi/avro-schema-parser,3.0.26,2025-11-24,holdout,False,high_risk,9.4,threat-filesystem-autostart threat-filesystem-destruction threat-npm-preinstall-script threat-process-download-exec threat-process-hooks threat-runtime-obfuscation-base64exec threat-runtime-obfuscation-js-mangling,8.414,low,install_script
@asyncapi/bundler,0.6.6,2025-11-24,dev,False,high_risk,9.4,threat-filesystem-autostart threat-filesystem-destruction threat-npm-preinstall-script threat-process-download-exec threat-process-hooks threat-runtime-obfuscation-base64exec threat-runtime-obfuscation-js-mangling,8.763,low,install_script
@asyncapi/cli,4.1.3,2025-11-24,holdout,False,high_risk,9.4,threat-filesystem-autostart threat-filesystem-destruction threat-npm-preinstall-script threat-process-download-exec threat-process-hooks threat-runtime-environment-read threat-runtime-obfuscation-base64exec threat-runtime-obfuscation-js-mangling,9.185,low,install_script
@asyncapi/converter,1.6.4,2025-11-24,holdout,False,high_risk,9.4,threat-filesystem-autostart threat-filesystem-destruction threat-npm-preinstall-script threat-process-download-exec threat-process-hooks threat-runtime-obfuscation-base64exec threat-runtime-obfuscation-js-mangling,8.109,low,install_script
@asyncapi/diff,0.5.1,2025-11-24,dev,False,high_risk,8.8,threat-filesystem-autostart threat-filesystem-read threat-npm-preinstall-script threat-process-download-exec threat-process-hooks threat-runtime-obfuscation-base64exec threat-runtime-obfuscation-js-mangling,8.908,medium,install_script
@asyncapi/generator-components,0.3.3,2025-11-24,holdout,False,high_risk,9.4,threat-filesystem-autostart threat-filesystem-destruction threat-npm-preinstall-script threat-process-download-exec threat-process-hooks threat-runtime-obfuscation-base64exec threat-runtime-obfuscation-js-mangling,9.159,low,install_script
@asyncapi/generator-helpers,0.2.2,2025-11-24,holdout,False,high_risk,9.4,threat-filesystem-autostart threat-filesystem-destruction threat-npm-preinstall-script threat-process-download-exec threat-process-hooks threat-runtime-obfuscation-base64exec threat-runtime-obfuscation-js-mangling,9.024,low,install_script
@asyncapi/generator-react-sdk,1.1.4,2025-11-24,holdout,False,high_risk,8.8,threat-filesystem-autostart threat-filesystem-read threat-npm-preinstall-script threat-process-download-exec threat-process-hooks threat-runtime-obfuscation-base64exec threat-runtime-obfuscation-js-mangling,9.032,medium,install_script
@asyncapi/generator,2.8.6,2025-11-24,holdout,False,high_risk,9.4,threat-filesystem-autostart threat-filesystem-destruction threat-npm-preinstall-script threat-process-download-exec threat-process-hooks threat-runtime-obfuscation-base64exec threat-runtime-obfuscation-js-mangling,10.42,low,install_script
@asyncapi/html-template,3.3.2,2025-11-24,holdout,False,high_risk,9.4,threat-filesystem-autostart threat-filesystem-read threat-network-outbound-shady-links threat-npm-preinstall-script threat-process-download-exec threat-process-hooks threat-runtime-obfuscation-base64exec threat-runtime-obfuscation-js-mangling,14.713,medium,install_script
@asyncapi/java-spring-template,1.6.2,2025-11-24,dev,False,high_risk,9.4,threat-filesystem-autostart threat-filesystem-destruction threat-npm-preinstall-script threat-process-download-exec threat-process-hooks threat-runtime-environment-read threat-runtime-obfuscation-base64exec threat-runtime-obfuscation-js-mangling,11.685,low,install_script
@asyncapi/java-template,0.3.5,2025-11-24,dev,False,high_risk,8.8,threat-filesystem-autostart threat-filesystem-read threat-npm-preinstall-script threat-process-download-exec threat-process-hooks threat-runtime-environment-read threat-runtime-obfuscation-base64exec threat-runtime-obfuscation-js-mangling,10.125,medium,install_script
@asyncapi/keeper,0.0.3,2025-11-24,holdout,False,high_risk,9.4,threat-filesystem-autostart threat-filesystem-destruction threat-npm-preinstall-script threat-process-download-exec threat-process-hooks threat-runtime-obfuscation-base64exec threat-runtime-obfuscation-js-mangling,8.517,low,install_script
@asyncapi/markdown-template,1.6.8,2025-11-24,holdout,False,high_risk,8.8,threat-filesystem-autostart threat-filesystem-read threat-npm-preinstall-script threat-process-download-exec threat-process-hooks threat-runtime-environment-read threat-runtime-obfuscation-base64exec threat-runtime-obfuscation-js-mangling,9.927,medium,install_script
@asyncapi/modelina,5.10.2,2025-11-24,dev,False,high_risk,8.8,threat-filesystem-autostart threat-filesystem-read threat-npm-preinstall-script threat-process-download-exec threat-process-hooks threat-runtime-obfuscation-base64exec threat-runtime-obfuscation-js-mangling,14.714,medium,install_script
@asyncapi/modelina,5.10.3,2025-11-24,holdout,False,high_risk,9.4,threat-filesystem-autostart threat-filesystem-destruction threat-npm-preinstall-script threat-process-download-exec threat-process-hooks threat-runtime-obfuscation-base64exec threat-runtime-obfuscation-js-mangling,14.104,low,install_script
@asyncapi/multi-parser,2.2.2,2025-11-24,dev,False,high_risk,9.4,threat-filesystem-autostart threat-filesystem-destruction threat-npm-preinstall-script threat-process-download-exec threat-process-hooks threat-runtime-obfuscation-base64exec threat-runtime-obfuscation-js-mangling,9.847,low,install_script
@asyncapi/nodejs-template,3.0.5,2025-11-24,holdout,False,high_risk,8.8,threat-filesystem-autostart threat-filesystem-read threat-npm-preinstall-script threat-process-download-exec threat-process-hooks threat-runtime-environment-read threat-runtime-obfuscation-base64exec threat-runtime-obfuscation-js-mangling,10.062,medium,install_script
@asyncapi/nunjucks-filters,2.1.2,2025-11-24,dev,False,high_risk,9.4,threat-filesystem-autostart threat-filesystem-destruction threat-npm-preinstall-script threat-process-download-exec threat-process-hooks threat-runtime-obfuscation-base64exec threat-runtime-obfuscation-js-mangling,9.287,low,install_script
@asyncapi/openapi-schema-parser,3.0.26,2025-11-24,dev,False,high_risk,9.4,threat-filesystem-autostart threat-filesystem-destruction threat-npm-preinstall-script threat-process-download-exec threat-process-hooks threat-runtime-obfuscation-base64exec threat-runtime-obfuscation-js-mangling,9.629,low,install_script
@asyncapi/optimizer,1.0.6,2025-11-24,holdout,False,high_risk,9.4,threat-filesystem-autostart threat-filesystem-destruction threat-npm-preinstall-script threat-process-download-exec threat-process-hooks threat-runtime-obfuscation-base64exec threat-runtime-obfuscation-js-mangling,8.108,low,install_script
@asyncapi/parser,3.4.1,2025-11-24,holdout,False,high_risk,9.4,threat-filesystem-autostart threat-filesystem-read threat-network-outbound-shady-links threat-npm-preinstall-script threat-process-download-exec threat-process-hooks threat-runtime-obfuscation-base64exec threat-runtime-obfuscation-js-mangling,10.708,medium,install_script
@asyncapi/parser,3.4.2,2025-11-24,holdout,False,high_risk,9.4,threat-filesystem-autostart threat-filesystem-destruction threat-network-outbound-shady-links threat-npm-preinstall-script threat-process-download-exec threat-process-hooks threat-runtime-obfuscation-base64exec threat-runtime-obfuscation-js-mangling,11.193,low,install_script
@asyncapi/php-template,0.1.1,2025-11-24,holdout,False,high_risk,8.8,threat-filesystem-autostart threat-filesystem-read threat-npm-preinstall-script threat-process-download-exec threat-process-hooks threat-runtime-environment-read threat-runtime-obfuscation-base64exec threat-runtime-obfuscation-js-mangling,7.207,medium,install_script
@asyncapi/problem,1.0.1,2025-11-24,dev,False,high_risk,8.8,threat-filesystem-autostart threat-filesystem-read threat-npm-preinstall-script threat-process-download-exec threat-process-hooks threat-runtime-obfuscation-base64exec threat-runtime-obfuscation-js-mangling,7.49,medium,install_script
@asyncapi/protobuf-schema-parser,3.5.2,2025-11-24,holdout,False,high_risk,8.8,threat-filesystem-autostart threat-filesystem-read threat-npm-preinstall-script threat-process-download-exec threat-process-hooks threat-runtime-obfuscation-base64exec threat-runtime-obfuscation-js-mangling,6.853,medium,install_script
@asyncapi/protobuf-schema-parser,3.5.3,2025-11-24,dev,False,high_risk,9.4,threat-filesystem-autostart threat-filesystem-destruction threat-npm-preinstall-script threat-process-download-exec threat-process-hooks threat-runtime-obfuscation-base64exec threat-runtime-obfuscation-js-mangling,6.998,low,install_script
@asyncapi/python-paho-template,0.2.14,2025-11-24,dev,False,high_risk,8.8,threat-filesystem-autostart threat-filesystem-read threat-npm-preinstall-script threat-process-download-exec threat-process-hooks threat-runtime-obfuscation-base64exec threat-runtime-obfuscation-js-mangling,7.657,medium,install_script
@asyncapi/react-component,2.6.7,2025-11-24,holdout,False,high_risk,9.4,threat-filesystem-autostart threat-filesystem-destruction threat-network-outbound-shady-links threat-npm-preinstall-script threat-process-download-exec threat-process-hooks threat-runtime-obfuscation-base64exec threat-runtime-obfuscation-js-mangling,13.421,low,install_script
@asyncapi/server-api,0.16.24,2025-11-24,dev,False,high_risk,8.8,threat-filesystem-autostart threat-filesystem-read threat-npm-preinstall-script threat-process-download-exec threat-process-hooks threat-runtime-environment-read threat-runtime-obfuscation-base64exec threat-runtime-obfuscation-js-mangling,7.927,medium,install_script
@asyncapi/specs,6.10.1,2025-11-24,dev,False,high_risk,8.8,threat-filesystem-autostart threat-filesystem-read threat-npm-preinstall-script threat-process-download-exec threat-process-hooks threat-runtime-obfuscation-base64exec threat-runtime-obfuscation-js-mangling,10.298,medium,install_script
@asyncapi/specs,6.8.2,2025-11-24,holdout,False,high_risk,8.8,threat-filesystem-autostart threat-filesystem-read threat-npm-preinstall-script threat-process-download-exec threat-process-hooks threat-runtime-obfuscation-base64exec threat-runtime-obfuscation-js-mangling,9.208,medium,install_script
@asyncapi/specs,6.8.3,2025-11-24,holdout,False,high_risk,9.4,threat-filesystem-autostart threat-filesystem-destruction threat-npm-preinstall-script threat-process-download-exec threat-process-hooks threat-runtime-obfuscation-base64exec threat-runtime-obfuscation-js-mangling,9.205,low,install_script
@asyncapi/studio,1.0.2,2025-11-24,holdout,False,high_risk,10.0,threat-filesystem-autostart threat-filesystem-destruction threat-filesystem-read threat-network-exfiltration threat-network-outbound-shady-links threat-npm-http-dependency threat-npm-preinstall-script threat-process-download-exec threat-process-hooks threat-process-memory threat-process-spawn-silent threat-runtime-environment-read threat-runtime-obfuscation threat-runtime-obfuscation-base64exec threat-runtime-obfuscation-general threat-runtime-obfuscation-js-mangling threat-runtime-obfuscation-log-suppress threat-runtime-obfuscation-steganography threat-runtime-obfuscation-unicode,77.955,medium,install_script
@asyncapi/studio,1.0.3,2025-11-24,dev,False,high_risk,10.0,threat-filesystem-autostart threat-filesystem-destruction threat-filesystem-read threat-network-exfiltration threat-network-outbound-shady-links threat-npm-http-dependency threat-npm-preinstall-script threat-process-download-exec threat-process-hooks threat-process-memory threat-process-spawn-silent threat-runtime-environment-read threat-runtime-obfuscation threat-runtime-obfuscation-base64exec threat-runtime-obfuscation-general threat-runtime-obfuscation-js-mangling threat-runtime-obfuscation-log-suppress threat-runtime-obfuscation-steganography threat-runtime-obfuscation-unicode,82.535,low,install_script
@automagik/genie,4.260421.33,2026-04-21,holdout,False,high_risk,9.4,threat-filesystem-autostart threat-filesystem-destruction threat-filesystem-read threat-network-exfil-sysinfo threat-process-download-exec threat-process-hooks threat-runtime-enumeration threat-runtime-environment-read threat-runtime-keylogging threat-runtime-obfuscation threat-runtime-obfuscation-general threat-runtime-system-info,6.07,medium,install_script
@automagik/genie,4.260421.34,2026-04-21,dev,False,high_risk,9.4,threat-filesystem-autostart threat-filesystem-destruction threat-filesystem-read threat-network-exfil-sysinfo threat-process-download-exec threat-process-hooks threat-runtime-enumeration threat-runtime-environment-read threat-runtime-keylogging threat-runtime-obfuscation threat-runtime-obfuscation-general threat-runtime-system-info,5.649,medium,install_script
@automagik/genie,4.260421.36,2026-04-21,holdout,False,high_risk,9.4,threat-filesystem-autostart threat-filesystem-destruction threat-filesystem-read threat-network-exfil-sysinfo threat-process-download-exec threat-process-hooks threat-runtime-enumeration threat-runtime-environment-read threat-runtime-keylogging threat-runtime-obfuscation threat-runtime-obfuscation-general threat-runtime-system-info,6.064,medium,install_script
@automagik/genie,4.260421.37,2026-04-21,holdout,False,high_risk,9.4,threat-filesystem-autostart threat-filesystem-destruction threat-filesystem-read threat-network-exfil-sysinfo threat-process-download-exec threat-process-hooks threat-runtime-enumeration threat-runtime-environment-read threat-runtime-keylogging threat-runtime-obfuscation threat-runtime-obfuscation-general threat-runtime-system-info,8.154,medium,install_script
@automagik/genie,4.260421.38,2026-04-21,dev,False,high_risk,9.4,threat-filesystem-autostart threat-filesystem-destruction threat-filesystem-read threat-network-exfil-sysinfo threat-process-download-exec threat-process-hooks threat-runtime-enumeration threat-runtime-environment-read threat-runtime-keylogging threat-runtime-obfuscation threat-runtime-obfuscation-general threat-runtime-system-info,8.965,medium,install_script
@automagik/genie,4.260421.39,2026-04-22,dev,False,high_risk,9.4,threat-filesystem-autostart threat-filesystem-destruction threat-filesystem-read threat-network-exfil-sysinfo threat-process-download-exec threat-process-hooks threat-runtime-enumeration threat-runtime-environment-read threat-runtime-keylogging threat-runtime-obfuscation threat-runtime-obfuscation-general threat-runtime-system-info,6.819,medium,install_script
@beproduct/nestjs-auth,0.1.14,2026-05-11,dev,False,high_risk,8.6,threat-filesystem-destruction threat-npm-preinstall-script threat-runtime-environment-read threat-runtime-obfuscation threat-runtime-obfuscation-js-mangling,3.75,medium,install_script
@beproduct/nestjs-auth,0.1.16,2026-05-11,holdout,False,high_risk,8.6,threat-filesystem-destruction threat-npm-preinstall-script threat-runtime-environment-read threat-runtime-obfuscation threat-runtime-obfuscation-js-mangling,3.624,medium,install_script
@beproduct/nestjs-auth,0.1.17,2026-05-11,dev,False,high_risk,8.0,threat-npm-preinstall-script threat-runtime-environment-read threat-runtime-obfuscation threat-runtime-obfuscation-js-mangling,4.457,medium,install_script
@beproduct/nestjs-auth,0.1.19,2026-05-11,holdout,False,high_risk,8.0,threat-npm-preinstall-script threat-runtime-environment-read threat-runtime-obfuscation threat-runtime-obfuscation-js-mangling,2.009,medium,install_script
@beproduct/nestjs-auth,0.1.8,2026-05-11,dev,False,high_risk,8.6,threat-filesystem-destruction threat-npm-preinstall-script threat-runtime-environment-read threat-runtime-obfuscation threat-runtime-obfuscation-js-mangling,4.22,medium,install_script
@bitwarden/cli,2026.4.0,2026-04-23,holdout,False,high_risk,8.0,threat-filesystem-autostart threat-npm-preinstall-script threat-process-hooks threat-runtime-environment-read threat-runtime-obfuscation threat-runtime-obfuscation-js-mangling,10.687,,
@browserbasehq/bb9,1.2.21,2025-11-24,dev,False,high_risk,9.4,threat-filesystem-autostart threat-filesystem-destruction threat-filesystem-read threat-npm-preinstall-script threat-process-download-exec threat-process-hooks threat-runtime-environment-read threat-runtime-obfuscation-base64exec threat-runtime-obfuscation-js-mangling,9.211,high,publisher_change install_script
@browserbasehq/director-ai,1.0.3,2025-11-24,dev,False,high_risk,9.4,threat-filesystem-autostart threat-filesystem-destruction threat-filesystem-read threat-npm-preinstall-script threat-process-download-exec threat-process-hooks threat-runtime-environment-read threat-runtime-obfuscation-base64exec threat-runtime-obfuscation-js-mangling,10.116,high,publisher_change install_script
@browserbasehq/mcp,2.1.1,2025-11-24,holdout,False,high_risk,9.4,threat-filesystem-autostart threat-filesystem-destruction threat-npm-preinstall-script threat-process-download-exec threat-process-hooks threat-runtime-environment-read threat-runtime-obfuscation-base64exec threat-runtime-obfuscation-js-mangling,15.025,high,publisher_change install_script
@browserbasehq/sdk-functions,0.0.4,2025-11-24,dev,False,high_risk,9.4,threat-filesystem-autostart threat-filesystem-destruction threat-filesystem-read threat-npm-preinstall-script threat-process-download-exec threat-process-hooks threat-runtime-environment-read threat-runtime-obfuscation-base64exec threat-runtime-obfuscation-js-mangling,12.779,high,publisher_change install_script
@browserbasehq/stagehand,3.0.4,2025-11-24,dev,False,high_risk,9.4,threat-filesystem-autostart threat-filesystem-destruction threat-filesystem-read threat-network-exfiltration threat-npm-preinstall-script threat-process-download-exec threat-process-hooks threat-runtime-environment-read threat-runtime-obfuscation-base64exec threat-runtime-obfuscation-js-mangling,12.213,high,publisher_change install_script
@cap-js/db-service,2.10.1,2026-04-29,dev,False,high_risk,8.0,threat-npm-preinstall-script threat-runtime-environment-read threat-runtime-obfuscation threat-runtime-obfuscation-js-mangling,10.01,high,provenance_dropped install_script
@cap-js/postgres,2.2.2,2026-04-29,dev,False,high_risk,8.0,threat-npm-preinstall-script threat-runtime-environment-read threat-runtime-obfuscation threat-runtime-obfuscation-js-mangling,9.105,high,provenance_dropped install_script
@cap-js/sqlite,2.2.2,2026-04-29,holdout,False,suspicious,5.9,threat-filesystem-read threat-npm-preinstall-script threat-runtime-environment-read threat-runtime-obfuscation threat-runtime-obfuscation-js-mangling,9.606,high,provenance_dropped install_script
@clausehq/flows-step-mqtt,0.1.14,2025-11-24,holdout,False,high_risk,9.4,threat-filesystem-autostart threat-filesystem-destruction threat-npm-preinstall-script threat-process-download-exec threat-process-hooks threat-runtime-obfuscation-base64exec threat-runtime-obfuscation-js-mangling,6.752,high,maintainer_change install_script
@clausehq/flows-step-sendgridemail,0.1.14,2025-11-24,holdout,False,high_risk,9.4,threat-filesystem-autostart threat-filesystem-destruction threat-npm-preinstall-script threat-process-download-exec threat-process-hooks threat-runtime-obfuscation-base64exec threat-runtime-obfuscation-js-mangling,7.663,high,maintainer_change install_script
@clausehq/flows-step-taskscreateurl,0.1.14,2025-11-24,dev,False,high_risk,9.4,threat-filesystem-autostart threat-filesystem-destruction threat-npm-preinstall-script threat-process-download-exec threat-process-hooks threat-runtime-obfuscation-base64exec threat-runtime-obfuscation-js-mangling,7.033,high,maintainer_change install_script
@coveops/abi,2.0.1,2025-09-09,holdout,False,high_risk,7.6,threat-network-outbound-shady-links threat-runtime-environment-read threat-runtime-obfuscation-js-mangling,1.585,medium,publisher_change
@crowdstrike/commitlint,8.1.1,2025-09-16,dev,False,high_risk,8.6,threat-filesystem-read threat-network-exfiltration threat-network-outbound-shady-links threat-process-download-exec threat-process-hooks threat-runtime-environment-read threat-runtime-obfuscation-base64exec,3.204,medium,install_script
@crowdstrike/commitlint,8.1.2,2025-09-16,dev,False,high_risk,8.6,threat-filesystem-read threat-network-exfiltration threat-network-outbound-shady-links threat-process-download-exec threat-process-hooks threat-runtime-environment-read threat-runtime-obfuscation-base64exec,2.897,low,install_script
@crowdstrike/falcon-shoelace,0.4.1,2025-09-16,holdout,False,high_risk,8.6,threat-filesystem-read threat-network-exfiltration threat-network-outbound-shady-links threat-process-download-exec threat-process-hooks threat-runtime-environment-read threat-runtime-obfuscation-base64exec,3.312,medium,install_script
@crowdstrike/falcon-shoelace,0.4.2,2025-09-16,dev,False,high_risk,8.6,threat-filesystem-read threat-network-exfiltration threat-network-outbound-shady-links threat-process-download-exec threat-process-hooks threat-runtime-environment-read threat-runtime-obfuscation-base64exec,3.109,low,install_script
@crowdstrike/foundry-js,0.19.1,2025-09-16,holdout,False,high_risk,8.6,threat-filesystem-read threat-network-exfiltration threat-network-outbound-shady-links threat-process-download-exec threat-process-hooks threat-runtime-environment-read threat-runtime-obfuscation-base64exec,3.247,medium,install_script
@crowdstrike/foundry-js,0.19.2,2025-09-16,dev,False,high_risk,8.6,threat-filesystem-read threat-network-exfiltration threat-network-outbound-shady-links threat-process-download-exec threat-process-hooks threat-runtime-environment-read threat-runtime-obfuscation-base64exec,3.664,low,install_script
@crowdstrike/glide-core,0.34.2,2025-09-16,holdout,False,high_risk,8.6,threat-filesystem-read threat-network-exfiltration threat-network-outbound-shady-links threat-process-download-exec threat-process-hooks threat-runtime-environment-read threat-runtime-obfuscation-base64exec,3.783,medium,provenance_dropped install_script
@crowdstrike/glide-core,0.34.3,2025-09-16,holdout,False,high_risk,8.6,threat-filesystem-read threat-network-exfiltration threat-network-outbound-shady-links threat-process-download-exec threat-process-hooks threat-runtime-environment-read threat-runtime-obfuscation-base64exec,3.872,low,install_script
@crowdstrike/logscale-file-editor,1.205.2,2025-09-16,holdout,False,high_risk,8.6,threat-filesystem-read threat-network-exfiltration threat-network-outbound-shady-links threat-process-download-exec threat-process-hooks threat-runtime-environment-read threat-runtime-obfuscation-base64exec,4.693,low,install_script
@crowdstrike/tailwind-toucan-base,5.0.1,2025-09-16,dev,False,high_risk,8.6,threat-filesystem-read threat-network-exfiltration threat-network-outbound-shady-links threat-process-download-exec threat-process-hooks threat-runtime-environment-read threat-runtime-obfuscation-base64exec,3.303,medium,install_script
@crowdstrike/tailwind-toucan-base,5.0.2,2025-09-16,dev,False,high_risk,8.6,threat-filesystem-read threat-network-exfiltration threat-network-outbound-shady-links threat-process-download-exec threat-process-hooks threat-runtime-environment-read threat-runtime-obfuscation-base64exec,3.128,low,install_script
@ctrl/deluge,7.2.1,2025-09-15,holdout,False,high_risk,8.6,threat-filesystem-read threat-network-exfiltration threat-network-outbound-shady-links threat-process-download-exec threat-process-hooks threat-runtime-environment-read threat-runtime-obfuscation-base64exec,3.811,high,provenance_dropped install_script
@ctrl/deluge,7.2.2,2025-09-15,holdout,False,high_risk,8.6,threat-filesystem-read threat-network-exfiltration threat-network-outbound-shady-links threat-process-download-exec threat-process-hooks threat-runtime-environment-read threat-runtime-obfuscation-base64exec,3.443,medium,install_script
@ctrl/golang-template,1.4.2,2025-09-15,holdout,False,high_risk,8.6,threat-filesystem-read threat-network-exfiltration threat-network-outbound-shady-links threat-process-download-exec threat-process-hooks threat-runtime-environment-read threat-runtime-obfuscation-base64exec,2.859,medium,install_script
@ctrl/golang-template,1.4.3,2025-09-15,dev,False,high_risk,8.6,threat-filesystem-read threat-network-exfiltration threat-network-outbound-shady-links threat-process-download-exec threat-process-hooks threat-runtime-environment-read threat-runtime-obfuscation-base64exec,2.82,medium,install_script
@ctrl/magnet-link,4.0.3,2025-09-15,holdout,False,high_risk,8.6,threat-filesystem-read threat-network-exfiltration threat-network-outbound-shady-links threat-process-download-exec threat-process-hooks threat-runtime-environment-read threat-runtime-obfuscation-base64exec,3.887,high,provenance_dropped install_script
@ctrl/magnet-link,4.0.4,2025-09-15,holdout,False,high_risk,8.6,threat-filesystem-read threat-network-exfiltration threat-network-outbound-shady-links threat-process-download-exec threat-process-hooks threat-runtime-environment-read threat-runtime-obfuscation-base64exec,3.373,medium,install_script
@ctrl/ngx-codemirror,7.0.1,2025-09-15,holdout,False,high_risk,8.6,threat-filesystem-read threat-network-exfiltration threat-network-outbound-shady-links threat-process-download-exec threat-process-hooks threat-runtime-environment-read threat-runtime-obfuscation-base64exec,3.356,high,provenance_dropped install_script
@ctrl/ngx-codemirror,7.0.2,2025-09-15,dev,False,high_risk,8.6,threat-filesystem-read threat-network-exfiltration threat-network-outbound-shady-links threat-process-download-exec threat-process-hooks threat-runtime-environment-read threat-runtime-obfuscation-base64exec,3.083,medium,install_script
@ctrl/ngx-csv,6.0.1,2025-09-15,dev,False,high_risk,8.6,threat-filesystem-read threat-network-exfiltration threat-network-outbound-shady-links threat-process-download-exec threat-process-hooks threat-runtime-environment-read threat-runtime-obfuscation-base64exec,3.491,medium,install_script
@ctrl/ngx-csv,6.0.2,2025-09-15,holdout,False,high_risk,8.6,threat-filesystem-read threat-network-exfiltration threat-network-outbound-shady-links threat-process-download-exec threat-process-hooks threat-runtime-environment-read threat-runtime-obfuscation-base64exec,3.082,medium,install_script
@ctrl/ngx-rightclick,4.0.1,2025-09-15,holdout,False,high_risk,8.6,threat-filesystem-read threat-network-exfiltration threat-network-outbound-shady-links threat-process-download-exec threat-process-hooks threat-runtime-environment-read threat-runtime-obfuscation-base64exec,3.264,medium,install_script
@ctrl/ngx-rightclick,4.0.2,2025-09-15,holdout,False,high_risk,8.6,threat-filesystem-read threat-network-exfiltration threat-network-outbound-shady-links threat-process-download-exec threat-process-hooks threat-runtime-environment-read threat-runtime-obfuscation-base64exec,3.292,medium,install_script
@ctrl/qbittorrent,9.7.1,2025-09-15,holdout,False,high_risk,8.6,threat-filesystem-read threat-network-exfiltration threat-network-outbound-shady-links threat-process-download-exec threat-process-hooks threat-runtime-environment-read threat-runtime-obfuscation-base64exec,3.68,high,provenance_dropped install_script
@ctrl/qbittorrent,9.7.2,2025-09-15,dev,False,high_risk,8.6,threat-filesystem-read threat-network-exfiltration threat-network-outbound-shady-links threat-process-download-exec threat-process-hooks threat-runtime-environment-read threat-runtime-obfuscation-base64exec,4.726,medium,install_script
@ctrl/react-adsense,2.0.1,2025-09-15,dev,False,high_risk,8.6,threat-filesystem-read threat-network-exfiltration threat-network-outbound-shady-links threat-process-download-exec threat-process-hooks threat-runtime-environment-read threat-runtime-obfuscation-base64exec,4.424,high,provenance_dropped install_script
@ctrl/react-adsense,2.0.2,2025-09-15,dev,False,high_risk,8.6,threat-filesystem-read threat-network-exfiltration threat-network-outbound-shady-links threat-process-download-exec threat-process-hooks threat-runtime-environment-read threat-runtime-obfuscation-base64exec,4.197,medium,install_script
@ctrl/shared-torrent,6.3.1,2025-09-15,holdout,False,high_risk,8.6,threat-filesystem-read threat-network-exfiltration threat-network-outbound-shady-links threat-process-download-exec threat-process-hooks threat-runtime-environment-read threat-runtime-obfuscation-base64exec,3.982,high,provenance_dropped install_script
@ctrl/shared-torrent,6.3.2,2025-09-15,holdout,False,high_risk,8.6,threat-filesystem-read threat-network-exfiltration threat-network-outbound-shady-links threat-process-download-exec threat-process-hooks threat-runtime-environment-read threat-runtime-obfuscation-base64exec,4.337,medium,install_script
@ctrl/tinycolor,4.1.1,2025-09-15,dev,False,high_risk,8.6,threat-filesystem-read threat-network-exfiltration threat-network-outbound-shady-links threat-process-download-exec threat-process-hooks threat-runtime-environment-read threat-runtime-obfuscation-base64exec,4.195,medium,install_script
@ctrl/tinycolor,4.1.2,2025-09-15,holdout,False,high_risk,8.6,threat-filesystem-read threat-network-exfiltration threat-network-outbound-shady-links threat-process-download-exec threat-process-hooks threat-runtime-environment-read threat-runtime-obfuscation-base64exec,3.822,medium,install_script
@ctrl/torrent-file,4.1.1,2025-09-15,holdout,False,high_risk,8.6,threat-filesystem-read threat-network-exfiltration threat-network-outbound-shady-links threat-process-download-exec threat-process-hooks threat-runtime-environment-read threat-runtime-obfuscation-base64exec,4.193,high,provenance_dropped install_script
@ctrl/torrent-file,4.1.2,2025-09-15,dev,False,high_risk,8.6,threat-filesystem-read threat-network-exfiltration threat-network-outbound-shady-links threat-process-download-exec threat-process-hooks threat-runtime-environment-read threat-runtime-obfuscation-base64exec,3.98,medium,install_script
@ctrl/transmission,7.3.1,2025-09-15,dev,False,high_risk,8.6,threat-filesystem-read threat-network-exfiltration threat-network-outbound-shady-links threat-process-download-exec threat-process-hooks threat-runtime-environment-read threat-runtime-obfuscation-base64exec,4.294,high,provenance_dropped install_script
@ctrl/ts-base32,4.0.1,2025-09-15,holdout,False,high_risk,8.6,threat-filesystem-read threat-network-exfiltration threat-network-outbound-shady-links threat-process-download-exec threat-process-hooks threat-runtime-environment-read threat-runtime-obfuscation-base64exec,4.014,high,provenance_dropped install_script
@ctrl/ts-base32,4.0.2,2025-09-15,holdout,False,high_risk,8.6,threat-filesystem-read threat-network-exfiltration threat-network-outbound-shady-links threat-process-download-exec threat-process-hooks threat-runtime-environment-read threat-runtime-obfuscation-base64exec,4.287,medium,install_script
@dev-blinq/cucumber-js,1.0.131,2025-11-24,dev,False,high_risk,9.4,threat-filesystem-autostart threat-filesystem-destruction threat-npm-preinstall-script threat-process-download-exec threat-process-hooks threat-runtime-environment-read threat-runtime-obfuscation-base64exec threat-runtime-obfuscation-js-mangling,10.7,high,publisher_change install_script
@dev-blinq/cucumber_client,1.0.738,2025-11-24,dev,False,high_risk,9.4,threat-filesystem-autostart threat-filesystem-destruction threat-npm-preinstall-script threat-process-download-exec threat-process-hooks threat-runtime-environment-read threat-runtime-obfuscation-base64exec threat-runtime-obfuscation-js-mangling,11.152,high,publisher_change install_script
@dirigible-ai/sdk,0.6.3,2026-05-11,dev,False,high_risk,8.6,threat-filesystem-destruction threat-npm-preinstall-script threat-runtime-environment-read threat-runtime-obfuscation threat-runtime-obfuscation-js-mangling,2.905,medium,install_script
@draftauth/client,0.2.2,2026-05-11,holdout,False,high_risk,8.6,threat-filesystem-destruction threat-npm-preinstall-script threat-runtime-environment-read threat-runtime-obfuscation threat-runtime-obfuscation-js-mangling,2.813,medium,install_script
@draftauth/core,0.13.2,2026-05-11,dev,False,high_risk,8.6,threat-filesystem-destruction threat-npm-preinstall-script threat-runtime-environment-read threat-runtime-obfuscation threat-runtime-obfuscation-js-mangling,2.964,medium,install_script
@draftlab/auth-router,0.5.2,2026-05-11,holdout,False,high_risk,8.6,threat-filesystem-destruction threat-npm-preinstall-script threat-runtime-environment-read threat-runtime-obfuscation threat-runtime-obfuscation-js-mangling,2.135,medium,install_script
@draftlab/auth,0.24.2,2026-05-11,holdout,False,high_risk,8.6,threat-filesystem-destruction threat-npm-preinstall-script threat-runtime-environment-read threat-runtime-obfuscation threat-runtime-obfuscation-js-mangling,2.042,medium,install_script
@draftlab/db,0.16.2,2026-05-11,holdout,False,high_risk,8.6,threat-filesystem-destruction threat-npm-preinstall-script threat-runtime-environment-read threat-runtime-obfuscation threat-runtime-obfuscation-js-mangling,1.922,medium,install_script
@duckdb/duckdb-wasm,1.29.2,2025-09-09,holdout,False,high_risk,8.8,threat-filesystem-destruction threat-runtime-obfuscation-js-mangling,27.492,medium,publisher_change
@duckdb/node-api,1.3.3,2025-09-09,holdout,False,high_risk,7.2,threat-runtime-obfuscation-js-mangling,0.947,,
@emilgroup/account-sdk-node,1.40.1,2026-03-20,holdout,False,suspicious,6.1,threat-process-hooks threat-runtime-environment-read,0.696,high,maintainer_change install_script
@emilgroup/account-sdk,1.41.1,2026-03-20,dev,False,suspicious,6.1,threat-process-hooks threat-runtime-environment-read,0.515,high,maintainer_change install_script
@emilgroup/accounting-sdk-node,1.26.1,2026-03-20,holdout,False,suspicious,6.1,threat-process-hooks threat-runtime-environment-read,0.565,high,maintainer_change install_script
@emilgroup/accounting-sdk,1.27.3,2026-03-20,dev,False,suspicious,5.9,threat-filesystem-read threat-process-hooks threat-process-spawn-silent threat-runtime-environment-read,0.504,high,maintainer_change install_script
@emilgroup/api-documentation,1.19.1,2026-03-20,dev,False,suspicious,6.1,threat-process-hooks threat-runtime-environment-read,0.575,high,maintainer_change install_script
@emilgroup/auth-sdk-node,1.21.1,2026-03-20,holdout,False,suspicious,6.1,threat-process-hooks threat-runtime-environment-read,0.484,high,maintainer_change install_script
@emilgroup/auth-sdk,1.25.1,2026-03-20,dev,False,suspicious,6.1,threat-process-hooks threat-runtime-environment-read,0.618,high,maintainer_change install_script
@emilgroup/auth-sdk,1.25.2,2026-03-20,holdout,False,suspicious,6.1,threat-process-hooks threat-runtime-environment-read,0.546,high,maintainer_change install_script
@emilgroup/billing-sdk-node,1.57.1,2026-03-20,dev,False,suspicious,6.1,threat-process-hooks threat-runtime-environment-read,0.614,high,maintainer_change install_script
@emilgroup/billing-sdk,1.56.1,2026-03-20,holdout,False,suspicious,6.1,threat-process-hooks threat-runtime-environment-read,0.646,high,maintainer_change install_script
@emilgroup/changelog-sdk-node,1.0.3,2026-03-20,dev,False,suspicious,5.9,threat-filesystem-read threat-process-hooks threat-process-spawn-silent threat-runtime-environment-read,0.604,high,maintainer_change install_script
@emilgroup/claim-sdk-node,1.39.2,2026-03-20,dev,False,suspicious,6.1,threat-process-hooks threat-runtime-environment-read,0.687,medium,maintainer_change install_script
@emilgroup/claim-sdk,1.41.2,2026-03-20,holdout,False,suspicious,6.1,threat-process-hooks threat-runtime-environment-read,0.857,medium,maintainer_change install_script
@emilgroup/commission-sdk-node,1.0.2,2026-03-20,holdout,False,suspicious,5.9,threat-filesystem-read threat-process-hooks threat-process-spawn-silent threat-runtime-environment-read,0.995,high,maintainer_change install_script
@emilgroup/commission-sdk-node,1.0.3,2026-03-20,dev,False,suspicious,5.9,threat-filesystem-read threat-process-hooks threat-process-spawn-silent threat-runtime-environment-read,0.8,high,maintainer_change install_script
@emilgroup/commission-sdk,1.0.2,2026-03-20,dev,False,suspicious,5.9,threat-filesystem-read threat-process-hooks threat-process-spawn-silent threat-runtime-environment-read,0.948,high,maintainer_change install_script
@emilgroup/commission-sdk,1.0.3,2026-03-20,holdout,False,suspicious,5.9,threat-filesystem-read threat-process-hooks threat-process-spawn-silent threat-runtime-environment-read,0.748,high,maintainer_change install_script
@emilgroup/customer-sdk-node,1.55.1,2026-03-20,dev,False,suspicious,6.1,threat-process-hooks threat-runtime-environment-read,0.616,high,maintainer_change install_script
@emilgroup/customer-sdk,1.54.2,2026-03-20,dev,False,suspicious,6.1,threat-process-hooks threat-runtime-environment-read,0.648,high,maintainer_change install_script
@emilgroup/customer-sdk,1.54.3,2026-03-20,holdout,False,suspicious,5.9,threat-filesystem-read threat-process-hooks threat-process-spawn-silent threat-runtime-environment-read,0.707,high,maintainer_change install_script
@emilgroup/customer-sdk,1.54.4,2026-03-20,dev,False,suspicious,5.9,threat-filesystem-read threat-process-hooks threat-process-spawn-silent threat-runtime-environment-read,0.83,high,maintainer_change install_script
@emilgroup/customer-sdk,1.54.5,2026-03-20,dev,False,suspicious,5.9,threat-filesystem-read threat-process-hooks threat-process-spawn-silent threat-runtime-environment-read,0.76,high,maintainer_change install_script
@emilgroup/discount-sdk-node,1.5.2,2026-03-20,holdout,False,suspicious,5.9,threat-filesystem-read threat-process-hooks threat-process-spawn-silent threat-runtime-environment-read,0.683,high,maintainer_change install_script
@emilgroup/discount-sdk,1.5.1,2026-03-20,holdout,False,suspicious,5.9,threat-filesystem-read threat-process-hooks threat-process-spawn-silent threat-runtime-environment-read,0.66,high,maintainer_change install_script
@emilgroup/discount-sdk,1.5.3,2026-03-20,dev,False,suspicious,5.9,threat-filesystem-read threat-process-hooks threat-process-spawn-silent threat-runtime-environment-read,0.529,high,maintainer_change install_script
@emilgroup/document-sdk-node,1.43.1,2026-03-20,holdout,False,suspicious,6.1,threat-process-hooks threat-runtime-environment-read,0.905,high,maintainer_change install_script
@emilgroup/document-sdk-node,1.43.5,2026-03-20,holdout,False,suspicious,5.9,threat-filesystem-read threat-process-hooks threat-process-spawn-silent threat-runtime-environment-read,0.893,high,maintainer_change install_script
@emilgroup/document-sdk,1.45.1,2026-03-20,dev,False,suspicious,6.1,threat-process-hooks threat-runtime-environment-read,0.747,high,maintainer_change install_script
@emilgroup/document-sdk,1.45.2,2026-03-20,dev,False,suspicious,6.1,threat-process-hooks threat-runtime-environment-read,0.819,high,maintainer_change install_script
@emilgroup/document-uploader,0.0.10,2026-03-20,holdout,False,suspicious,5.9,threat-filesystem-read threat-process-hooks threat-process-spawn-silent threat-runtime-environment-read,0.835,high,maintainer_change install_script
@emilgroup/document-uploader,0.0.12,2026-03-20,holdout,False,suspicious,5.9,threat-filesystem-read threat-process-hooks threat-process-spawn-silent threat-runtime-environment-read,0.941,high,maintainer_change install_script
@emilgroup/docxtemplater-util,1.1.2,2026-03-20,holdout,False,suspicious,5.9,threat-filesystem-read threat-process-hooks threat-process-spawn-silent threat-runtime-environment-read,0.666,high,maintainer_change install_script
@emilgroup/docxtemplater-util,1.1.4,2026-03-20,holdout,False,suspicious,5.9,threat-filesystem-read threat-process-hooks threat-process-spawn-silent threat-runtime-environment-read,0.669,high,maintainer_change install_script
@emilgroup/gdv-sdk-node,2.6.1,2026-03-20,dev,False,suspicious,5.9,threat-filesystem-read threat-process-hooks threat-process-spawn-silent threat-runtime-environment-read,0.735,high,maintainer_change install_script
@emilgroup/gdv-sdk-node,2.6.3,2026-03-20,holdout,False,suspicious,5.9,threat-filesystem-read threat-process-hooks threat-process-spawn-silent threat-runtime-environment-read,0.852,high,maintainer_change install_script
@emilgroup/gdv-sdk,2.6.2,2026-03-20,holdout,False,suspicious,6.1,threat-process-hooks threat-runtime-environment-read,0.773,high,maintainer_change install_script
@emilgroup/insurance-sdk-node,1.95.2,2026-03-20,dev,False,suspicious,6.1,threat-process-hooks threat-runtime-environment-read,1.118,high,maintainer_change install_script
@emilgroup/insurance-sdk,1.97.4,2026-03-20,holdout,False,suspicious,5.9,threat-filesystem-read threat-process-hooks threat-process-spawn-silent threat-runtime-environment-read,1.036,high,maintainer_change install_script
@emilgroup/insurance-sdk,1.97.5,2026-03-20,dev,False,suspicious,5.9,threat-filesystem-read threat-process-hooks threat-process-spawn-silent threat-runtime-environment-read,0.978,high,maintainer_change install_script
@emilgroup/notification-sdk-node,1.4.1,2026-03-20,dev,False,suspicious,6.1,threat-process-hooks threat-runtime-environment-read,0.912,high,maintainer_change install_script
@emilgroup/numbergenerator-sdk-node,1.3.2,2026-03-20,holdout,False,suspicious,5.9,threat-filesystem-read threat-process-hooks threat-process-spawn-silent threat-runtime-environment-read,0.703,high,maintainer_change install_script
@emilgroup/numbergenerator-sdk-node,1.3.3,2026-03-20,dev,False,suspicious,5.9,threat-filesystem-read threat-process-hooks threat-process-spawn-silent threat-runtime-environment-read,0.849,high,maintainer_change install_script
@emilgroup/partner-portal-sdk-node,1.1.2,2026-03-20,dev,False,suspicious,6.1,threat-process-hooks threat-runtime-environment-read,0.709,high,maintainer_change install_script
@emilgroup/partner-portal-sdk,1.1.1,2026-03-20,holdout,False,suspicious,5.9,threat-filesystem-read threat-process-hooks threat-process-spawn-silent threat-runtime-environment-read,0.532,high,maintainer_change install_script
@emilgroup/partner-portal-sdk,1.1.3,2026-03-20,holdout,False,suspicious,5.9,threat-filesystem-read threat-process-hooks threat-process-spawn-silent threat-runtime-environment-read,0.708,high,maintainer_change install_script
@emilgroup/partner-sdk-node,1.19.2,2026-03-20,holdout,False,suspicious,6.1,threat-process-hooks threat-runtime-environment-read,0.774,high,maintainer_change install_script
@emilgroup/partner-sdk,1.19.2,2026-03-20,holdout,False,suspicious,5.9,threat-filesystem-read threat-process-hooks threat-process-spawn-silent threat-runtime-environment-read,0.619,high,maintainer_change install_script
@emilgroup/partner-sdk,1.19.3,2026-03-20,dev,False,suspicious,5.9,threat-filesystem-read threat-process-hooks threat-process-spawn-silent threat-runtime-environment-read,0.649,high,maintainer_change install_script
@emilgroup/process-manager-sdk-node,1.13.2,2026-03-20,holdout,False,suspicious,6.1,threat-process-hooks threat-runtime-environment-read,0.729,high,maintainer_change install_script
@emilgroup/process-manager-sdk,1.4.2,2026-03-20,dev,False,suspicious,5.9,threat-filesystem-read threat-process-hooks threat-process-spawn-silent threat-runtime-environment-read,0.479,high,maintainer_change install_script
@emilgroup/public-api-sdk-node,1.35.1,2026-03-20,holdout,False,suspicious,6.1,threat-process-hooks threat-runtime-environment-read,0.55,high,maintainer_change install_script
@emilgroup/public-api-sdk,1.33.1,2026-03-20,holdout,False,suspicious,6.1,threat-process-hooks threat-runtime-environment-read,0.584,high,maintainer_change install_script
@emilgroup/setting-sdk-node,0.2.2,2026-03-20,holdout,False,suspicious,5.9,threat-filesystem-read threat-process-hooks threat-process-spawn-silent threat-runtime-environment-read,0.636,high,maintainer_change install_script
@emilgroup/setting-sdk,0.2.2,2026-03-25,holdout,False,suspicious,5.9,threat-filesystem-read threat-process-hooks threat-process-spawn-silent threat-runtime-environment-read,0.424,high,maintainer_change install_script
@emilgroup/setting-sdk,0.2.3,2026-03-20,dev,False,suspicious,5.9,threat-filesystem-read threat-process-hooks threat-process-spawn-silent threat-runtime-environment-read,0.565,high,maintainer_change install_script
@emilgroup/task-sdk-node,1.0.2,2026-03-20,holdout,False,suspicious,5.9,threat-filesystem-read threat-process-hooks threat-process-spawn-silent threat-runtime-environment-read,0.536,high,maintainer_change install_script
@emilgroup/task-sdk-node,1.0.3,2026-03-20,dev,False,suspicious,5.9,threat-filesystem-read threat-process-hooks threat-process-spawn-silent threat-runtime-environment-read,0.609,high,maintainer_change install_script
@emilgroup/task-sdk-node,1.0.4,2026-03-20,holdout,False,suspicious,5.9,threat-filesystem-read threat-process-hooks threat-process-spawn-silent threat-runtime-environment-read,0.565,high,maintainer_change install_script
@emilgroup/task-sdk,1.0.3,2026-03-20,holdout,False,suspicious,5.9,threat-filesystem-read threat-process-hooks threat-process-spawn-silent threat-runtime-environment-read,0.532,high,maintainer_change install_script
@emilgroup/tenant-sdk-node,1.33.1,2026-03-20,dev,False,suspicious,6.1,threat-process-hooks threat-runtime-environment-read,0.466,high,maintainer_change install_script
@emilgroup/tenant-sdk,1.34.1,2026-03-20,dev,False,suspicious,6.1,threat-process-hooks threat-runtime-environment-read,0.585,high,maintainer_change install_script
@emilgroup/tenant-sdk,1.34.2,2026-03-20,dev,False,suspicious,6.1,threat-process-hooks threat-runtime-environment-read,0.49,high,maintainer_change install_script
@emilgroup/translation-sdk-node,1.1.2,2026-03-20,dev,False,suspicious,6.1,threat-process-hooks threat-runtime-environment-read,0.399,high,maintainer_change install_script
@ensdomains/address-encoder,1.1.5,2025-11-24,dev,False,high_risk,9.4,threat-filesystem-autostart threat-filesystem-destruction threat-npm-preinstall-script threat-process-download-exec threat-process-hooks threat-runtime-obfuscation-base64exec threat-runtime-obfuscation-js-mangling,10.12,high,publisher_change install_script
@ensdomains/blacklist,1.0.1,2025-11-24,holdout,False,high_risk,9.4,threat-filesystem-autostart threat-filesystem-destruction threat-npm-preinstall-script threat-process-download-exec threat-process-hooks threat-runtime-obfuscation-base64exec threat-runtime-obfuscation-js-mangling,6.912,high,publisher_change install_script
@ensdomains/ccip-read-dns-gateway,0.1.1,2025-11-24,holdout,False,high_risk,9.4,threat-filesystem-autostart threat-filesystem-destruction threat-filesystem-read threat-npm-preinstall-script threat-process-download-exec threat-process-hooks threat-runtime-obfuscation-base64exec threat-runtime-obfuscation-js-mangling,7.734,high,publisher_change install_script
@ensdomains/ccip-read-worker-viem,0.0.4,2025-11-24,holdout,False,high_risk,9.4,threat-filesystem-autostart threat-filesystem-destruction threat-npm-preinstall-script threat-process-download-exec threat-process-hooks threat-runtime-obfuscation-base64exec threat-runtime-obfuscation-js-mangling,8.148,high,publisher_change install_script
@ensdomains/curvearithmetics,1.0.1,2025-11-24,dev,False,high_risk,9.4,threat-filesystem-autostart threat-filesystem-destruction threat-npm-preinstall-script threat-process-download-exec threat-process-hooks threat-runtime-obfuscation-base64exec threat-runtime-obfuscation-js-mangling,7.945,high,publisher_change install_script
@ensdomains/cypress-metamask,1.2.1,2025-11-24,holdout,False,high_risk,9.4,threat-filesystem-autostart threat-filesystem-destruction threat-npm-preinstall-script threat-process-download-exec threat-process-hooks threat-runtime-environment-read threat-runtime-obfuscation-base64exec threat-runtime-obfuscation-js-mangling,7.334,high,publisher_change install_script
@ensdomains/ensjs,4.0.3,2025-11-24,holdout,False,high_risk,9.4,threat-filesystem-autostart threat-filesystem-destruction threat-npm-preinstall-script threat-process-download-exec threat-process-hooks threat-runtime-obfuscation-base64exec threat-runtime-obfuscation-js-mangling,9.534,high,provenance_dropped maintainer_change install_script
@ensdomains/hardhat-chai-matchers-viem,0.1.15,2025-11-24,dev,False,high_risk,9.4,threat-filesystem-autostart threat-filesystem-destruction threat-npm-preinstall-script threat-process-download-exec threat-process-hooks threat-runtime-obfuscation-base64exec threat-runtime-obfuscation-js-mangling,7.305,high,publisher_change install_script
@ensdomains/hardhat-toolbox-viem-extended,0.0.6,2025-11-24,dev,False,high_risk,9.4,threat-filesystem-autostart threat-filesystem-destruction threat-npm-preinstall-script threat-process-download-exec threat-process-hooks threat-runtime-obfuscation-base64exec threat-runtime-obfuscation-js-mangling,6.645,high,publisher_change install_script
@ensdomains/react-ens-address,0.0.32,2025-11-24,dev,False,high_risk,9.4,threat-filesystem-autostart threat-filesystem-destruction threat-npm-preinstall-script threat-process-download-exec threat-process-hooks threat-runtime-obfuscation-base64exec threat-runtime-obfuscation-js-mangling,7.676,high,publisher_change install_script
@ensdomains/renewal,0.0.13,2025-11-24,holdout,False,high_risk,9.4,threat-filesystem-autostart threat-filesystem-destruction threat-npm-preinstall-script threat-process-download-exec threat-process-hooks threat-runtime-obfuscation-base64exec threat-runtime-obfuscation-js-mangling,7.565,high,publisher_change install_script
@ensdomains/server-analytics,0.0.2,2025-11-24,dev,False,high_risk,9.4,threat-filesystem-autostart threat-filesystem-destruction threat-npm-preinstall-script threat-process-download-exec threat-process-hooks threat-runtime-obfuscation-base64exec threat-runtime-obfuscation-js-mangling,7.778,high,publisher_change install_script
@ensdomains/subdomain-registrar,0.2.4,2025-11-24,dev,False,high_risk,9.4,threat-filesystem-autostart threat-filesystem-destruction threat-npm-http-dependency threat-npm-preinstall-script threat-process-download-exec threat-process-hooks threat-runtime-obfuscation-base64exec threat-runtime-obfuscation-js-mangling,13.213,high,publisher_change install_script
@ensdomains/test-utils,1.3.1,2025-11-24,dev,False,high_risk,9.4,threat-filesystem-autostart threat-filesystem-destruction threat-npm-preinstall-script threat-process-download-exec threat-process-hooks threat-runtime-obfuscation-base64exec threat-runtime-obfuscation-js-mangling,8.177,high,publisher_change install_script
@ensdomains/thorin,0.6.51,2025-11-24,holdout,False,high_risk,9.4,threat-filesystem-autostart threat-filesystem-destruction threat-npm-preinstall-script threat-process-download-exec threat-process-hooks threat-runtime-obfuscation-base64exec threat-runtime-obfuscation-js-mangling,9.119,high,maintainer_change install_script
@ensdomains/ui,3.4.6,2025-11-24,dev,False,high_risk,9.4,threat-filesystem-autostart threat-filesystem-destruction threat-npm-preinstall-script threat-process-download-exec threat-process-hooks threat-runtime-obfuscation-base64exec threat-runtime-obfuscation-js-mangling,7.121,high,publisher_change install_script
@ensdomains/vite-plugin-i18next-loader,4.0.4,2025-11-24,holdout,False,high_risk,9.4,threat-filesystem-autostart threat-filesystem-destruction threat-npm-preinstall-script threat-process-download-exec threat-process-hooks threat-runtime-obfuscation-base64exec threat-runtime-obfuscation-js-mangling,6.367,high,publisher_change install_script
@ensdomains/web3modal,1.10.2,2025-11-24,holdout,False,high_risk,9.4,threat-filesystem-autostart threat-filesystem-destruction threat-npm-preinstall-script threat-process-download-exec threat-process-hooks threat-runtime-obfuscation-base64exec threat-runtime-obfuscation-js-mangling,7.047,high,publisher_change install_script
@everreal/validate-esmoduleinterop-imports,1.4.4,2025-11-24,dev,False,high_risk,9.4,threat-filesystem-autostart threat-filesystem-destruction threat-npm-preinstall-script threat-process-download-exec threat-process-hooks threat-runtime-obfuscation-base64exec threat-runtime-obfuscation-js-mangling,6.994,medium,install_script
@everreal/validate-esmoduleinterop-imports,1.4.5,2025-11-24,dev,False,high_risk,9.4,threat-filesystem-autostart threat-filesystem-destruction threat-npm-preinstall-script threat-process-download-exec threat-process-hooks threat-runtime-obfuscation-base64exec threat-runtime-obfuscation-js-mangling,7.275,medium,install_script
@everreal/web-analytics,0.0.1,2025-11-24,holdout,False,high_risk,9.4,threat-filesystem-autostart threat-filesystem-destruction threat-npm-preinstall-script threat-process-download-exec threat-process-hooks threat-runtime-obfuscation-base64exec threat-runtime-obfuscation-js-mangling,7.593,medium,install_script
@everreal/web-analytics,0.0.2,2025-11-24,dev,False,high_risk,9.4,threat-filesystem-autostart threat-filesystem-destruction threat-npm-preinstall-script threat-process-download-exec threat-process-hooks threat-runtime-obfuscation-base64exec threat-runtime-obfuscation-js-mangling,6.899,medium,install_script
@fairwords/loopback-connector-es,1.4.3,2026-04-08,holdout,False,suspicious,6.5,threat-filesystem-read threat-network-exfil-sysinfo threat-process-download-exec threat-process-hooks threat-runtime-environment-read threat-runtime-keylogging threat-runtime-system-info,0.732,high,publisher_change install_script
@fairwords/websocket,1.0.38,2026-04-08,holdout,False,suspicious,6.5,threat-filesystem-read threat-network-exfil-sysinfo threat-process-download-exec threat-process-hooks threat-runtime-environment-read threat-runtime-keylogging threat-runtime-system-info,0.658,high,publisher_change install_script
@faq-component/core,0.0.4,2025-11-24,dev,False,high_risk,9.4,threat-filesystem-autostart threat-filesystem-destruction threat-npm-preinstall-script threat-process-download-exec threat-process-hooks threat-runtime-obfuscation-base64exec threat-runtime-obfuscation-js-mangling,7.789,medium,install_script
@faq-component/react,1.0.1,2025-11-24,holdout,False,high_risk,9.4,threat-filesystem-autostart threat-filesystem-destruction threat-npm-preinstall-script threat-process-download-exec threat-process-hooks threat-runtime-obfuscation-base64exec threat-runtime-obfuscation-js-mangling,8.858,medium,install_script
@gluestack-ui/utils,0.1.16,2025-06-07,holdout,False,high_risk,8.8,threat-runtime-obfuscation-hidden-code,0.763,medium,publisher_change
@gluestack-ui/utils,0.1.17,2025-06-07,dev,False,high_risk,8.8,threat-runtime-obfuscation-hidden-code,0.752,medium,publisher_change
@hapheus/n8n-nodes-pgp,1.5.1,2025-11-24,holdout,False,high_risk,9.4,threat-filesystem-autostart threat-filesystem-destruction threat-npm-preinstall-script threat-process-download-exec threat-process-hooks threat-runtime-obfuscation-base64exec threat-runtime-obfuscation-js-mangling,8.866,medium,install_script
@hestjs/core,0.2.1,2025-09-14,dev,False,high_risk,8.6,threat-filesystem-read threat-network-exfiltration threat-network-outbound-shady-links threat-process-download-exec threat-process-hooks threat-runtime-environment-read threat-runtime-obfuscation-base64exec,4.326,medium,install_script
@hestjs/cqrs,0.1.6,2025-09-14,dev,False,high_risk,8.6,threat-filesystem-read threat-network-exfiltration threat-network-outbound-shady-links threat-process-download-exec threat-process-hooks threat-runtime-environment-read threat-runtime-obfuscation-base64exec,3.153,medium,install_script
@hestjs/demo,0.1.2,2025-09-14,holdout,False,high_risk,8.6,threat-filesystem-read threat-network-exfiltration threat-network-outbound-shady-links threat-process-download-exec threat-process-hooks threat-runtime-environment-read threat-runtime-obfuscation-base64exec,2.845,medium,install_script
@hestjs/eslint-config,0.1.2,2025-09-14,dev,False,high_risk,8.6,threat-filesystem-read threat-network-exfiltration threat-network-outbound-shady-links threat-process-download-exec threat-process-hooks threat-runtime-environment-read threat-runtime-obfuscation-base64exec,2.994,medium,install_script
@hestjs/logger,0.1.6,2025-09-14,holdout,False,high_risk,8.6,threat-filesystem-read threat-network-exfiltration threat-network-outbound-shady-links threat-process-download-exec threat-process-hooks threat-runtime-environment-read threat-runtime-obfuscation-base64exec,2.83,medium,install_script
@hestjs/scalar,0.1.7,2025-09-14,holdout,False,high_risk,8.6,threat-filesystem-read threat-network-exfiltration threat-network-outbound-shady-links threat-process-download-exec threat-process-hooks threat-runtime-environment-read threat-runtime-obfuscation-base64exec,3.281,medium,install_script
@hestjs/validation,0.1.6,2025-09-14,dev,False,high_risk,8.6,threat-filesystem-read threat-network-exfiltration threat-network-outbound-shady-links threat-process-download-exec threat-process-hooks threat-runtime-environment-read threat-runtime-obfuscation-base64exec,3.389,medium,install_script
@hover-design/core,0.0.1,2025-11-24,dev,False,high_risk,9.4,threat-filesystem-autostart threat-filesystem-destruction threat-npm-preinstall-script threat-process-download-exec threat-process-hooks threat-runtime-obfuscation-base64exec threat-runtime-obfuscation-js-mangling,7.423,medium,install_script
@ifelsedeveloper/protocol-contracts-svm-idl,0.1.2,2025-11-24,dev,False,high_risk,9.4,threat-filesystem-autostart threat-filesystem-destruction threat-npm-preinstall-script threat-process-download-exec threat-process-hooks threat-runtime-obfuscation-base64exec threat-runtime-obfuscation-js-mangling,6.962,medium,install_script
@kvytech/cli,0.0.7,2025-11-24,holdout,False,high_risk,9.4,threat-filesystem-autostart threat-filesystem-destruction threat-npm-preinstall-script threat-process-download-exec threat-process-hooks threat-runtime-obfuscation threat-runtime-obfuscation-base64exec threat-runtime-obfuscation-js-mangling,7.966,high,publisher_change install_script
@kvytech/components,0.0.2,2025-11-24,dev,False,high_risk,9.4,threat-filesystem-autostart threat-filesystem-destruction threat-npm-preinstall-script threat-process-download-exec threat-process-hooks threat-runtime-obfuscation-base64exec threat-runtime-obfuscation-js-mangling,6.991,high,publisher_change install_script
@kvytech/habbit-e2e-test,0.0.2,2025-11-24,holdout,False,high_risk,9.4,threat-filesystem-autostart threat-filesystem-destruction threat-npm-preinstall-script threat-process-download-exec threat-process-hooks threat-runtime-obfuscation-base64exec threat-runtime-obfuscation-js-mangling,7.592,high,publisher_change install_script
@kvytech/medusa-plugin-announcement,0.0.8,2025-11-24,holdout,False,high_risk,9.4,threat-filesystem-autostart threat-filesystem-destruction threat-npm-preinstall-script threat-process-download-exec threat-process-hooks threat-runtime-obfuscation-base64exec threat-runtime-obfuscation-js-mangling,7.696,medium,install_script
@kvytech/medusa-plugin-management,0.0.5,2025-11-24,dev,False,high_risk,9.4,threat-filesystem-autostart threat-filesystem-destruction threat-filesystem-read threat-npm-preinstall-script threat-process-download-exec threat-process-hooks threat-runtime-environment-read threat-runtime-obfuscation-base64exec threat-runtime-obfuscation-js-mangling,6.584,medium,install_script
@kvytech/medusa-plugin-newsletter,0.0.5,2025-11-24,dev,False,high_risk,9.4,threat-filesystem-autostart threat-filesystem-destruction threat-filesystem-read threat-npm-preinstall-script threat-process-download-exec threat-process-hooks threat-runtime-environment-read threat-runtime-obfuscation-base64exec threat-runtime-obfuscation-js-mangling,8.033,medium,install_script
@kvytech/medusa-plugin-product-reviews,0.0.9,2025-11-24,holdout,False,high_risk,9.4,threat-filesystem-autostart threat-filesystem-destruction threat-npm-preinstall-script threat-process-download-exec threat-process-hooks threat-runtime-obfuscation-base64exec threat-runtime-obfuscation-js-mangling,7.628,medium,install_script
@kvytech/medusa-plugin-promotion,0.0.2,2025-11-24,dev,False,high_risk,9.4,threat-filesystem-autostart threat-filesystem-destruction threat-npm-preinstall-script threat-process-download-exec threat-process-hooks threat-runtime-obfuscation-base64exec threat-runtime-obfuscation-js-mangling,7.677,high,publisher_change install_script
@kvytech/web,0.0.2,2025-11-24,dev,False,high_risk,9.4,threat-filesystem-autostart threat-filesystem-destruction threat-npm-preinstall-script threat-process-download-exec threat-process-hooks threat-runtime-obfuscation-base64exec threat-runtime-obfuscation-js-mangling,8.375,high,publisher_change install_script
@leafnoise/mirage,2.0.3,2026-03-21,holdout,False,suspicious,5.9,threat-filesystem-read threat-process-hooks threat-process-spawn-silent threat-runtime-environment-read,0.608,medium,install_script
@lessondesk/schoolbus,5.2.3,2025-11-24,holdout,False,high_risk,9.4,threat-filesystem-autostart threat-filesystem-destruction threat-npm-preinstall-script threat-process-download-exec threat-process-hooks threat-runtime-obfuscation-base64exec threat-runtime-obfuscation-js-mangling,8.951,low,install_script
@markvivanco/app-version-checker,1.0.1,2025-11-24,dev,False,high_risk,9.4,threat-filesystem-autostart threat-filesystem-destruction threat-npm-preinstall-script threat-process-download-exec threat-process-hooks threat-runtime-obfuscation-base64exec threat-runtime-obfuscation-js-mangling,7.225,medium,install_script
@markvivanco/app-version-checker,1.0.2,2025-11-24,holdout,False,high_risk,9.4,threat-filesystem-autostart threat-filesystem-destruction threat-npm-preinstall-script threat-process-download-exec threat-process-hooks threat-runtime-obfuscation-base64exec threat-runtime-obfuscation-js-mangling,8.416,medium,install_script
@mastra/acp,0.2.2,2026-06-17,dev,False,no_risks_detected,0.0,,0.691,high,provenance_dropped publisher_change
@mastra/agent-browser,0.3.2,2026-06-17,holdout,False,no_risks_detected,0.0,,0.984,high,provenance_dropped publisher_change
@mastra/agentcore,0.2.2,2026-06-17,dev,False,no_risks_detected,0.0,,0.616,high,provenance_dropped publisher_change
@mastra/agentfs,0.1.1,2026-06-17,dev,False,no_risks_detected,0.0,,0.716,high,provenance_dropped publisher_change
@mastra/ai-sdk,1.4.6,2026-06-17,holdout,False,low,3.3,threat-runtime-environment-read,3.31,high,provenance_dropped publisher_change
@mastra/arize,1.2.3,2026-06-17,dev,False,low,3.3,threat-runtime-environment-read,0.78,high,provenance_dropped publisher_change
@mastra/arthur,0.3.3,2026-06-17,holdout,False,low,3.3,threat-runtime-environment-read,1.069,high,provenance_dropped publisher_change
@mastra/auth-auth0,1.0.2,2026-06-17,dev,False,low,3.3,threat-runtime-environment-read,1.174,high,provenance_dropped publisher_change
@mastra/auth-better-auth,1.0.4,2026-06-17,holdout,False,no_risks_detected,0.0,,1.14,high,provenance_dropped publisher_change
@mastra/auth-clerk,1.0.3,2026-06-17,holdout,False,low,3.3,threat-runtime-environment-read,1.228,high,provenance_dropped publisher_change
@mastra/auth-cloud,1.1.4,2026-06-17,dev,False,no_risks_detected,0.0,,1.31,high,provenance_dropped publisher_change
@mastra/auth-firebase,1.0.1,2026-06-17,dev,False,no_risks_detected,0.0,,1.155,high,provenance_dropped publisher_change
@mastra/auth-okta,0.0.5,2026-06-17,dev,False,low,3.3,threat-runtime-environment-read,1.317,high,provenance_dropped publisher_change
@mastra/auth-studio,1.2.4,2026-06-17,holdout,False,no_risks_detected,0.0,,1.16,high,provenance_dropped publisher_change
@mastra/auth-supabase,1.0.2,2026-06-17,holdout,False,low,3.3,threat-runtime-environment-read,1.144,high,provenance_dropped publisher_change
@mastra/auth-workos,1.5.3,2026-06-17,holdout,False,low,3.3,threat-runtime-environment-read,1.164,high,provenance_dropped publisher_change
@mastra/auth,1.0.3,2026-06-17,holdout,False,low,3.3,threat-runtime-environment-read,1.049,high,provenance_dropped publisher_change
@mastra/azure,0.2.3,2026-06-17,dev,False,no_risks_detected,0.0,,2.324,high,provenance_dropped publisher_change
@mastra/braintrust,1.1.4,2026-06-17,dev,False,low,3.3,threat-runtime-environment-read,1.359,high,provenance_dropped publisher_change
@mastra/brightdata,0.2.2,2026-06-17,dev,False,low,3.3,threat-runtime-environment-read,0.793,high,provenance_dropped publisher_change
@mastra/browser-viewer,0.1.3,2026-06-17,holdout,False,no_risks_detected,0.0,,1.068,high,provenance_dropped publisher_change
@mastra/chroma,1.0.2,2026-06-17,dev,False,no_risks_detected,0.0,,1.651,high,provenance_dropped publisher_change
@mastra/claude,1.0.3,2026-06-17,dev,False,no_risks_detected,0.0,,0.926,high,provenance_dropped maintainer_change
@mastra/clickhouse,1.10.1,2026-06-17,dev,False,no_risks_detected,0.0,,2.558,high,provenance_dropped publisher_change
@mastra/client-js,1.24.1,2026-06-17,dev,False,no_risks_detected,0.0,,5.827,high,provenance_dropped maintainer_change
@mastra/cloud,0.1.24,2026-06-17,holdout,False,low,3.3,threat-runtime-environment-read,1.427,critical,provenance_dropped publisher_change dependency_added
@mastra/cloudflare-d1,1.0.7,2026-06-17,holdout,False,no_risks_detected,0.0,,1.735,high,provenance_dropped publisher_change
@mastra/cloudflare,1.4.2,2026-06-17,dev,False,no_risks_detected,0.0,,2.177,high,provenance_dropped publisher_change
@mastra/codemod,1.0.4,2026-06-17,dev,False,no_risks_detected,0.0,,1.536,high,provenance_dropped publisher_change
@mastra/convex,1.2.2,2026-06-17,dev,False,no_risks_detected,0.0,,2.348,high,provenance_dropped publisher_change
@mastra/core,1.42.1,2026-06-17,holdout,False,high_risk,8.6,threat-filesystem-read threat-network-exfiltration threat-network-outbound-shady-links threat-process-spawn-silent threat-runtime-environment-read threat-runtime-obfuscation-api threat-runtime-system-info,23.026,high,provenance_dropped maintainer_change
@mastra/couchbase,1.0.4,2026-06-17,dev,False,no_risks_detected,0.0,,1.387,high,provenance_dropped publisher_change
@mastra/cursor,0.2.1,2026-06-17,holdout,False,no_risks_detected,0.0,,1.106,high,provenance_dropped publisher_change
@mastra/dane,1.0.2,2026-06-17,dev,False,no_risks_detected,0.0,,2.822,high,provenance_dropped maintainer_change
@mastra/daytona,0.4.2,2026-06-17,dev,False,no_risks_detected,0.0,,1.54,high,provenance_dropped publisher_change
@mastra/deployer-cloud,1.42.1,2026-06-17,dev,False,high_risk,8.6,threat-network-outbound-shady-links threat-process-download-exec threat-runtime-environment-read threat-runtime-obfuscation threat-runtime-obfuscation-base64exec threat-runtime-obfuscation-unicode,7.716,high,provenance_dropped publisher_change
@mastra/deployer-cloudflare,1.1.44,2026-06-17,dev,False,no_risks_detected,0.0,,1.507,high,provenance_dropped maintainer_change
@mastra/deployer-netlify,1.1.20,2026-06-17,dev,False,no_risks_detected,0.0,,1.266,high,provenance_dropped maintainer_change
@mastra/deployer-vercel,1.1.38,2026-06-17,holdout,False,high_risk,8.6,threat-network-outbound-shady-links threat-process-download-exec threat-runtime-obfuscation threat-runtime-obfuscation-base64exec threat-runtime-obfuscation-unicode,6.957,high,provenance_dropped maintainer_change
@mastra/deployer,1.42.1,2026-06-17,dev,False,low,4.3,threat-filesystem-read,2.743,high,provenance_dropped maintainer_change
@mastra/docker,0.3.1,2026-06-17,holdout,False,no_risks_detected,0.0,,0.532,high,provenance_dropped publisher_change
@mastra/duckdb,1.4.3,2026-06-17,holdout,False,no_risks_detected,0.0,,1.317,high,provenance_dropped publisher_change
@mastra/dynamodb,1.0.9,2026-06-17,holdout,False,no_risks_detected,0.0,,1.145,high,provenance_dropped publisher_change
@mastra/e2b,0.3.4,2026-06-17,holdout,False,no_risks_detected,0.0,,0.988,high,provenance_dropped publisher_change
@mastra/editor,0.11.3,2026-06-17,holdout,False,no_risks_detected,0.0,,0.977,high,provenance_dropped publisher_change
@mastra/elasticsearch,1.2.1,2026-06-17,holdout,False,no_risks_detected,0.0,,0.727,high,provenance_dropped publisher_change
@mastra/engine,0.1.1,2026-06-17,holdout,False,no_risks_detected,0.0,,0.573,high,maintainer_change
@mastra/express,1.3.31,2026-06-17,holdout,False,no_risks_detected,0.0,,0.911,high,provenance_dropped publisher_change
@mastra/files-sdk,0.2.1,2026-06-17,holdout,False,no_risks_detected,0.0,,0.632,high,provenance_dropped publisher_change
@mastra/gcs,0.2.3,2026-06-17,holdout,False,no_risks_detected,0.0,,0.778,high,provenance_dropped publisher_change
@mastra/github-signals,0.1.2,2026-06-17,holdout,False,no_risks_detected,0.0,,0.77,high,provenance_dropped publisher_change
@mastra/google-drive,0.1.1,2026-06-17,holdout,False,no_risks_detected,0.0,,0.611,high,provenance_dropped publisher_change
@mastra/hono,1.4.26,2026-06-17,dev,False,no_risks_detected,0.0,,0.979,high,provenance_dropped publisher_change
@mastra/inngest,1.5.2,2026-06-17,holdout,False,no_risks_detected,0.0,,0.853,high,provenance_dropped publisher_change
@mastra/koa,1.5.14,2026-06-17,holdout,False,no_risks_detected,0.0,,0.799,high,provenance_dropped publisher_change
@mastra/laminar,1.2.3,2026-06-17,holdout,False,low,3.3,threat-runtime-environment-read,0.618,high,provenance_dropped publisher_change
@mastra/libsql,1.13.1,2026-06-17,dev,False,no_risks_detected,0.0,,1.479,high,provenance_dropped publisher_change
@mastra/mcp-docs-server,1.1.47,2026-06-17,dev,False,no_risks_detected,0.0,,3.102,high,provenance_dropped publisher_change
@mastra/mcp,1.10.1,2026-06-17,dev,False,no_risks_detected,0.0,,1.38,high,provenance_dropped maintainer_change
@mastra/memory,1.20.4,2026-06-17,dev,False,low,3.3,threat-runtime-environment-read threat-runtime-obfuscation,4.499,high,provenance_dropped maintainer_change
@mastra/modal,0.2.2,2026-06-17,holdout,False,no_risks_detected,0.0,,0.544,high,provenance_dropped publisher_change
@mastra/mongodb,1.9.3,2026-06-17,dev,False,no_risks_detected,0.0,,1.832,high,provenance_dropped publisher_change
@mastra/mysql,0.1.1,2026-06-17,dev,False,no_risks_detected,0.0,,1.242,high,provenance_dropped publisher_change
@mastra/nestjs,0.1.15,2026-06-17,dev,False,no_risks_detected,0.0,,2.69,high,provenance_dropped publisher_change
@mastra/node-audio,0.1.8,2026-06-17,holdout,False,no_risks_detected,0.0,,0.623,high,publisher_change dependency_added
@mastra/node-speaker,0.1.1,2026-06-17,dev,False,no_risks_detected,0.0,,1.713,critical,publisher_change dependency_added install_script
@mastra/openai,1.0.2,2026-06-17,dev,False,no_risks_detected,0.0,,0.687,high,provenance_dropped maintainer_change
@mastra/opencode,0.0.47,2026-06-17,holdout,False,no_risks_detected,0.0,,0.63,high,provenance_dropped publisher_change
@mastra/opensearch,1.0.3,2026-06-17,dev,False,no_risks_detected,0.0,,0.796,high,provenance_dropped publisher_change
@mastra/otel-bridge,1.2.3,2026-06-17,dev,False,no_risks_detected,0.0,,0.692,high,provenance_dropped publisher_change
@mastra/otel-exporter,1.2.3,2026-06-17,holdout,False,low,3.3,threat-runtime-environment-read,0.949,high,provenance_dropped publisher_change
@mastra/perplexity,0.1.1,2026-06-17,holdout,False,low,3.3,threat-runtime-environment-read,0.509,high,provenance_dropped publisher_change
@mastra/pg,1.13.1,2026-06-17,dev,False,no_risks_detected,0.0,,1.867,high,provenance_dropped publisher_change
@mastra/pinecone,1.0.2,2026-06-17,holdout,False,no_risks_detected,0.0,,0.898,high,provenance_dropped publisher_change
@mastra/playground-ui,33.0.1,2026-06-17,dev,False,no_risks_detected,0.0,,6.081,high,provenance_dropped publisher_change
@mastra/posthog,1.0.29,2026-06-17,dev,False,low,3.3,threat-runtime-environment-read,0.718,high,provenance_dropped publisher_change
@mastra/qdrant,1.0.3,2026-06-17,holdout,False,no_risks_detected,0.0,,0.944,high,provenance_dropped publisher_change
@mastra/rag,2.2.2,2026-06-17,holdout,False,low,3.3,threat-runtime-environment-read,1.429,high,provenance_dropped maintainer_change
@mastra/railway,0.1.1,2026-06-17,holdout,False,low,3.3,threat-runtime-environment-read,0.616,high,provenance_dropped publisher_change
@mastra/react,1.0.1,2026-06-17,dev,False,no_risks_detected,0.0,,1.154,high,provenance_dropped publisher_change
@mastra/redis-streams,0.0.4,2026-06-17,dev,False,no_risks_detected,0.0,,0.793,high,provenance_dropped publisher_change
@mastra/redis,1.1.3,2026-06-17,dev,False,no_risks_detected,0.0,,0.81,high,provenance_dropped publisher_change
@mastra/s3,0.5.3,2026-06-17,holdout,False,no_risks_detected,0.0,,0.837,high,provenance_dropped publisher_change
@mastra/s3vectors,1.0.7,2026-06-17,holdout,False,no_risks_detected,0.0,,0.742,high,provenance_dropped publisher_change
@mastra/schema-compat,1.2.12,2026-06-17,dev,False,no_risks_detected,0.0,,2.429,high,provenance_dropped publisher_change
@mastra/sentry,1.1.4,2026-06-17,dev,False,no_risks_detected,0.0,,0.647,high,provenance_dropped publisher_change
@mastra/server,2.1.1,2026-06-17,dev,False,low,4.3,threat-filesystem-read threat-runtime-environment-read threat-runtime-obfuscation threat-runtime-obfuscation-general,19.655,high,provenance_dropped publisher_change
@mastra/slack,1.3.1,2026-06-17,holdout,False,low,3.3,threat-runtime-environment-read,1.889,high,provenance_dropped publisher_change
@mastra/spanner,1.1.2,2026-06-17,holdout,False,no_risks_detected,0.0,,2.166,high,provenance_dropped publisher_change
@mastra/speech-azure,0.2.1,2026-06-17,holdout,False,low,3.3,threat-runtime-environment-read,0.751,high,maintainer_change
@mastra/speech-elevenlabs,0.2.1,2026-06-17,holdout,False,low,3.3,threat-runtime-environment-read,0.946,high,maintainer_change
@mastra/speech-google,0.2.1,2026-06-17,holdout,False,low,3.3,threat-runtime-environment-read,0.917,high,maintainer_change
@mastra/speech-murf,0.2.1,2026-06-17,holdout,False,low,3.3,threat-runtime-environment-read,1.032,high,maintainer_change
@mastra/speech-replicate,0.2.1,2026-06-17,holdout,False,low,3.3,threat-runtime-environment-read,1.156,high,maintainer_change
@mastra/stagehand,0.2.5,2026-06-17,holdout,False,no_risks_detected,0.0,,0.994,high,provenance_dropped publisher_change
@mastra/tavily,1.0.3,2026-06-17,holdout,False,low,3.3,threat-runtime-environment-read,0.954,high,provenance_dropped publisher_change
@mastra/temporal,0.1.14,2026-06-17,dev,False,no_risks_detected,0.0,,1.196,high,provenance_dropped publisher_change
@mastra/turbopuffer,1.0.3,2026-06-17,holdout,False,no_risks_detected,0.0,,0.999,high,provenance_dropped publisher_change
@mastra/twilio,1.0.2,2026-06-17,holdout,False,low,3.3,threat-runtime-environment-read,5.75,high,maintainer_change
@mastra/upstash,1.1.3,2026-06-17,holdout,False,no_risks_detected,0.0,,1.73,high,provenance_dropped publisher_change
@mastra/vectorize,1.0.3,2026-06-17,holdout,False,no_risks_detected,0.0,,1.014,high,provenance_dropped publisher_change
@mastra/vercel,1.0.1,2026-06-17,dev,False,low,3.3,threat-runtime-environment-read,0.918,high,provenance_dropped publisher_change
@mastra/voice-cloudflare,0.12.3,2026-06-17,holdout,False,low,3.3,threat-runtime-environment-read,1.561,critical,provenance_dropped publisher_change dependency_added
@mastra/voice-deepgram,0.12.2,2026-06-17,holdout,False,low,3.3,threat-runtime-environment-read,2.298,critical,provenance_dropped publisher_change dependency_added
@mastra/voice-elevenlabs,0.12.2,2026-06-17,dev,False,low,3.3,threat-runtime-environment-read,1.884,critical,provenance_dropped publisher_change dependency_added
@mastra/voice-gladia,0.12.2,2026-06-17,holdout,False,low,3.3,threat-runtime-environment-read,1.914,critical,provenance_dropped publisher_change dependency_added
@mastra/voice-google-gemini-live,0.12.2,2026-06-17,holdout,False,no_risks_detected,0.0,,1.891,high,provenance_dropped publisher_change
@mastra/voice-google,0.12.3,2026-06-17,holdout,False,low,3.3,threat-runtime-environment-read,1.469,high,provenance_dropped publisher_change
@mastra/voice-inworld,0.3.1,2026-06-17,dev,False,low,3.3,threat-runtime-environment-read,1.117,critical,provenance_dropped publisher_change dependency_added
@mastra/voice-modelslab,0.1.2,2026-06-17,holdout,False,low,3.3,threat-runtime-environment-read,1.197,critical,provenance_dropped publisher_change dependency_added
@mastra/voice-murf,0.12.3,2026-06-17,dev,False,low,3.3,threat-runtime-environment-read,1.321,critical,provenance_dropped publisher_change dependency_added
@mastra/voice-openai-realtime,0.12.6,2026-06-17,holdout,False,low,3.3,threat-runtime-environment-read,1.297,high,provenance_dropped publisher_change
@mastra/voice-openai,0.12.3,2026-06-17,dev,False,low,3.3,threat-runtime-environment-read,1.401,critical,provenance_dropped publisher_change dependency_added
@mastra/voice-playai,0.12.2,2026-06-17,dev,False,low,3.3,threat-runtime-environment-read,1.589,critical,provenance_dropped publisher_change dependency_added
@mastra/voice-sarvam,1.0.2,2026-06-17,dev,False,low,3.3,threat-runtime-environment-read,1.661,critical,provenance_dropped publisher_change dependency_added
@mastra/voice-speechify,0.12.2,2026-06-17,dev,False,low,3.3,threat-runtime-environment-read,1.705,critical,provenance_dropped publisher_change dependency_added
@mastra/voice-xai-realtime,0.1.2,2026-06-17,holdout,False,low,3.3,threat-runtime-environment-read,1.276,high,provenance_dropped publisher_change
@mcp-use/cli,2.2.6,2025-11-24,dev,False,high_risk,9.4,threat-filesystem-autostart threat-filesystem-destruction threat-filesystem-read threat-npm-preinstall-script threat-process-download-exec threat-process-hooks threat-runtime-obfuscation-base64exec threat-runtime-obfuscation-js-mangling,7.637,medium,install_script publisher_change
@mcp-use/cli,2.2.7,2025-11-24,holdout,False,high_risk,9.4,threat-filesystem-autostart threat-filesystem-destruction threat-filesystem-read threat-npm-preinstall-script threat-process-download-exec threat-process-hooks threat-runtime-obfuscation-base64exec threat-runtime-obfuscation-js-mangling,7.421,medium,publisher_change install_script
@mcp-use/inspector,0.6.2,2025-11-24,dev,False,high_risk,9.4,threat-filesystem-autostart threat-filesystem-destruction threat-npm-preinstall-script threat-process-download-exec threat-process-hooks threat-runtime-obfuscation threat-runtime-obfuscation-base64exec threat-runtime-obfuscation-js-mangling threat-runtime-obfuscation-log-suppress threat-runtime-obfuscation-unicode,10.397,medium,install_script
@mcp-use/inspector,0.6.3,2025-11-24,holdout,False,high_risk,9.4,threat-filesystem-autostart threat-filesystem-destruction threat-npm-preinstall-script threat-process-download-exec threat-process-hooks threat-runtime-obfuscation threat-runtime-obfuscation-base64exec threat-runtime-obfuscation-js-mangling threat-runtime-obfuscation-log-suppress threat-runtime-obfuscation-unicode,9.635,low,install_script
@mcp-use/mcp-use,1.0.1,2025-11-24,holdout,False,high_risk,9.4,threat-filesystem-autostart threat-filesystem-destruction threat-npm-preinstall-script threat-process-download-exec threat-process-hooks threat-runtime-obfuscation-base64exec threat-runtime-obfuscation-js-mangling,6.401,high,publisher_change install_script
@mcp-use/mcp-use,1.0.2,2025-11-24,dev,False,high_risk,9.4,threat-filesystem-autostart threat-filesystem-destruction threat-npm-preinstall-script threat-process-download-exec threat-process-hooks threat-runtime-obfuscation-base64exec threat-runtime-obfuscation-js-mangling,6.471,high,publisher_change install_script
@mesadev/rest,0.28.3,2026-05-11,holdout,False,high_risk,8.6,threat-filesystem-destruction threat-npm-preinstall-script threat-runtime-environment-read threat-runtime-obfuscation threat-runtime-obfuscation-js-mangling,1.963,medium,install_script maintainer_change
@mesadev/saguaro,0.4.22,2026-05-11,dev,False,suspicious,6.5,threat-filesystem-destruction threat-filesystem-read threat-npm-preinstall-script threat-process-download-exec threat-process-spawn-silent threat-runtime-environment-read threat-runtime-obfuscation threat-runtime-obfuscation-js-mangling,3.012,high,maintainer_change install_script
@mesadev/sdk,0.28.3,2026-05-11,holdout,False,high_risk,8.6,threat-filesystem-destruction threat-npm-preinstall-script threat-runtime-environment-read threat-runtime-obfuscation threat-runtime-obfuscation-js-mangling,1.881,high,publisher_change install_script
@mistralai/mistralai-azure,1.7.1,2026-05-11,dev,False,high_risk,8.6,threat-filesystem-destruction threat-filesystem-read threat-npm-preinstall-script threat-runtime-environment-read threat-runtime-obfuscation threat-runtime-obfuscation-js-mangling,2.767,medium,install_script
@mistralai/mistralai-azure,1.7.2,2026-05-11,dev,False,high_risk,8.6,threat-filesystem-destruction threat-filesystem-read threat-npm-preinstall-script threat-runtime-environment-read threat-runtime-obfuscation threat-runtime-obfuscation-js-mangling,3.464,low,install_script
@mistralai/mistralai-azure,1.7.3,2026-05-11,holdout,False,high_risk,8.6,threat-filesystem-destruction threat-filesystem-read threat-npm-preinstall-script threat-runtime-environment-read threat-runtime-obfuscation threat-runtime-obfuscation-js-mangling,2.77,low,install_script
@mistralai/mistralai-gcp,1.7.1,2026-05-11,holdout,False,high_risk,8.6,threat-filesystem-destruction threat-npm-preinstall-script threat-runtime-environment-read threat-runtime-obfuscation threat-runtime-obfuscation-js-mangling,3.253,medium,install_script
@mistralai/mistralai-gcp,1.7.2,2026-05-11,dev,False,high_risk,8.6,threat-filesystem-destruction threat-npm-preinstall-script threat-runtime-environment-read threat-runtime-obfuscation threat-runtime-obfuscation-js-mangling,3.106,low,install_script
@mistralai/mistralai-gcp,1.7.3,2026-05-11,holdout,False,high_risk,8.6,threat-filesystem-destruction threat-npm-preinstall-script threat-runtime-environment-read threat-runtime-obfuscation threat-runtime-obfuscation-js-mangling,2.903,low,install_script
@ml-toolkit-ts/preprocessing,1.0.3,2026-05-11,dev,False,high_risk,8.6,threat-filesystem-destruction threat-npm-preinstall-script threat-runtime-environment-read threat-runtime-obfuscation threat-runtime-obfuscation-js-mangling,1.879,medium,install_script
@ml-toolkit-ts/xgboost,1.0.4,2026-05-11,dev,False,high_risk,8.6,threat-filesystem-destruction threat-npm-preinstall-script threat-runtime-environment-read threat-runtime-obfuscation threat-runtime-obfuscation-js-mangling,1.865,medium,install_script
@nativescript-community/arraybuffers,1.1.6,2025-09-15,holdout,False,high_risk,8.6,threat-filesystem-read threat-network-exfiltration threat-network-outbound-shady-links threat-process-download-exec threat-process-hooks threat-runtime-environment-read threat-runtime-obfuscation-base64exec,2.808,high,publisher_change install_script
@nativescript-community/arraybuffers,1.1.7,2025-09-15,holdout,False,high_risk,8.6,threat-filesystem-read threat-network-exfiltration threat-network-outbound-shady-links threat-process-download-exec threat-process-hooks threat-runtime-environment-read threat-runtime-obfuscation-base64exec,3.269,high,publisher_change install_script
@nativescript-community/gesturehandler,2.0.35,2025-09-15,dev,False,high_risk,8.6,threat-filesystem-read threat-network-exfiltration threat-network-outbound-shady-links threat-process-download-exec threat-process-hooks threat-runtime-environment-read threat-runtime-obfuscation-base64exec,3.234,high,maintainer_change install_script
@nativescript-community/perms,3.0.5,2025-09-15,holdout,False,high_risk,8.6,threat-filesystem-read threat-network-exfiltration threat-network-outbound-shady-links threat-process-download-exec threat-process-hooks threat-runtime-environment-read threat-runtime-obfuscation-base64exec,3.166,high,publisher_change install_script
@nativescript-community/perms,3.0.6,2025-09-15,holdout,False,high_risk,8.6,threat-filesystem-read threat-network-exfiltration threat-network-outbound-shady-links threat-process-download-exec threat-process-hooks threat-runtime-environment-read threat-runtime-obfuscation-base64exec,2.682,high,publisher_change install_script
@nativescript-community/perms,3.0.9,2025-09-15,holdout,False,high_risk,8.6,threat-filesystem-read threat-network-exfiltration threat-network-outbound-shady-links threat-process-download-exec threat-process-hooks threat-runtime-environment-read threat-runtime-obfuscation-base64exec,3.184,high,maintainer_change install_script
@nativescript-community/sentry,4.6.43,2025-09-15,dev,False,high_risk,8.6,threat-filesystem-read threat-network-exfiltration threat-network-outbound-shady-links threat-process-download-exec threat-process-hooks threat-runtime-environment-read threat-runtime-obfuscation-base64exec,3.866,high,maintainer_change install_script
@nativescript-community/sqlite,3.5.4,2025-09-15,holdout,False,high_risk,8.6,threat-filesystem-read threat-network-exfiltration threat-network-outbound-shady-links threat-process-download-exec threat-process-hooks threat-runtime-environment-read threat-runtime-obfuscation-base64exec,3.033,high,publisher_change install_script
@nativescript-community/sqlite,3.5.5,2025-09-15,holdout,False,high_risk,8.6,threat-filesystem-read threat-network-exfiltration threat-network-outbound-shady-links threat-process-download-exec threat-process-hooks threat-runtime-environment-read threat-runtime-obfuscation-base64exec,4.406,high,publisher_change install_script
@nativescript-community/text,1.6.10,2025-09-15,holdout,False,high_risk,8.6,threat-filesystem-read threat-network-exfiltration threat-network-outbound-shady-links threat-process-download-exec threat-process-hooks threat-runtime-environment-read threat-runtime-obfuscation-base64exec,4.339,high,publisher_change install_script
@nativescript-community/text,1.6.13,2025-09-15,dev,False,high_risk,8.6,threat-filesystem-read threat-network-exfiltration threat-network-outbound-shady-links threat-process-download-exec threat-process-hooks threat-runtime-environment-read threat-runtime-obfuscation-base64exec,5.567,high,maintainer_change install_script
@nativescript-community/text,1.6.9,2025-09-15,holdout,False,high_risk,8.6,threat-filesystem-read threat-network-exfiltration threat-network-outbound-shady-links threat-process-download-exec threat-process-hooks threat-runtime-environment-read threat-runtime-obfuscation-base64exec,4.487,high,publisher_change install_script
@nativescript-community/ui-collectionview,6.0.6,2025-09-15,holdout,False,high_risk,8.6,threat-filesystem-read threat-network-exfiltration threat-network-outbound-shady-links threat-process-download-exec threat-process-hooks threat-runtime-environment-read threat-runtime-obfuscation-base64exec,5.074,high,maintainer_change install_script
@nativescript-community/ui-document-picker,1.1.28,2025-09-15,dev,False,high_risk,8.6,threat-filesystem-read threat-network-exfiltration threat-network-outbound-shady-links threat-process-download-exec threat-process-hooks threat-runtime-environment-read threat-runtime-obfuscation-base64exec,4.237,high,publisher_change install_script
@nativescript-community/ui-drawer,0.1.30,2025-09-15,dev,False,high_risk,8.6,threat-filesystem-read threat-network-exfiltration threat-network-outbound-shady-links threat-process-download-exec threat-process-hooks threat-runtime-environment-read threat-runtime-obfuscation-base64exec,4.844,high,maintainer_change install_script
@nativescript-community/ui-image,4.5.6,2025-09-15,dev,False,high_risk,8.6,threat-filesystem-read threat-network-exfiltration threat-network-outbound-shady-links threat-process-download-exec threat-process-hooks threat-runtime-environment-read threat-runtime-obfuscation-base64exec,4.646,high,maintainer_change install_script
@nativescript-community/ui-label,1.3.35,2025-09-15,holdout,False,high_risk,8.6,threat-filesystem-read threat-network-exfiltration threat-network-outbound-shady-links threat-process-download-exec threat-process-hooks threat-runtime-environment-read threat-runtime-obfuscation-base64exec,4.775,high,publisher_change install_script
@nativescript-community/ui-label,1.3.36,2025-09-15,dev,False,high_risk,8.6,threat-filesystem-read threat-network-exfiltration threat-network-outbound-shady-links threat-process-download-exec threat-process-hooks threat-runtime-environment-read threat-runtime-obfuscation-base64exec,4.894,high,publisher_change install_script
@nativescript-community/ui-material-bottom-navigation,7.2.73,2025-09-15,holdout,False,high_risk,8.6,threat-filesystem-read threat-network-exfiltration threat-network-outbound-shady-links threat-process-download-exec threat-process-hooks threat-runtime-environment-read threat-runtime-obfuscation-base64exec,4.539,high,publisher_change install_script
@nativescript-community/ui-material-bottomsheet,7.2.72,2025-09-15,dev,False,high_risk,8.6,threat-filesystem-read threat-network-exfiltration threat-network-outbound-shady-links threat-process-download-exec threat-process-hooks threat-runtime-environment-read threat-runtime-obfuscation-base64exec,4.688,high,maintainer_change install_script
@nativescript-community/ui-material-core-tabs,7.2.73,2025-09-15,holdout,False,high_risk,8.6,threat-filesystem-read threat-network-exfiltration threat-network-outbound-shady-links threat-process-download-exec threat-process-hooks threat-runtime-environment-read threat-runtime-obfuscation-base64exec,4.684,high,publisher_change install_script
@nativescript-community/ui-material-core-tabs,7.2.75,2025-09-15,dev,False,high_risk,8.6,threat-filesystem-read threat-network-exfiltration threat-network-outbound-shady-links threat-process-download-exec threat-process-hooks threat-runtime-environment-read threat-runtime-obfuscation-base64exec,4.142,high,publisher_change install_script
@nativescript-community/ui-material-core-tabs,7.2.76,2025-09-15,dev,False,high_risk,8.6,threat-filesystem-read threat-network-exfiltration threat-network-outbound-shady-links threat-process-download-exec threat-process-hooks threat-runtime-environment-read threat-runtime-obfuscation-base64exec,4.044,high,maintainer_change install_script
@nativescript-community/ui-material-core,7.2.73,2025-09-15,holdout,False,high_risk,8.6,threat-filesystem-read threat-network-exfiltration threat-network-outbound-shady-links threat-process-download-exec threat-process-hooks threat-runtime-environment-read threat-runtime-obfuscation-base64exec,4.107,high,publisher_change install_script
@nativescript-community/ui-material-core,7.2.76,2025-09-15,dev,False,high_risk,8.6,threat-filesystem-read threat-network-exfiltration threat-network-outbound-shady-links threat-process-download-exec threat-process-hooks threat-runtime-environment-read threat-runtime-obfuscation-base64exec,4.975,high,maintainer_change install_script
@nativescript-community/ui-material-tabs,7.2.73,2025-09-15,dev,False,high_risk,8.6,threat-filesystem-read threat-network-exfiltration threat-network-outbound-shady-links threat-process-download-exec threat-process-hooks threat-runtime-environment-read threat-runtime-obfuscation-base64exec,5.521,high,publisher_change install_script
@nativescript-community/ui-pager,14.1.36,2025-09-15,holdout,False,high_risk,8.6,threat-filesystem-read threat-network-exfiltration threat-network-outbound-shady-links threat-process-download-exec threat-process-hooks threat-runtime-environment-read threat-runtime-obfuscation-base64exec,4.906,high,publisher_change install_script
@nativescript-community/ui-pager,14.1.38,2025-09-15,dev,False,high_risk,8.6,threat-filesystem-read threat-network-exfiltration threat-network-outbound-shady-links threat-process-download-exec threat-process-hooks threat-runtime-environment-read threat-runtime-obfuscation-base64exec,5.052,high,publisher_change install_script
@nativescript-community/ui-pulltorefresh,2.5.5,2025-09-15,holdout,False,high_risk,8.6,threat-filesystem-read threat-network-exfiltration threat-network-outbound-shady-links threat-process-download-exec threat-process-hooks threat-runtime-environment-read threat-runtime-obfuscation-base64exec,3.776,high,publisher_change install_script
@nexe/config-manager,0.1.1,2025-09-14,dev,False,high_risk,8.6,threat-filesystem-read threat-network-exfiltration threat-network-outbound-shady-links threat-process-download-exec threat-process-hooks threat-runtime-environment-read threat-runtime-obfuscation-base64exec,3.718,medium,install_script
@nexe/eslint-config,0.1.1,2025-09-14,holdout,False,high_risk,8.6,threat-filesystem-read threat-network-exfiltration threat-network-outbound-shady-links threat-process-download-exec threat-process-hooks threat-runtime-environment-read threat-runtime-obfuscation-base64exec,3.974,medium,install_script
@nexe/logger,0.1.3,2025-09-14,dev,False,high_risk,8.6,threat-filesystem-read threat-network-exfiltration threat-network-outbound-shady-links threat-process-download-exec threat-process-hooks threat-runtime-environment-read threat-runtime-obfuscation-base64exec,3.78,medium,install_script
@nstudio/angular,20.0.4,2025-09-15,dev,False,high_risk,8.6,threat-filesystem-read threat-network-exfiltration threat-network-outbound-shady-links threat-process-download-exec threat-process-hooks threat-runtime-environment-read threat-runtime-obfuscation-base64exec,4.655,high,publisher_change install_script
@nstudio/angular,20.0.5,2025-09-15,dev,False,high_risk,8.6,threat-filesystem-read threat-network-exfiltration threat-network-outbound-shady-links threat-process-download-exec threat-process-hooks threat-runtime-environment-read threat-runtime-obfuscation-base64exec,5.233,high,publisher_change install_script
@nstudio/focus,20.0.5,2025-09-15,dev,False,high_risk,8.6,threat-filesystem-read threat-network-exfiltration threat-network-outbound-shady-links threat-process-download-exec threat-process-hooks threat-runtime-environment-read threat-runtime-obfuscation-base64exec,3.979,high,publisher_change install_script
@nstudio/focus,20.0.6,2025-09-15,holdout,False,high_risk,8.6,threat-filesystem-read threat-network-exfiltration threat-network-outbound-shady-links threat-process-download-exec threat-process-hooks threat-runtime-environment-read threat-runtime-obfuscation-base64exec,4.498,high,publisher_change install_script
@nstudio/nativescript-checkbox,2.0.6,2025-09-15,holdout,False,high_risk,8.6,threat-filesystem-read threat-network-exfiltration threat-network-outbound-shady-links threat-process-download-exec threat-process-hooks threat-runtime-environment-read threat-runtime-obfuscation-base64exec,4.286,high,publisher_change install_script
@nstudio/nativescript-checkbox,2.0.7,2025-09-15,dev,False,high_risk,8.6,threat-filesystem-read threat-network-exfiltration threat-network-outbound-shady-links threat-process-download-exec threat-process-hooks threat-runtime-environment-read threat-runtime-obfuscation-base64exec,3.71,high,publisher_change install_script
@nstudio/nativescript-checkbox,2.0.9,2025-09-15,dev,False,high_risk,8.6,threat-filesystem-read threat-network-exfiltration threat-network-outbound-shady-links threat-process-download-exec threat-process-hooks threat-runtime-environment-read threat-runtime-obfuscation-base64exec,4.492,high,publisher_change install_script
@nstudio/nativescript-loading-indicator,5.0.1,2025-09-15,holdout,False,high_risk,8.6,threat-filesystem-read threat-network-exfiltration threat-network-outbound-shady-links threat-process-download-exec threat-process-hooks threat-runtime-environment-read threat-runtime-obfuscation-base64exec,4.034,high,publisher_change install_script
@nstudio/nativescript-loading-indicator,5.0.2,2025-09-15,holdout,False,high_risk,8.6,threat-filesystem-read threat-network-exfiltration threat-network-outbound-shady-links threat-process-download-exec threat-process-hooks threat-runtime-environment-read threat-runtime-obfuscation-base64exec,4.197,high,publisher_change install_script
@nstudio/nativescript-loading-indicator,5.0.4,2025-09-15,dev,False,high_risk,8.6,threat-filesystem-read threat-network-exfiltration threat-network-outbound-shady-links threat-process-download-exec threat-process-hooks threat-runtime-environment-read threat-runtime-obfuscation-base64exec,3.609,high,publisher_change install_script
@nstudio/ui-collectionview,5.1.11,2025-09-15,dev,False,high_risk,8.6,threat-filesystem-read threat-network-exfiltration threat-network-outbound-shady-links threat-process-download-exec threat-process-hooks threat-runtime-environment-read threat-runtime-obfuscation-base64exec,3.973,high,publisher_change install_script
@nstudio/ui-collectionview,5.1.12,2025-09-15,dev,False,high_risk,8.6,threat-filesystem-read threat-network-exfiltration threat-network-outbound-shady-links threat-process-download-exec threat-process-hooks threat-runtime-environment-read threat-runtime-obfuscation-base64exec,3.366,high,publisher_change install_script
@nstudio/ui-collectionview,5.1.14,2025-09-15,dev,False,high_risk,8.6,threat-filesystem-read threat-network-exfiltration threat-network-outbound-shady-links threat-process-download-exec threat-process-hooks threat-runtime-environment-read threat-runtime-obfuscation-base64exec,3.404,high,publisher_change install_script
@nstudio/web-angular,20.0.4,2025-09-15,dev,False,high_risk,8.6,threat-filesystem-read threat-network-exfiltration threat-network-outbound-shady-links threat-process-download-exec threat-process-hooks threat-runtime-environment-read threat-runtime-obfuscation-base64exec,3.236,high,publisher_change install_script
@nstudio/web,20.0.4,2025-09-15,dev,False,high_risk,8.6,threat-filesystem-read threat-network-exfiltration threat-network-outbound-shady-links threat-process-download-exec threat-process-hooks threat-runtime-environment-read threat-runtime-obfuscation-base64exec,3.1,high,publisher_change install_script
@nstudio/xplat-utils,20.0.5,2025-09-15,dev,False,high_risk,8.6,threat-filesystem-read threat-network-exfiltration threat-network-outbound-shady-links threat-process-download-exec threat-process-hooks threat-runtime-environment-read threat-runtime-obfuscation-base64exec,3.097,high,publisher_change install_script
@nstudio/xplat-utils,20.0.6,2025-09-15,dev,False,high_risk,8.6,threat-filesystem-read threat-network-exfiltration threat-network-outbound-shady-links threat-process-download-exec threat-process-hooks threat-runtime-environment-read threat-runtime-obfuscation-base64exec,3.516,high,publisher_change install_script
@nstudio/xplat,20.0.5,2025-09-15,dev,False,high_risk,8.6,threat-filesystem-read threat-network-exfiltration threat-network-outbound-shady-links threat-process-download-exec threat-process-hooks threat-runtime-environment-read threat-runtime-obfuscation-base64exec,3.681,high,publisher_change install_script
@nstudio/xplat,20.0.7,2025-09-15,dev,False,high_risk,8.6,threat-filesystem-read threat-network-exfiltration threat-network-outbound-shady-links threat-process-download-exec threat-process-hooks threat-runtime-environment-read threat-runtime-obfuscation-base64exec,3.345,high,publisher_change install_script
@ntnx/passport-wso2,0.0.3,2025-11-24,dev,False,high_risk,9.4,threat-filesystem-autostart threat-filesystem-destruction threat-npm-preinstall-script threat-process-download-exec threat-process-hooks threat-runtime-obfuscation-base64exec threat-runtime-obfuscation-js-mangling,7.337,high,publisher_change install_script
@ntnx/t,0.0.101,2025-11-24,holdout,False,high_risk,9.4,threat-filesystem-autostart threat-filesystem-destruction threat-npm-preinstall-script threat-process-download-exec threat-process-hooks threat-runtime-obfuscation-base64exec threat-runtime-obfuscation-js-mangling,7.594,medium,install_script
@nx/devkit,21.5.0,2025-08-26,holdout,False,suspicious,6.5,threat-filesystem-read threat-network-exfil-sysinfo threat-process-hooks threat-runtime-system-info,1.193,high,provenance_dropped install_script
@nx/enterprise-cloud,3.2.0,2025-08-26,dev,False,suspicious,6.5,threat-filesystem-read threat-network-exfil-sysinfo threat-process-hooks threat-runtime-system-info,0.482,medium,install_script
@nx/eslint,21.5.0,2025-08-26,holdout,False,suspicious,6.5,threat-filesystem-read threat-network-exfil-sysinfo threat-process-hooks threat-runtime-system-info,1.128,high,provenance_dropped install_script
@nx/js,21.5.0,2025-08-26,dev,False,suspicious,6.5,threat-filesystem-read threat-network-exfil-sysinfo threat-process-hooks threat-runtime-environment-read threat-runtime-system-info,1.9,high,provenance_dropped install_script
@nx/key,3.2.0,2025-08-26,holdout,False,suspicious,6.5,threat-filesystem-read threat-network-exfil-sysinfo threat-process-hooks threat-runtime-system-info,1.024,medium,install_script
@nx/node,21.5.0,2025-08-26,holdout,False,suspicious,6.5,threat-filesystem-read threat-network-exfil-sysinfo threat-process-hooks threat-runtime-system-info,1.053,high,provenance_dropped install_script
@nx/workspace,21.5.0,2025-08-26,holdout,False,suspicious,6.5,threat-filesystem-read threat-network-exfil-sysinfo threat-process-hooks threat-runtime-system-info,1.436,high,provenance_dropped install_script
@openclaw-cn/cli,1.4.1,2026-05-19,dev,False,high_risk,8.0,threat-filesystem-read threat-npm-preinstall-script threat-runtime-environment-read threat-runtime-obfuscation threat-runtime-obfuscation-js-mangling,1.009,medium,install_script
@openclaw-cn/feishu,0.2.11,2026-05-19,holdout,False,high_risk,8.0,threat-npm-preinstall-script threat-runtime-environment-read threat-runtime-obfuscation threat-runtime-obfuscation-js-mangling,1.561,medium,install_script
@openclaw-cn/libsignal,2.1.1,2026-05-19,dev,False,high_risk,8.0,threat-npm-preinstall-script threat-runtime-environment-read threat-runtime-obfuscation threat-runtime-obfuscation-js-mangling,0.799,medium,install_script
@opengov/form-builder,0.12.3,2026-03-21,holdout,False,suspicious,5.9,threat-filesystem-read threat-process-hooks threat-process-spawn-silent threat-runtime-environment-read,0.571,high,maintainer_change install_script
@opengov/form-renderer,0.2.20,2026-03-21,holdout,False,suspicious,5.9,threat-filesystem-read threat-process-hooks threat-process-spawn-silent threat-runtime-environment-read,0.547,high,maintainer_change install_script
@opengov/form-utils,0.7.2,2026-03-21,dev,False,suspicious,5.9,threat-filesystem-read threat-process-hooks threat-process-spawn-silent threat-runtime-environment-read,0.592,high,maintainer_change install_script
@opengov/ppf-backend-types,1.141.2,2026-03-24,dev,False,suspicious,5.9,threat-filesystem-read threat-process-hooks threat-process-spawn-silent threat-runtime-environment-read,0.968,high,maintainer_change install_script
@opengov/ppf-eslint-config,0.1.11,2026-03-21,holdout,False,suspicious,5.9,threat-filesystem-read threat-process-hooks threat-process-spawn-silent threat-runtime-environment-read,0.475,high,publisher_change install_script
@opengov/qa-record-types-api,1.0.3,2026-03-21,dev,False,suspicious,5.9,threat-filesystem-read threat-process-hooks threat-process-spawn-silent threat-runtime-environment-read,0.581,high,maintainer_change install_script
@opensearch-project/opensearch,3.5.3,2026-05-12,dev,False,low,3.3,threat-runtime-system-info,4.02,high,maintainer_change dependency_added
@opensearch-project/opensearch,3.6.2,2026-05-12,holdout,False,high_risk,8.6,threat-npm-preinstall-script threat-process-hooks threat-runtime-environment-read threat-runtime-obfuscation threat-runtime-obfuscation-js-mangling threat-runtime-system-info,3.747,medium,maintainer_change install_script
@opensearch-project/opensearch,3.7.0,2026-05-12,holdout,False,low,3.3,threat-runtime-system-info,3.79,medium,maintainer_change
@opensearch-project/opensearch,3.8.0,2026-05-12,holdout,False,low,3.3,threat-runtime-system-info,4.239,medium,maintainer_change
@openwebconcept/design-tokens,1.0.1,2026-04-21,dev,False,no_risks_detected,0.0,,0.707,medium,install_script
@openwebconcept/design-tokens,1.0.2,2026-04-21,holdout,False,no_risks_detected,0.0,,0.798,low,install_script
@openwebconcept/design-tokens,1.0.3,2026-04-21,dev,False,no_risks_detected,0.0,,0.725,low,install_script
@openwebconcept/theme-owc,1.0.1,2026-04-21,holdout,False,no_risks_detected,0.0,,0.61,medium,install_script
@openwebconcept/theme-owc,1.0.2,2026-04-21,dev,False,no_risks_detected,0.0,,0.583,low,install_script
@openwebconcept/theme-owc,1.0.3,2026-04-21,dev,False,no_risks_detected,0.0,,0.547,low,install_script
@operato/board,9.0.35,2025-09-15,holdout,False,high_risk,8.6,threat-filesystem-read threat-network-exfiltration threat-network-outbound-shady-links threat-process-download-exec threat-process-hooks threat-runtime-environment-read threat-runtime-obfuscation-base64exec,4.059,medium,install_script
@operato/board,9.0.36,2025-09-16,holdout,False,high_risk,8.6,threat-filesystem-read threat-network-exfiltration threat-network-outbound-shady-links threat-process-download-exec threat-process-hooks threat-runtime-environment-read threat-runtime-obfuscation-base64exec,4.364,low,install_script
@operato/board,9.0.37,2025-09-16,dev,False,high_risk,8.6,threat-filesystem-read threat-network-exfiltration threat-network-outbound-shady-links threat-process-download-exec threat-process-hooks threat-runtime-environment-read threat-runtime-obfuscation-base64exec,5.075,low,install_script
@operato/board,9.0.39,2025-09-16,holdout,False,high_risk,8.6,threat-filesystem-read threat-network-exfiltration threat-network-outbound-shady-links threat-process-download-exec threat-process-hooks threat-runtime-environment-read threat-runtime-obfuscation-base64exec,4.027,low,install_script
@operato/board,9.0.40,2025-09-16,dev,False,high_risk,8.6,threat-filesystem-read threat-network-exfiltration threat-network-outbound-shady-links threat-process-download-exec threat-process-hooks threat-runtime-environment-read threat-runtime-obfuscation-base64exec,4.474,low,install_script
@operato/board,9.0.41,2025-09-16,holdout,False,high_risk,8.6,threat-filesystem-read threat-network-exfiltration threat-network-outbound-shady-links threat-process-download-exec threat-process-hooks threat-runtime-environment-read threat-runtime-obfuscation-base64exec,4.869,low,install_script
@operato/board,9.0.42,2025-09-16,dev,False,high_risk,8.6,threat-filesystem-read threat-network-exfiltration threat-network-outbound-shady-links threat-process-download-exec threat-process-hooks threat-runtime-environment-read threat-runtime-obfuscation-base64exec,4.392,low,install_script
@operato/board,9.0.43,2025-09-16,dev,False,high_risk,8.6,threat-filesystem-read threat-network-exfiltration threat-network-outbound-shady-links threat-process-download-exec threat-process-hooks threat-runtime-environment-read threat-runtime-obfuscation-base64exec,3.765,low,install_script
@operato/board,9.0.45,2025-09-16,dev,False,high_risk,8.6,threat-filesystem-read threat-network-exfiltration threat-network-outbound-shady-links threat-process-download-exec threat-process-hooks threat-runtime-environment-read threat-runtime-obfuscation-base64exec,4.08,low,install_script
@operato/board,9.0.46,2025-09-16,holdout,False,high_risk,8.6,threat-filesystem-read threat-network-exfiltration threat-network-outbound-shady-links threat-process-download-exec threat-process-hooks threat-runtime-environment-read threat-runtime-obfuscation-base64exec,4.063,low,install_script
@operato/board,9.0.48,2025-09-16,dev,False,high_risk,8.6,threat-filesystem-read threat-network-exfiltration threat-network-outbound-shady-links threat-process-download-exec threat-process-hooks threat-runtime-environment-read threat-runtime-obfuscation-base64exec,3.71,low,install_script
@operato/board,9.0.51,2025-09-16,dev,False,high_risk,8.6,threat-filesystem-read threat-network-exfiltration threat-network-outbound-shady-links threat-process-download-exec threat-process-hooks threat-runtime-environment-read threat-runtime-obfuscation-base64exec,3.886,low,install_script
@operato/data-grist,9.0.29,2025-09-15,holdout,False,high_risk,8.6,threat-filesystem-read threat-network-exfiltration threat-network-outbound-shady-links threat-process-download-exec threat-process-hooks threat-runtime-environment-read threat-runtime-obfuscation-base64exec,4.125,medium,install_script
@operato/data-grist,9.0.35,2025-09-15,dev,False,high_risk,8.6,threat-filesystem-read threat-network-exfiltration threat-network-outbound-shady-links threat-process-download-exec threat-process-hooks threat-runtime-environment-read threat-runtime-obfuscation-base64exec,4.705,medium,install_script
@operato/data-grist,9.0.36,2025-09-16,dev,False,high_risk,8.6,threat-filesystem-read threat-network-exfiltration threat-network-outbound-shady-links threat-process-download-exec threat-process-hooks threat-runtime-environment-read threat-runtime-obfuscation-base64exec,6.472,low,install_script
@operato/data-grist,9.0.37,2025-09-16,holdout,False,high_risk,8.6,threat-filesystem-read threat-network-exfiltration threat-network-outbound-shady-links threat-process-download-exec threat-process-hooks threat-runtime-environment-read threat-runtime-obfuscation-base64exec,6.003,low,install_script
@operato/graphql,9.0.22,2025-09-15,dev,False,high_risk,8.6,threat-filesystem-read threat-network-exfiltration threat-network-outbound-shady-links threat-process-download-exec threat-process-hooks threat-runtime-environment-read threat-runtime-obfuscation-base64exec,4.075,medium,install_script
@operato/graphql,9.0.35,2025-09-15,holdout,False,high_risk,8.6,threat-filesystem-read threat-network-exfiltration threat-network-outbound-shady-links threat-process-download-exec threat-process-hooks threat-runtime-environment-read threat-runtime-obfuscation-base64exec,6.263,medium,install_script
@operato/graphql,9.0.36,2025-09-16,holdout,False,high_risk,8.6,threat-filesystem-read threat-network-exfiltration threat-network-outbound-shady-links threat-process-download-exec threat-process-hooks threat-runtime-environment-read threat-runtime-obfuscation-base64exec,6.054,low,install_script
@operato/graphql,9.0.37,2025-09-16,holdout,False,high_risk,8.6,threat-filesystem-read threat-network-exfiltration threat-network-outbound-shady-links threat-process-download-exec threat-process-hooks threat-runtime-environment-read threat-runtime-obfuscation-base64exec,6.036,low,install_script
@operato/graphql,9.0.39,2025-09-16,dev,False,high_risk,8.6,threat-filesystem-read threat-network-exfiltration threat-network-outbound-shady-links threat-process-download-exec threat-process-hooks threat-runtime-environment-read threat-runtime-obfuscation-base64exec,6.122,low,install_script
@operato/graphql,9.0.40,2025-09-16,holdout,False,high_risk,8.6,threat-filesystem-read threat-network-exfiltration threat-network-outbound-shady-links threat-process-download-exec threat-process-hooks threat-runtime-environment-read threat-runtime-obfuscation-base64exec,6.346,low,install_script
@operato/graphql,9.0.41,2025-09-16,dev,False,high_risk,8.6,threat-filesystem-read threat-network-exfiltration threat-network-outbound-shady-links threat-process-download-exec threat-process-hooks threat-runtime-environment-read threat-runtime-obfuscation-base64exec,5.44,low,install_script
@operato/graphql,9.0.42,2025-09-16,holdout,False,high_risk,8.6,threat-filesystem-read threat-network-exfiltration threat-network-outbound-shady-links threat-process-download-exec threat-process-hooks threat-runtime-environment-read threat-runtime-obfuscation-base64exec,5.618,low,install_script
@operato/graphql,9.0.43,2025-09-16,dev,False,high_risk,8.6,threat-filesystem-read threat-network-exfiltration threat-network-outbound-shady-links threat-process-download-exec threat-process-hooks threat-runtime-environment-read threat-runtime-obfuscation-base64exec,5.2,low,install_script
@operato/graphql,9.0.44,2025-09-16,holdout,False,high_risk,8.6,threat-filesystem-read threat-network-exfiltration threat-network-outbound-shady-links threat-process-download-exec threat-process-hooks threat-runtime-environment-read threat-runtime-obfuscation-base64exec,4.664,low,install_script
@operato/graphql,9.0.45,2025-09-16,dev,False,high_risk,8.6,threat-filesystem-read threat-network-exfiltration threat-network-outbound-shady-links threat-process-download-exec threat-process-hooks threat-runtime-environment-read threat-runtime-obfuscation-base64exec,3.677,low,install_script
@operato/graphql,9.0.48,2025-09-16,dev,False,high_risk,8.6,threat-filesystem-read threat-network-exfiltration threat-network-outbound-shady-links threat-process-download-exec threat-process-hooks threat-runtime-environment-read threat-runtime-obfuscation-base64exec,4.095,low,install_script
@operato/graphql,9.0.51,2025-09-16,holdout,False,high_risk,8.6,threat-filesystem-read threat-network-exfiltration threat-network-outbound-shady-links threat-process-download-exec threat-process-hooks threat-runtime-environment-read threat-runtime-obfuscation-base64exec,3.136,low,install_script
@operato/headroom,9.0.2,2025-09-15,dev,False,high_risk,8.6,threat-filesystem-read threat-network-exfiltration threat-network-outbound-shady-links threat-process-download-exec threat-process-hooks threat-runtime-environment-read threat-runtime-obfuscation-base64exec,3.335,medium,install_script
@operato/headroom,9.0.35,2025-09-15,dev,False,high_risk,8.6,threat-filesystem-read threat-network-exfiltration threat-network-outbound-shady-links threat-process-download-exec threat-process-hooks threat-runtime-environment-read threat-runtime-obfuscation-base64exec,3.178,medium,install_script
@operato/headroom,9.0.36,2025-09-16,dev,False,high_risk,8.6,threat-filesystem-read threat-network-exfiltration threat-network-outbound-shady-links threat-process-download-exec threat-process-hooks threat-runtime-environment-read threat-runtime-obfuscation-base64exec,3.879,low,install_script
@operato/headroom,9.0.37,2025-09-16,dev,False,high_risk,8.6,threat-filesystem-read threat-network-exfiltration threat-network-outbound-shady-links threat-process-download-exec threat-process-hooks threat-runtime-environment-read threat-runtime-obfuscation-base64exec,3.255,low,install_script
@operato/help,9.0.35,2025-09-15,dev,False,high_risk,8.6,threat-filesystem-read threat-network-exfiltration threat-network-outbound-shady-links threat-process-download-exec threat-process-hooks threat-runtime-environment-read threat-runtime-obfuscation-base64exec,3.518,medium,install_script
@operato/help,9.0.36,2025-09-16,holdout,False,high_risk,8.6,threat-filesystem-read threat-network-exfiltration threat-network-outbound-shady-links threat-process-download-exec threat-process-hooks threat-runtime-environment-read threat-runtime-obfuscation-base64exec,3.153,low,install_script
@operato/help,9.0.37,2025-09-16,holdout,False,high_risk,8.6,threat-filesystem-read threat-network-exfiltration threat-network-outbound-shady-links threat-process-download-exec threat-process-hooks threat-runtime-environment-read threat-runtime-obfuscation-base64exec,3.179,low,install_script
@operato/help,9.0.39,2025-09-16,holdout,False,high_risk,8.6,threat-filesystem-read threat-network-exfiltration threat-network-outbound-shady-links threat-process-download-exec threat-process-hooks threat-runtime-environment-read threat-runtime-obfuscation-base64exec,3.245,low,install_script
@operato/help,9.0.40,2025-09-16,dev,False,high_risk,8.6,threat-filesystem-read threat-network-exfiltration threat-network-outbound-shady-links threat-process-download-exec threat-process-hooks threat-runtime-environment-read threat-runtime-obfuscation-base64exec,3.346,low,install_script
@operato/help,9.0.41,2025-09-16,dev,False,high_risk,8.6,threat-filesystem-read threat-network-exfiltration threat-network-outbound-shady-links threat-process-download-exec threat-process-hooks threat-runtime-environment-read threat-runtime-obfuscation-base64exec,3.351,low,install_script
@operato/help,9.0.42,2025-09-16,holdout,False,high_risk,8.6,threat-filesystem-read threat-network-exfiltration threat-network-outbound-shady-links threat-process-download-exec threat-process-hooks threat-runtime-environment-read threat-runtime-obfuscation-base64exec,3.082,low,install_script
@operato/help,9.0.43,2025-09-16,holdout,False,high_risk,8.6,threat-filesystem-read threat-network-exfiltration threat-network-outbound-shady-links threat-process-download-exec threat-process-hooks threat-runtime-environment-read threat-runtime-obfuscation-base64exec,3.149,low,install_script
@operato/help,9.0.45,2025-09-16,dev,False,high_risk,8.6,threat-filesystem-read threat-network-exfiltration threat-network-outbound-shady-links threat-process-download-exec threat-process-hooks threat-runtime-environment-read threat-runtime-obfuscation-base64exec,3.291,low,install_script
@operato/help,9.0.48,2025-09-16,holdout,False,high_risk,8.6,threat-filesystem-read threat-network-exfiltration threat-network-outbound-shady-links threat-process-download-exec threat-process-hooks threat-runtime-environment-read threat-runtime-obfuscation-base64exec,4.09,low,install_script
@operato/help,9.0.51,2025-09-16,dev,False,high_risk,8.6,threat-filesystem-read threat-network-exfiltration threat-network-outbound-shady-links threat-process-download-exec threat-process-hooks threat-runtime-environment-read threat-runtime-obfuscation-base64exec,3.465,low,install_script
@operato/i18n,9.0.35,2025-09-15,dev,False,high_risk,8.6,threat-filesystem-read threat-network-exfiltration threat-network-outbound-shady-links threat-process-download-exec threat-process-hooks threat-runtime-environment-read threat-runtime-obfuscation-base64exec,3.274,medium,install_script
@operato/i18n,9.0.36,2025-09-16,holdout,False,high_risk,8.6,threat-filesystem-read threat-network-exfiltration threat-network-outbound-shady-links threat-process-download-exec threat-process-hooks threat-runtime-environment-read threat-runtime-obfuscation-base64exec,3.565,low,install_script
@operato/input,9.0.27,2025-09-15,holdout,False,high_risk,8.6,threat-filesystem-read threat-network-exfiltration threat-network-outbound-shady-links threat-process-download-exec threat-process-hooks threat-runtime-environment-read threat-runtime-obfuscation-base64exec,4.425,medium,install_script
@operato/input,9.0.35,2025-09-15,holdout,False,high_risk,8.6,threat-filesystem-read threat-network-exfiltration threat-network-outbound-shady-links threat-process-download-exec threat-process-hooks threat-runtime-environment-read threat-runtime-obfuscation-base64exec,4.29,medium,install_script
@operato/input,9.0.36,2025-09-16,dev,False,high_risk,8.6,threat-filesystem-read threat-network-exfiltration threat-network-outbound-shady-links threat-process-download-exec threat-process-hooks threat-runtime-environment-read threat-runtime-obfuscation-base64exec,3.909,low,install_script
@operato/input,9.0.37,2025-09-16,holdout,False,high_risk,8.6,threat-filesystem-read threat-network-exfiltration threat-network-outbound-shady-links threat-process-download-exec threat-process-hooks threat-runtime-environment-read threat-runtime-obfuscation-base64exec,3.862,low,install_script
@operato/input,9.0.39,2025-09-16,dev,False,high_risk,8.6,threat-filesystem-read threat-network-exfiltration threat-network-outbound-shady-links threat-process-download-exec threat-process-hooks threat-runtime-environment-read threat-runtime-obfuscation-base64exec,4.475,low,install_script
@operato/input,9.0.40,2025-09-16,holdout,False,high_risk,8.6,threat-filesystem-read threat-network-exfiltration threat-network-outbound-shady-links threat-process-download-exec threat-process-hooks threat-runtime-environment-read threat-runtime-obfuscation-base64exec,4.74,low,install_script
@operato/input,9.0.41,2025-09-16,dev,False,high_risk,8.6,threat-filesystem-read threat-network-exfiltration threat-network-outbound-shady-links threat-process-download-exec threat-process-hooks threat-runtime-environment-read threat-runtime-obfuscation-base64exec,4.44,low,install_script
@operato/input,9.0.42,2025-09-16,holdout,False,high_risk,8.6,threat-filesystem-read threat-network-exfiltration threat-network-outbound-shady-links threat-process-download-exec threat-process-hooks threat-runtime-environment-read threat-runtime-obfuscation-base64exec,4.527,low,install_script
@operato/input,9.0.43,2025-09-16,holdout,False,high_risk,8.6,threat-filesystem-read threat-network-exfiltration threat-network-outbound-shady-links threat-process-download-exec threat-process-hooks threat-runtime-environment-read threat-runtime-obfuscation-base64exec,4.269,low,install_script
@operato/input,9.0.45,2025-09-16,holdout,False,high_risk,8.6,threat-filesystem-read threat-network-exfiltration threat-network-outbound-shady-links threat-process-download-exec threat-process-hooks threat-runtime-environment-read threat-runtime-obfuscation-base64exec,4.839,low,install_script
@operato/input,9.0.46,2025-09-16,holdout,False,high_risk,8.6,threat-filesystem-read threat-network-exfiltration threat-network-outbound-shady-links threat-process-download-exec threat-process-hooks threat-runtime-environment-read threat-runtime-obfuscation-base64exec,4.204,low,install_script
@operato/input,9.0.47,2025-09-16,holdout,False,high_risk,8.6,threat-filesystem-read threat-network-exfiltration threat-network-outbound-shady-links threat-process-download-exec threat-process-hooks threat-runtime-environment-read threat-runtime-obfuscation-base64exec,3.93,low,install_script
@operato/input,9.0.48,2025-09-16,dev,False,high_risk,8.6,threat-filesystem-read threat-network-exfiltration threat-network-outbound-shady-links threat-process-download-exec threat-process-hooks threat-runtime-environment-read threat-runtime-obfuscation-base64exec,3.896,low,install_script
@operato/layout,9.0.35,2025-09-15,dev,False,high_risk,8.6,threat-filesystem-read threat-network-exfiltration threat-network-outbound-shady-links threat-process-download-exec threat-process-hooks threat-runtime-environment-read threat-runtime-obfuscation-base64exec,3.183,medium,install_script
@operato/layout,9.0.36,2025-09-16,dev,False,high_risk,8.6,threat-filesystem-read threat-network-exfiltration threat-network-outbound-shady-links threat-process-download-exec threat-process-hooks threat-runtime-environment-read threat-runtime-obfuscation-base64exec,3.412,low,install_script
@operato/layout,9.0.37,2025-09-16,dev,False,high_risk,8.6,threat-filesystem-read threat-network-exfiltration threat-network-outbound-shady-links threat-process-download-exec threat-process-hooks threat-runtime-environment-read threat-runtime-obfuscation-base64exec,3.268,low,install_script
@operato/popup,9.0.22,2025-09-15,holdout,False,high_risk,8.6,threat-filesystem-read threat-network-exfiltration threat-network-outbound-shady-links threat-process-download-exec threat-process-hooks threat-runtime-environment-read threat-runtime-obfuscation-base64exec,3.8,medium,install_script
@operato/popup,9.0.35,2025-09-15,dev,False,high_risk,8.6,threat-filesystem-read threat-network-exfiltration threat-network-outbound-shady-links threat-process-download-exec threat-process-hooks threat-runtime-environment-read threat-runtime-obfuscation-base64exec,3.612,medium,install_script
@operato/popup,9.0.36,2025-09-16,dev,False,high_risk,8.6,threat-filesystem-read threat-network-exfiltration threat-network-outbound-shady-links threat-process-download-exec threat-process-hooks threat-runtime-environment-read threat-runtime-obfuscation-base64exec,3.162,low,install_script
@operato/popup,9.0.37,2025-09-16,dev,False,high_risk,8.6,threat-filesystem-read threat-network-exfiltration threat-network-outbound-shady-links threat-process-download-exec threat-process-hooks threat-runtime-environment-read threat-runtime-obfuscation-base64exec,3.472,low,install_script
@operato/popup,9.0.39,2025-09-16,dev,False,high_risk,8.6,threat-filesystem-read threat-network-exfiltration threat-network-outbound-shady-links threat-process-download-exec threat-process-hooks threat-runtime-environment-read threat-runtime-obfuscation-base64exec,3.183,low,install_script
@operato/popup,9.0.40,2025-09-16,dev,False,high_risk,8.6,threat-filesystem-read threat-network-exfiltration threat-network-outbound-shady-links threat-process-download-exec threat-process-hooks threat-runtime-environment-read threat-runtime-obfuscation-base64exec,3.336,low,install_script
@operato/popup,9.0.41,2025-09-16,dev,False,high_risk,8.6,threat-filesystem-read threat-network-exfiltration threat-network-outbound-shady-links threat-process-download-exec threat-process-hooks threat-runtime-environment-read threat-runtime-obfuscation-base64exec,3.286,low,install_script
@operato/popup,9.0.42,2025-09-16,dev,False,high_risk,8.6,threat-filesystem-read threat-network-exfiltration threat-network-outbound-shady-links threat-process-download-exec threat-process-hooks threat-runtime-environment-read threat-runtime-obfuscation-base64exec,3.707,low,install_script
@operato/popup,9.0.43,2025-09-16,dev,False,high_risk,8.6,threat-filesystem-read threat-network-exfiltration threat-network-outbound-shady-links threat-process-download-exec threat-process-hooks threat-runtime-environment-read threat-runtime-obfuscation-base64exec,3.096,low,install_script
@operato/popup,9.0.44,2025-09-16,holdout,False,high_risk,8.6,threat-filesystem-read threat-network-exfiltration threat-network-outbound-shady-links threat-process-download-exec threat-process-hooks threat-runtime-environment-read threat-runtime-obfuscation-base64exec,3.704,low,install_script
@operato/popup,9.0.45,2025-09-16,dev,False,high_risk,8.6,threat-filesystem-read threat-network-exfiltration threat-network-outbound-shady-links threat-process-download-exec threat-process-hooks threat-runtime-environment-read threat-runtime-obfuscation-base64exec,4.78,low,install_script
@operato/popup,9.0.48,2025-09-16,holdout,False,high_risk,8.6,threat-filesystem-read threat-network-exfiltration threat-network-outbound-shady-links threat-process-download-exec threat-process-hooks threat-runtime-environment-read threat-runtime-obfuscation-base64exec,3.264,low,install_script
@operato/popup,9.0.51,2025-09-16,dev,False,high_risk,8.6,threat-filesystem-read threat-network-exfiltration threat-network-outbound-shady-links threat-process-download-exec threat-process-hooks threat-runtime-environment-read threat-runtime-obfuscation-base64exec,4.13,low,install_script
@operato/pull-to-refresh,9.0.35,2025-09-16,dev,False,high_risk,8.6,threat-filesystem-read threat-network-exfiltration threat-network-outbound-shady-links threat-process-download-exec threat-process-hooks threat-runtime-environment-read threat-runtime-obfuscation-base64exec,3.492,medium,install_script
@operato/pull-to-refresh,9.0.36,2025-09-16,holdout,False,high_risk,8.6,threat-filesystem-read threat-network-exfiltration threat-network-outbound-shady-links threat-process-download-exec threat-process-hooks threat-runtime-environment-read threat-runtime-obfuscation-base64exec,3.653,low,install_script
@operato/pull-to-refresh,9.0.37,2025-09-16,holdout,False,high_risk,8.6,threat-filesystem-read threat-network-exfiltration threat-network-outbound-shady-links threat-process-download-exec threat-process-hooks threat-runtime-environment-read threat-runtime-obfuscation-base64exec,3.644,low,install_script
@operato/pull-to-refresh,9.0.38,2025-09-16,holdout,False,high_risk,8.6,threat-filesystem-read threat-network-exfiltration threat-network-outbound-shady-links threat-process-download-exec threat-process-hooks threat-runtime-environment-read threat-runtime-obfuscation-base64exec,3.068,low,install_script
@operato/pull-to-refresh,9.0.39,2025-09-16,dev,False,high_risk,8.6,threat-filesystem-read threat-network-exfiltration threat-network-outbound-shady-links threat-process-download-exec threat-process-hooks threat-runtime-environment-read threat-runtime-obfuscation-base64exec,3.415,low,install_script
@operato/pull-to-refresh,9.0.40,2025-09-16,dev,False,high_risk,8.6,threat-filesystem-read threat-network-exfiltration threat-network-outbound-shady-links threat-process-download-exec threat-process-hooks threat-runtime-environment-read threat-runtime-obfuscation-base64exec,3.511,low,install_script
@operato/pull-to-refresh,9.0.41,2025-09-16,holdout,False,high_risk,8.6,threat-filesystem-read threat-network-exfiltration threat-network-outbound-shady-links threat-process-download-exec threat-process-hooks threat-runtime-environment-read threat-runtime-obfuscation-base64exec,3.229,low,install_script
@operato/pull-to-refresh,9.0.43,2025-09-16,dev,False,high_risk,8.6,threat-filesystem-read threat-network-exfiltration threat-network-outbound-shady-links threat-process-download-exec threat-process-hooks threat-runtime-environment-read threat-runtime-obfuscation-base64exec,4.348,low,install_script
@operato/pull-to-refresh,9.0.44,2025-09-16,holdout,False,high_risk,8.6,threat-filesystem-read threat-network-exfiltration threat-network-outbound-shady-links threat-process-download-exec threat-process-hooks threat-runtime-environment-read threat-runtime-obfuscation-base64exec,4.181,low,install_script
@operato/pull-to-refresh,9.0.47,2025-09-16,dev,False,high_risk,8.6,threat-filesystem-read threat-network-exfiltration threat-network-outbound-shady-links threat-process-download-exec threat-process-hooks threat-runtime-environment-read threat-runtime-obfuscation-base64exec,3.932,low,install_script
@operato/shell,9.0.22,2025-09-15,dev,False,high_risk,8.6,threat-filesystem-read threat-network-exfiltration threat-network-outbound-shady-links threat-process-download-exec threat-process-hooks threat-runtime-environment-read threat-runtime-obfuscation-base64exec,3.628,medium,install_script
@operato/shell,9.0.35,2025-09-15,holdout,False,high_risk,8.6,threat-filesystem-read threat-network-exfiltration threat-network-outbound-shady-links threat-process-download-exec threat-process-hooks threat-runtime-environment-read threat-runtime-obfuscation-base64exec,3.674,medium,install_script
@operato/shell,9.0.36,2025-09-16,dev,False,high_risk,8.6,threat-filesystem-read threat-network-exfiltration threat-network-outbound-shady-links threat-process-download-exec threat-process-hooks threat-runtime-environment-read threat-runtime-obfuscation-base64exec,3.915,low,install_script
@operato/shell,9.0.37,2025-09-16,dev,False,high_risk,8.6,threat-filesystem-read threat-network-exfiltration threat-network-outbound-shady-links threat-process-download-exec threat-process-hooks threat-runtime-environment-read threat-runtime-obfuscation-base64exec,3.469,low,install_script
@operato/shell,9.0.39,2025-09-16,holdout,False,high_risk,8.6,threat-filesystem-read threat-network-exfiltration threat-network-outbound-shady-links threat-process-download-exec threat-process-hooks threat-runtime-environment-read threat-runtime-obfuscation-base64exec,3.689,low,install_script
@operato/styles,9.0.2,2025-09-15,holdout,False,high_risk,8.6,threat-filesystem-read threat-network-exfiltration threat-network-outbound-shady-links threat-process-download-exec threat-process-hooks threat-runtime-environment-read threat-runtime-obfuscation-base64exec,3.412,medium,install_script
@operato/styles,9.0.35,2025-09-15,holdout,False,high_risk,8.6,threat-filesystem-read threat-network-exfiltration threat-network-outbound-shady-links threat-process-download-exec threat-process-hooks threat-runtime-environment-read threat-runtime-obfuscation-base64exec,3.049,medium,install_script
@operato/styles,9.0.36,2025-09-16,holdout,False,high_risk,8.6,threat-filesystem-read threat-network-exfiltration threat-network-outbound-shady-links threat-process-download-exec threat-process-hooks threat-runtime-environment-read threat-runtime-obfuscation-base64exec,3.478,low,install_script
@operato/styles,9.0.37,2025-09-16,dev,False,high_risk,8.6,threat-filesystem-read threat-network-exfiltration threat-network-outbound-shady-links threat-process-download-exec threat-process-hooks threat-runtime-environment-read threat-runtime-obfuscation-base64exec,3.483,low,install_script
@operato/utils,9.0.22,2025-09-15,holdout,False,high_risk,8.6,threat-filesystem-read threat-network-exfiltration threat-network-outbound-shady-links threat-process-download-exec threat-process-hooks threat-runtime-environment-read threat-runtime-obfuscation-base64exec,3.56,medium,install_script
@operato/utils,9.0.35,2025-09-15,holdout,False,high_risk,8.6,threat-filesystem-read threat-network-exfiltration threat-network-outbound-shady-links threat-process-download-exec threat-process-hooks threat-runtime-environment-read threat-runtime-obfuscation-base64exec,3.699,medium,install_script
@operato/utils,9.0.36,2025-09-16,holdout,False,high_risk,8.6,threat-filesystem-read threat-network-exfiltration threat-network-outbound-shady-links threat-process-download-exec threat-process-hooks threat-runtime-environment-read threat-runtime-obfuscation-base64exec,4.021,low,install_script
@operato/utils,9.0.37,2025-09-16,dev,False,high_risk,8.6,threat-filesystem-read threat-network-exfiltration threat-network-outbound-shady-links threat-process-download-exec threat-process-hooks threat-runtime-environment-read threat-runtime-obfuscation-base64exec,4.299,low,install_script
@operato/utils,9.0.39,2025-09-16,holdout,False,high_risk,8.6,threat-filesystem-read threat-network-exfiltration threat-network-outbound-shady-links threat-process-download-exec threat-process-hooks threat-runtime-environment-read threat-runtime-obfuscation-base64exec,3.838,low,install_script
@operato/utils,9.0.40,2025-09-16,dev,False,high_risk,8.6,threat-filesystem-read threat-network-exfiltration threat-network-outbound-shady-links threat-process-download-exec threat-process-hooks threat-runtime-environment-read threat-runtime-obfuscation-base64exec,3.583,low,install_script
@operato/utils,9.0.41,2025-09-16,dev,False,high_risk,8.6,threat-filesystem-read threat-network-exfiltration threat-network-outbound-shady-links threat-process-download-exec threat-process-hooks threat-runtime-environment-read threat-runtime-obfuscation-base64exec,3.845,low,install_script
@operato/utils,9.0.42,2025-09-16,holdout,False,high_risk,8.6,threat-filesystem-read threat-network-exfiltration threat-network-outbound-shady-links threat-process-download-exec threat-process-hooks threat-runtime-environment-read threat-runtime-obfuscation-base64exec,3.69,low,install_script
@operato/utils,9.0.43,2025-09-16,dev,False,high_risk,8.6,threat-filesystem-read threat-network-exfiltration threat-network-outbound-shady-links threat-process-download-exec threat-process-hooks threat-runtime-environment-read threat-runtime-obfuscation-base64exec,3.76,low,install_script
@operato/utils,9.0.45,2025-09-16,holdout,False,high_risk,8.6,threat-filesystem-read threat-network-exfiltration threat-network-outbound-shady-links threat-process-download-exec threat-process-hooks threat-runtime-environment-read threat-runtime-obfuscation-base64exec,3.743,low,install_script
@operato/utils,9.0.48,2025-09-16,dev,False,high_risk,8.6,threat-filesystem-read threat-network-exfiltration threat-network-outbound-shady-links threat-process-download-exec threat-process-hooks threat-runtime-environment-read threat-runtime-obfuscation-base64exec,3.532,low,install_script
@operato/utils,9.0.50,2025-09-16,dev,False,high_risk,8.6,threat-filesystem-read threat-network-exfiltration threat-network-outbound-shady-links threat-process-download-exec threat-process-hooks threat-runtime-environment-read threat-runtime-obfuscation-base64exec,3.423,low,install_script
@operato/utils,9.0.51,2025-09-16,holdout,False,high_risk,8.6,threat-filesystem-read threat-network-exfiltration threat-network-outbound-shady-links threat-process-download-exec threat-process-hooks threat-runtime-environment-read threat-runtime-obfuscation-base64exec,3.616,low,install_script
@orbitgtbelgium/mapbox-gl-draw-cut-polygon-mode,2.0.5,2025-11-24,dev,False,high_risk,9.4,threat-filesystem-autostart threat-filesystem-destruction threat-npm-preinstall-script threat-process-download-exec threat-process-hooks threat-runtime-obfuscation-base64exec threat-runtime-obfuscation-js-mangling,8.547,high,publisher_change install_script
@orbitgtbelgium/mapbox-gl-draw-scale-rotate-mode,1.1.1,2025-11-24,holdout,False,high_risk,9.4,threat-filesystem-autostart threat-filesystem-destruction threat-npm-preinstall-script threat-process-download-exec threat-process-hooks threat-runtime-obfuscation-base64exec threat-runtime-obfuscation-js-mangling,6.736,high,publisher_change install_script
@orbitgtbelgium/orbit-components,1.2.9,2025-11-24,holdout,False,high_risk,9.4,threat-filesystem-autostart threat-filesystem-destruction threat-npm-preinstall-script threat-process-download-exec threat-process-hooks threat-runtime-obfuscation-base64exec threat-runtime-obfuscation-js-mangling,7.466,high,publisher_change install_script
@orbitgtbelgium/time-slider,1.0.187,2025-11-24,dev,False,high_risk,9.4,threat-filesystem-autostart threat-filesystem-destruction threat-npm-preinstall-script threat-process-download-exec threat-process-hooks threat-runtime-obfuscation-base64exec threat-runtime-obfuscation-js-mangling,7.494,high,publisher_change install_script
@osmanekrem/bmad,1.0.6,2025-11-24,dev,False,high_risk,9.4,threat-filesystem-autostart threat-filesystem-destruction threat-filesystem-read threat-npm-preinstall-script threat-process-download-exec threat-process-hooks threat-runtime-environment-read threat-runtime-obfuscation-base64exec threat-runtime-obfuscation-js-mangling,7.872,medium,install_script
@osmanekrem/error-handler,1.2.2,2025-11-24,dev,False,high_risk,9.4,threat-filesystem-autostart threat-filesystem-destruction threat-npm-preinstall-script threat-process-download-exec threat-process-hooks threat-runtime-obfuscation-base64exec threat-runtime-obfuscation-js-mangling,7.293,medium,install_script
@pkgr/core,0.2.8,2025-07-18,holdout,False,no_risks_detected,0.0,,1.081,high,provenance_dropped install_script maintainer_change
@posthog/agent,1.24.1,2025-11-24,holdout,False,high_risk,10.0,threat-filesystem-autostart threat-filesystem-destruction threat-filesystem-read threat-network-exfiltration threat-npm-preinstall-script threat-process-download-exec threat-process-hooks threat-runtime-enumeration threat-runtime-environment-read threat-runtime-obfuscation threat-runtime-obfuscation-base64exec threat-runtime-obfuscation-js-mangling threat-runtime-obfuscation-log-suppress threat-runtime-obfuscation-steganography threat-runtime-obfuscation-unicode,14.84,medium,install_script publisher_change
@posthog/core,1.5.6,2025-11-24,dev,False,high_risk,9.4,threat-filesystem-autostart threat-filesystem-destruction threat-npm-preinstall-script threat-process-download-exec threat-process-hooks threat-runtime-obfuscation-base64exec threat-runtime-obfuscation-js-mangling,8.12,medium,install_script
@posthog/currency-normalization-plugin,0.0.8,2025-11-24,holdout,False,high_risk,9.4,threat-filesystem-autostart threat-filesystem-destruction threat-npm-preinstall-script threat-process-download-exec threat-process-hooks threat-runtime-obfuscation-base64exec threat-runtime-obfuscation-js-mangling,6.633,high,maintainer_change install_script
@posthog/databricks-plugin,0.0.8,2025-11-24,dev,False,high_risk,9.4,threat-filesystem-autostart threat-filesystem-destruction threat-npm-preinstall-script threat-process-download-exec threat-process-hooks threat-runtime-obfuscation-base64exec threat-runtime-obfuscation-js-mangling,7.481,high,maintainer_change install_script
@posthog/drop-events-on-property-plugin,0.0.8,2025-11-24,holdout,False,high_risk,9.4,threat-filesystem-autostart threat-filesystem-destruction threat-npm-preinstall-script threat-process-download-exec threat-process-hooks threat-runtime-obfuscation-base64exec threat-runtime-obfuscation-js-mangling,6.691,high,maintainer_change install_script
@posthog/filter-out-plugin,0.0.8,2025-11-24,dev,False,high_risk,9.4,threat-filesystem-autostart threat-filesystem-destruction threat-npm-preinstall-script threat-process-download-exec threat-process-hooks threat-runtime-obfuscation-base64exec threat-runtime-obfuscation-js-mangling,7.207,high,maintainer_change install_script
@posthog/first-time-event-tracker,0.0.8,2025-11-24,holdout,False,high_risk,9.4,threat-filesystem-autostart threat-filesystem-destruction threat-npm-preinstall-script threat-process-download-exec threat-process-hooks threat-runtime-obfuscation-base64exec threat-runtime-obfuscation-js-mangling,8.34,high,maintainer_change install_script
@posthog/heartbeat-plugin,0.0.8,2025-11-24,holdout,False,high_risk,9.4,threat-filesystem-autostart threat-filesystem-destruction threat-npm-preinstall-script threat-process-download-exec threat-process-hooks threat-runtime-obfuscation-base64exec threat-runtime-obfuscation-js-mangling,7.115,high,maintainer_change install_script
@posthog/hedgehog-mode,0.0.42,2025-11-24,holdout,False,high_risk,9.4,threat-filesystem-autostart threat-filesystem-destruction threat-npm-preinstall-script threat-process-download-exec threat-process-hooks threat-runtime-obfuscation-base64exec threat-runtime-obfuscation-js-mangling,8.841,high,publisher_change install_script
@posthog/maxmind-plugin,0.1.6,2025-11-24,dev,False,high_risk,9.4,threat-filesystem-autostart threat-filesystem-destruction threat-npm-preinstall-script threat-process-download-exec threat-process-hooks threat-runtime-obfuscation-base64exec threat-runtime-obfuscation-js-mangling,7.329,high,publisher_change install_script
@posthog/nextjs,0.0.3,2025-11-24,holdout,False,high_risk,9.4,threat-filesystem-autostart threat-filesystem-destruction threat-npm-preinstall-script threat-process-download-exec threat-process-hooks threat-runtime-obfuscation-base64exec threat-runtime-obfuscation-js-mangling,6.705,high,maintainer_change install_script
@posthog/pagerduty-plugin,0.0.8,2025-11-24,dev,False,high_risk,9.4,threat-filesystem-autostart threat-filesystem-destruction threat-npm-preinstall-script threat-process-download-exec threat-process-hooks threat-runtime-obfuscation-base64exec threat-runtime-obfuscation-js-mangling,5.257,high,maintainer_change install_script
@posthog/piscina,3.2.1,2025-11-24,dev,False,high_risk,9.4,threat-filesystem-autostart threat-filesystem-destruction threat-npm-preinstall-script threat-process-download-exec threat-process-hooks threat-runtime-obfuscation-base64exec threat-runtime-obfuscation-js-mangling,5.305,high,publisher_change install_script
@posthog/plugin-server,1.10.8,2025-11-24,holdout,False,high_risk,9.4,threat-filesystem-autostart threat-filesystem-destruction threat-network-exfiltration threat-network-outbound-shady-links threat-npm-preinstall-script threat-process-download-exec threat-process-hooks threat-runtime-obfuscation-base64exec threat-runtime-obfuscation-js-mangling,6.171,high,publisher_change install_script
@posthog/postgres-plugin,0.0.8,2025-11-24,dev,False,high_risk,9.4,threat-filesystem-autostart threat-filesystem-destruction threat-npm-preinstall-script threat-process-download-exec threat-process-hooks threat-runtime-obfuscation-base64exec threat-runtime-obfuscation-js-mangling,5.129,high,maintainer_change install_script
@posthog/rrweb-player,0.0.31,2025-11-24,holdout,False,high_risk,9.4,threat-filesystem-autostart threat-filesystem-destruction threat-npm-preinstall-script threat-process-download-exec threat-process-hooks threat-runtime-obfuscation-base64exec threat-runtime-obfuscation-js-mangling,6.128,medium,install_script
@posthog/rrweb-record,0.0.31,2025-11-24,dev,False,high_risk,9.4,threat-filesystem-autostart threat-filesystem-destruction threat-npm-preinstall-script threat-process-download-exec threat-process-hooks threat-runtime-obfuscation-base64exec threat-runtime-obfuscation-js-mangling,6.327,medium,install_script
@posthog/rrweb-replay,0.0.19,2025-11-24,dev,False,high_risk,9.4,threat-filesystem-autostart threat-filesystem-destruction threat-npm-preinstall-script threat-process-download-exec threat-process-hooks threat-runtime-obfuscation-base64exec threat-runtime-obfuscation-js-mangling,5.829,high,maintainer_change install_script
@posthog/rrweb,0.0.31,2025-11-24,dev,False,high_risk,9.4,threat-filesystem-autostart threat-filesystem-destruction threat-npm-preinstall-script threat-process-download-exec threat-process-hooks threat-runtime-obfuscation-base64exec threat-runtime-obfuscation-js-mangling,6.13,medium,install_script
@posthog/taxonomy-plugin,0.0.8,2025-11-24,holdout,False,high_risk,9.4,threat-filesystem-autostart threat-filesystem-destruction threat-npm-preinstall-script threat-process-download-exec threat-process-hooks threat-runtime-obfuscation-base64exec threat-runtime-obfuscation-js-mangling,4.945,high,maintainer_change install_script
@posthog/twitter-followers-plugin,0.0.8,2025-11-24,holdout,False,high_risk,9.4,threat-filesystem-autostart threat-filesystem-destruction threat-npm-preinstall-script threat-process-download-exec threat-process-hooks threat-runtime-obfuscation-base64exec threat-runtime-obfuscation-js-mangling,5.348,high,maintainer_change install_script
@posthog/variance-plugin,0.0.8,2025-11-24,dev,False,high_risk,9.4,threat-filesystem-autostart threat-filesystem-destruction threat-npm-preinstall-script threat-process-download-exec threat-process-hooks threat-runtime-environment-read threat-runtime-obfuscation threat-runtime-obfuscation-base64exec threat-runtime-obfuscation-js-mangling,39.529,high,maintainer_change install_script
@posthog/web-dev-server,1.0.5,2025-11-24,holdout,False,high_risk,9.4,threat-filesystem-autostart threat-filesystem-destruction threat-npm-preinstall-script threat-process-download-exec threat-process-hooks threat-runtime-obfuscation-base64exec threat-runtime-obfuscation-js-mangling,5.365,high,publisher_change install_script
@posthog/wizard,1.18.1,2025-11-24,dev,False,high_risk,9.4,threat-filesystem-autostart threat-filesystem-destruction threat-filesystem-read threat-npm-preinstall-script threat-process-download-exec threat-process-hooks threat-runtime-environment-read threat-runtime-obfuscation-base64exec threat-runtime-obfuscation-js-mangling,5.922,high,publisher_change install_script
@postman/aether-icons,2.23.2,2025-11-24,holdout,False,high_risk,9.4,threat-filesystem-autostart threat-filesystem-destruction threat-npm-preinstall-script threat-process-download-exec threat-process-hooks threat-runtime-obfuscation-base64exec threat-runtime-obfuscation-js-mangling,7.786,high,maintainer_change install_script
@postman/aether-icons,2.23.3,2025-11-24,dev,False,high_risk,9.4,threat-filesystem-autostart threat-filesystem-destruction threat-npm-preinstall-script threat-process-download-exec threat-process-hooks threat-runtime-obfuscation-base64exec threat-runtime-obfuscation-js-mangling,6.989,high,maintainer_change install_script
@postman/aether-icons,2.23.4,2025-11-24,dev,False,high_risk,9.4,threat-filesystem-autostart threat-filesystem-destruction threat-npm-preinstall-script threat-process-download-exec threat-process-hooks threat-runtime-obfuscation-base64exec threat-runtime-obfuscation-js-mangling,6.987,high,maintainer_change install_script
@postman/csv-parse,4.0.4,2025-11-24,holdout,False,high_risk,9.4,threat-filesystem-autostart threat-filesystem-destruction threat-npm-preinstall-script threat-process-download-exec threat-process-hooks threat-runtime-obfuscation-base64exec threat-runtime-obfuscation-js-mangling,5.026,high,publisher_change install_script
@postman/csv-parse,4.0.5,2025-11-24,dev,False,high_risk,9.4,threat-filesystem-autostart threat-filesystem-destruction threat-npm-preinstall-script threat-process-download-exec threat-process-hooks threat-runtime-obfuscation-base64exec threat-runtime-obfuscation-js-mangling,5.017,high,publisher_change install_script
@postman/final-node-keytar,7.9.1,2025-11-24,dev,False,high_risk,9.4,threat-filesystem-autostart threat-filesystem-destruction threat-npm-preinstall-script threat-process-download-exec threat-process-hooks threat-runtime-obfuscation-base64exec threat-runtime-obfuscation-js-mangling,4.959,high,publisher_change install_script
@postman/final-node-keytar,7.9.2,2025-11-24,dev,False,high_risk,9.4,threat-filesystem-autostart threat-filesystem-destruction threat-npm-preinstall-script threat-process-download-exec threat-process-hooks threat-runtime-obfuscation-base64exec threat-runtime-obfuscation-js-mangling,4.937,high,publisher_change install_script
@postman/final-node-keytar,7.9.3,2025-11-24,dev,False,high_risk,9.4,threat-filesystem-autostart threat-filesystem-destruction threat-npm-preinstall-script threat-process-download-exec threat-process-hooks threat-runtime-obfuscation-base64exec threat-runtime-obfuscation-js-mangling,4.965,high,publisher_change install_script
@postman/mcp-ui-client,5.5.1,2025-11-24,holdout,False,high_risk,9.4,threat-filesystem-autostart threat-filesystem-destruction threat-npm-preinstall-script threat-process-download-exec threat-process-hooks threat-runtime-obfuscation-base64exec threat-runtime-obfuscation-js-mangling,4.991,high,publisher_change install_script
@postman/mcp-ui-client,5.5.2,2025-11-24,holdout,False,high_risk,9.4,threat-filesystem-autostart threat-filesystem-destruction threat-npm-preinstall-script threat-process-download-exec threat-process-hooks threat-runtime-obfuscation-base64exec threat-runtime-obfuscation-js-mangling,5.077,high,publisher_change install_script
@postman/mcp-ui-client,5.5.3,2025-11-24,dev,False,high_risk,9.4,threat-filesystem-autostart threat-filesystem-destruction threat-npm-preinstall-script threat-process-download-exec threat-process-hooks threat-runtime-obfuscation-base64exec threat-runtime-obfuscation-js-mangling,5.174,high,publisher_change install_script
@postman/node-keytar,7.9.4,2025-11-24,dev,False,high_risk,9.4,threat-filesystem-autostart threat-filesystem-destruction threat-npm-preinstall-script threat-process-download-exec threat-process-hooks threat-runtime-obfuscation-base64exec threat-runtime-obfuscation-js-mangling,4.935,high,publisher_change install_script
@postman/node-keytar,7.9.5,2025-11-24,holdout,False,high_risk,9.4,threat-filesystem-autostart threat-filesystem-destruction threat-npm-preinstall-script threat-process-download-exec threat-process-hooks threat-runtime-obfuscation-base64exec threat-runtime-obfuscation-js-mangling,4.95,high,publisher_change install_script
@postman/node-keytar,7.9.6,2025-11-24,dev,False,high_risk,9.4,threat-filesystem-autostart threat-filesystem-destruction threat-npm-preinstall-script threat-process-download-exec threat-process-hooks threat-runtime-obfuscation-base64exec threat-runtime-obfuscation-js-mangling,5.081,high,publisher_change install_script
@postman/pm-bin-linux-x64,1.24.3,2025-11-24,holdout,False,high_risk,9.4,threat-filesystem-autostart threat-filesystem-destruction threat-npm-preinstall-script threat-process-download-exec threat-process-hooks threat-runtime-obfuscation-base64exec threat-runtime-obfuscation-js-mangling,21.751,high,publisher_change install_script
@postman/pm-bin-linux-x64,1.24.4,2025-11-24,dev,False,high_risk,9.4,threat-filesystem-autostart threat-filesystem-destruction threat-npm-preinstall-script threat-process-download-exec threat-process-hooks threat-runtime-obfuscation-base64exec threat-runtime-obfuscation-js-mangling,21.595,high,publisher_change install_script
@postman/pm-bin-linux-x64,1.24.5,2025-11-24,dev,False,high_risk,9.4,threat-filesystem-autostart threat-filesystem-destruction threat-npm-preinstall-script threat-process-download-exec threat-process-hooks threat-runtime-obfuscation-base64exec threat-runtime-obfuscation-js-mangling,21.68,high,publisher_change install_script
@postman/pm-bin-macos-arm64,1.24.3,2025-11-24,holdout,False,high_risk,9.4,threat-filesystem-autostart threat-filesystem-destruction threat-npm-preinstall-script threat-process-download-exec threat-process-hooks threat-runtime-obfuscation-base64exec threat-runtime-obfuscation-js-mangling,19.155,high,publisher_change install_script
@postman/pm-bin-macos-arm64,1.24.4,2025-11-24,holdout,False,high_risk,9.4,threat-filesystem-autostart threat-filesystem-destruction threat-npm-preinstall-script threat-process-download-exec threat-process-hooks threat-runtime-obfuscation-base64exec threat-runtime-obfuscation-js-mangling,19.199,high,publisher_change install_script
@postman/pm-bin-macos-arm64,1.24.5,2025-11-24,dev,False,high_risk,9.4,threat-filesystem-autostart threat-filesystem-destruction threat-npm-preinstall-script threat-process-download-exec threat-process-hooks threat-runtime-obfuscation-base64exec threat-runtime-obfuscation-js-mangling,19.397,high,publisher_change install_script
@postman/pm-bin-macos-x64,1.24.3,2025-11-24,dev,False,high_risk,9.4,threat-filesystem-autostart threat-filesystem-destruction threat-npm-preinstall-script threat-process-download-exec threat-process-hooks threat-runtime-obfuscation-base64exec threat-runtime-obfuscation-js-mangling,20.166,high,publisher_change install_script
@postman/pm-bin-macos-x64,1.24.4,2025-11-24,dev,False,high_risk,9.4,threat-filesystem-autostart threat-filesystem-destruction threat-npm-preinstall-script threat-process-download-exec threat-process-hooks threat-runtime-obfuscation-base64exec threat-runtime-obfuscation-js-mangling,20.352,high,publisher_change install_script
@postman/pm-bin-macos-x64,1.24.5,2025-11-24,holdout,False,high_risk,9.4,threat-filesystem-autostart threat-filesystem-destruction threat-npm-preinstall-script threat-process-download-exec threat-process-hooks threat-runtime-obfuscation-base64exec threat-runtime-obfuscation-js-mangling,20.176,high,publisher_change install_script
@postman/pm-bin-windows-x64,1.24.3,2025-11-24,holdout,False,high_risk,9.4,threat-filesystem-autostart threat-filesystem-destruction threat-npm-preinstall-script threat-process-download-exec threat-process-hooks threat-runtime-obfuscation-base64exec threat-runtime-obfuscation-js-mangling,18.215,high,publisher_change install_script
@postman/pm-bin-windows-x64,1.24.4,2025-11-24,holdout,False,high_risk,9.4,threat-filesystem-autostart threat-filesystem-destruction threat-npm-preinstall-script threat-process-download-exec threat-process-hooks threat-runtime-obfuscation-base64exec threat-runtime-obfuscation-js-mangling,18.185,high,publisher_change install_script
@postman/pm-bin-windows-x64,1.24.5,2025-11-24,holdout,False,high_risk,9.4,threat-filesystem-autostart threat-filesystem-destruction threat-npm-preinstall-script threat-process-download-exec threat-process-hooks threat-runtime-obfuscation-base64exec threat-runtime-obfuscation-js-mangling,18.281,high,publisher_change install_script
@postman/postman-collection-fork,4.3.3,2025-11-24,dev,False,high_risk,9.4,threat-filesystem-autostart threat-filesystem-destruction threat-npm-preinstall-script threat-process-download-exec threat-process-hooks threat-runtime-obfuscation-base64exec threat-runtime-obfuscation-js-mangling,5.328,high,publisher_change install_script
@postman/postman-collection-fork,4.3.4,2025-11-24,dev,False,high_risk,9.4,threat-filesystem-autostart threat-filesystem-destruction threat-npm-preinstall-script threat-process-download-exec threat-process-hooks threat-runtime-obfuscation-base64exec threat-runtime-obfuscation-js-mangling,5.141,high,publisher_change install_script
@postman/postman-collection-fork,4.3.5,2025-11-24,dev,False,high_risk,9.4,threat-filesystem-autostart threat-filesystem-destruction threat-npm-preinstall-script threat-process-download-exec threat-process-hooks threat-runtime-obfuscation-base64exec threat-runtime-obfuscation-js-mangling,5.228,high,publisher_change install_script
@postman/postman-mcp-cli,1.0.3,2025-11-24,holdout,False,high_risk,9.4,threat-filesystem-autostart threat-filesystem-destruction threat-npm-preinstall-script threat-process-download-exec threat-process-hooks threat-runtime-obfuscation-base64exec threat-runtime-obfuscation-js-mangling,5.055,high,publisher_change install_script
@postman/postman-mcp-cli,1.0.4,2025-11-24,dev,False,high_risk,9.4,threat-filesystem-autostart threat-filesystem-destruction threat-npm-preinstall-script threat-process-download-exec threat-process-hooks threat-runtime-obfuscation-base64exec threat-runtime-obfuscation-js-mangling,4.999,high,publisher_change install_script
@postman/postman-mcp-server,2.4.11,2025-11-24,holdout,False,high_risk,9.4,threat-filesystem-autostart threat-filesystem-destruction threat-npm-preinstall-script threat-process-download-exec threat-process-hooks threat-runtime-environment-read threat-runtime-obfuscation-base64exec threat-runtime-obfuscation-js-mangling,5.214,high,publisher_change install_script
@postman/postman-mcp-server,2.4.12,2025-11-24,holdout,False,high_risk,9.4,threat-filesystem-autostart threat-filesystem-destruction threat-npm-preinstall-script threat-process-download-exec threat-process-hooks threat-runtime-environment-read threat-runtime-obfuscation-base64exec threat-runtime-obfuscation-js-mangling,5.332,high,publisher_change install_script
@postman/pretty-ms,6.1.1,2025-11-24,holdout,False,high_risk,9.4,threat-filesystem-autostart threat-filesystem-destruction threat-npm-preinstall-script threat-process-download-exec threat-process-hooks threat-runtime-obfuscation-base64exec threat-runtime-obfuscation-js-mangling,5.179,high,publisher_change install_script
@postman/pretty-ms,6.1.2,2025-11-24,dev,False,high_risk,9.4,threat-filesystem-autostart threat-filesystem-destruction threat-npm-preinstall-script threat-process-download-exec threat-process-hooks threat-runtime-obfuscation-base64exec threat-runtime-obfuscation-js-mangling,5.078,high,publisher_change install_script
@postman/pretty-ms,6.1.3,2025-11-24,holdout,False,high_risk,9.4,threat-filesystem-autostart threat-filesystem-destruction threat-npm-preinstall-script threat-process-download-exec threat-process-hooks threat-runtime-obfuscation-base64exec threat-runtime-obfuscation-js-mangling,5.211,high,publisher_change install_script
@postman/secret-scanner-wasm,2.1.2,2025-11-24,holdout,False,high_risk,9.4,threat-filesystem-autostart threat-filesystem-destruction threat-npm-preinstall-script threat-process-download-exec threat-process-hooks threat-runtime-obfuscation-base64exec threat-runtime-obfuscation-js-mangling,5.297,high,maintainer_change install_script
@postman/secret-scanner-wasm,2.1.3,2025-11-24,holdout,False,high_risk,9.4,threat-filesystem-autostart threat-filesystem-destruction threat-npm-preinstall-script threat-process-download-exec threat-process-hooks threat-runtime-obfuscation-base64exec threat-runtime-obfuscation-js-mangling,5.202,high,maintainer_change install_script
@postman/secret-scanner-wasm,2.1.4,2025-11-24,dev,False,high_risk,9.4,threat-filesystem-autostart threat-filesystem-destruction threat-npm-preinstall-script threat-process-download-exec threat-process-hooks threat-runtime-obfuscation-base64exec threat-runtime-obfuscation-js-mangling,5.242,high,maintainer_change install_script
@postman/tunnel-agent,0.6.5,2025-11-24,holdout,False,high_risk,9.4,threat-filesystem-autostart threat-filesystem-destruction threat-npm-preinstall-script threat-process-download-exec threat-process-hooks threat-runtime-obfuscation-base64exec threat-runtime-obfuscation-js-mangling,4.991,high,publisher_change install_script
@postman/tunnel-agent,0.6.6,2025-11-24,dev,False,high_risk,9.4,threat-filesystem-autostart threat-filesystem-destruction threat-npm-preinstall-script threat-process-download-exec threat-process-hooks threat-runtime-obfuscation-base64exec threat-runtime-obfuscation-js-mangling,5.023,high,publisher_change install_script
@postman/wdio-allure-reporter,0.0.7,2025-11-24,holdout,False,high_risk,9.4,threat-filesystem-autostart threat-filesystem-destruction threat-npm-preinstall-script threat-process-download-exec threat-process-hooks threat-runtime-obfuscation-base64exec threat-runtime-obfuscation-js-mangling,4.989,high,publisher_change install_script
@postman/wdio-allure-reporter,0.0.8,2025-11-24,dev,False,high_risk,9.4,threat-filesystem-autostart threat-filesystem-destruction threat-npm-preinstall-script threat-process-download-exec threat-process-hooks threat-runtime-obfuscation-base64exec threat-runtime-obfuscation-js-mangling,5.027,high,publisher_change install_script
@postman/wdio-allure-reporter,0.0.9,2025-11-24,dev,False,high_risk,9.4,threat-filesystem-autostart threat-filesystem-destruction threat-npm-preinstall-script threat-process-download-exec threat-process-hooks threat-runtime-obfuscation-base64exec threat-runtime-obfuscation-js-mangling,5.205,high,publisher_change install_script
@postman/wdio-junit-reporter,0.0.4,2025-11-24,holdout,False,high_risk,9.4,threat-filesystem-autostart threat-filesystem-destruction threat-npm-preinstall-script threat-process-download-exec threat-process-hooks threat-runtime-obfuscation-base64exec threat-runtime-obfuscation-js-mangling,5.389,high,publisher_change install_script
@postman/wdio-junit-reporter,0.0.5,2025-11-24,dev,False,high_risk,9.4,threat-filesystem-autostart threat-filesystem-destruction threat-npm-preinstall-script threat-process-download-exec threat-process-hooks threat-runtime-obfuscation-base64exec threat-runtime-obfuscation-js-mangling,5.388,high,publisher_change install_script
@postman/wdio-junit-reporter,0.0.6,2025-11-24,dev,False,high_risk,9.4,threat-filesystem-autostart threat-filesystem-destruction threat-npm-preinstall-script threat-process-download-exec threat-process-hooks threat-runtime-obfuscation-base64exec threat-runtime-obfuscation-js-mangling,5.238,high,publisher_change install_script
@pradhumngautam/common-app,1.0.2,2025-11-24,holdout,False,high_risk,9.4,threat-filesystem-autostart threat-filesystem-destruction threat-npm-preinstall-script threat-process-download-exec threat-process-hooks threat-runtime-obfuscation-base64exec threat-runtime-obfuscation-js-mangling,5.177,medium,install_script
@pruthvi21/use-debounce,1.0.3,2025-11-24,holdout,False,high_risk,9.4,threat-filesystem-autostart threat-filesystem-destruction threat-npm-preinstall-script threat-process-download-exec threat-process-hooks threat-runtime-obfuscation-base64exec threat-runtime-obfuscation-js-mangling,5.044,medium,install_script
@pypestream/floating-ui-dom,2.15.1,2026-03-21,dev,False,suspicious,5.9,threat-filesystem-read threat-process-hooks threat-process-spawn-silent threat-runtime-environment-read,0.588,medium,install_script publisher_change
@quick-start-soft/quick-document-translator,1.4.2511142126,2025-11-24,holdout,False,high_risk,8.8,threat-filesystem-autostart threat-filesystem-read threat-npm-preinstall-script threat-process-download-exec threat-process-hooks threat-runtime-environment-read threat-runtime-obfuscation-base64exec threat-runtime-obfuscation-js-mangling,4.981,medium,install_script
@quick-start-soft/quick-git-clean-markdown,1.4.2511142126,2025-11-24,holdout,False,high_risk,8.8,threat-filesystem-autostart threat-filesystem-read threat-npm-preinstall-script threat-process-download-exec threat-process-hooks threat-runtime-obfuscation-base64exec threat-runtime-obfuscation-js-mangling,4.919,medium,install_script
@quick-start-soft/quick-markdown-compose,1.4.2506300029,2025-11-24,dev,False,high_risk,8.8,threat-filesystem-autostart threat-filesystem-read threat-npm-preinstall-script threat-process-download-exec threat-process-hooks threat-runtime-obfuscation-base64exec threat-runtime-obfuscation-js-mangling,5.139,medium,install_script
@quick-start-soft/quick-markdown-image,1.4.2511142126,2025-11-24,dev,False,high_risk,8.8,threat-filesystem-autostart threat-filesystem-read threat-npm-preinstall-script threat-process-download-exec threat-process-hooks threat-runtime-obfuscation-base64exec threat-runtime-obfuscation-js-mangling,4.883,medium,install_script
@quick-start-soft/quick-markdown-print,1.4.2511142126,2025-11-24,dev,False,high_risk,8.8,threat-filesystem-autostart threat-filesystem-read threat-npm-preinstall-script threat-process-download-exec threat-process-hooks threat-runtime-obfuscation-base64exec threat-runtime-obfuscation-js-mangling,4.872,medium,install_script
@quick-start-soft/quick-markdown-translator,1.4.2509202331,2025-11-24,dev,False,high_risk,8.8,threat-filesystem-autostart threat-filesystem-read threat-npm-preinstall-script threat-process-download-exec threat-process-hooks threat-runtime-environment-read threat-runtime-obfuscation-base64exec threat-runtime-obfuscation-js-mangling,4.898,medium,install_script
@quick-start-soft/quick-markdown,1.4.2511142126,2025-11-24,holdout,False,high_risk,8.8,threat-filesystem-autostart threat-filesystem-read threat-npm-preinstall-script threat-process-download-exec threat-process-hooks threat-runtime-environment-read threat-runtime-obfuscation-base64exec threat-runtime-obfuscation-js-mangling,5.003,medium,install_script
@quick-start-soft/quick-remove-image-background,1.4.2511142126,2025-11-24,holdout,False,high_risk,8.8,threat-filesystem-autostart threat-filesystem-read threat-npm-preinstall-script threat-process-download-exec threat-process-hooks threat-runtime-obfuscation-base64exec threat-runtime-obfuscation-js-mangling,4.968,medium,install_script
@quick-start-soft/quick-task-refine,1.4.2511142126,2025-11-24,holdout,False,high_risk,8.8,threat-filesystem-autostart threat-filesystem-read threat-npm-preinstall-script threat-process-download-exec threat-process-hooks threat-runtime-environment-read threat-runtime-obfuscation-base64exec threat-runtime-obfuscation-js-mangling,4.94,medium,install_script
@react-native-aria/button,0.2.11,2025-06-07,holdout,False,high_risk,8.8,threat-runtime-obfuscation-hidden-code,0.416,medium,publisher_change
@react-native-aria/checkbox,0.2.11,2025-06-07,dev,False,high_risk,8.8,threat-runtime-obfuscation-hidden-code,0.439,medium,publisher_change
@react-native-aria/combobox,0.2.8,2025-06-07,holdout,False,high_risk,8.8,threat-runtime-obfuscation-hidden-code,0.431,medium,publisher_change
@react-native-aria/disclosure,0.2.9,2025-06-07,dev,False,high_risk,8.8,threat-runtime-obfuscation-hidden-code,0.445,medium,publisher_change
@react-native-aria/focus,0.2.10,2025-06-06,dev,False,high_risk,8.8,threat-runtime-obfuscation-hidden-code,0.414,medium,publisher_change
@react-native-aria/interactions,0.2.17,2025-06-07,holdout,False,high_risk,8.8,threat-runtime-obfuscation-hidden-code,0.437,medium,publisher_change
@react-native-aria/listbox,0.2.10,2025-06-07,dev,False,high_risk,8.8,threat-runtime-obfuscation-hidden-code,0.431,medium,publisher_change
@react-native-aria/menu,0.2.16,2025-06-07,dev,False,high_risk,8.8,threat-runtime-obfuscation-hidden-code,0.456,medium,publisher_change
@react-native-aria/overlays,0.3.16,2025-06-07,holdout,False,high_risk,8.8,threat-runtime-obfuscation-hidden-code,0.566,medium,publisher_change
@react-native-aria/radio,0.2.14,2025-06-07,dev,False,high_risk,8.8,threat-runtime-obfuscation-hidden-code,0.399,medium,publisher_change
@react-native-aria/separator,0.2.7,2025-06-07,holdout,False,high_risk,8.8,threat-runtime-obfuscation-hidden-code,0.388,medium,publisher_change
@react-native-aria/slider,0.2.13,2025-06-07,holdout,False,high_risk,8.8,threat-runtime-obfuscation-hidden-code,0.499,medium,publisher_change
@react-native-aria/switch,0.2.5,2025-06-07,dev,False,high_risk,8.8,threat-runtime-obfuscation-hidden-code,0.41,medium,publisher_change
@react-native-aria/tabs,0.2.14,2025-06-07,holdout,False,high_risk,8.8,threat-runtime-obfuscation-hidden-code,0.429,medium,publisher_change
@react-native-aria/toggle,0.2.12,2025-06-07,dev,False,high_risk,8.8,threat-runtime-obfuscation-hidden-code,0.432,medium,publisher_change
@react-native-aria/utils,0.2.13,2025-06-07,dev,False,high_risk,8.8,threat-runtime-obfuscation-hidden-code,0.403,medium,publisher_change
@redhat-cloud-services/chrome,2.3.1,2026-06-01,holdout,False,high_risk,8.0,threat-npm-preinstall-script threat-process-hooks threat-runtime-obfuscation-dynamic-eval,1.631,medium,install_script
@redhat-cloud-services/config-manager-client,5.0.4,2026-06-01,holdout,False,high_risk,8.0,threat-npm-preinstall-script threat-process-hooks threat-runtime-obfuscation-dynamic-eval,1.577,medium,install_script
@redhat-cloud-services/entitlements-client,4.0.11,2026-06-01,dev,False,high_risk,8.0,threat-npm-preinstall-script threat-process-hooks threat-runtime-obfuscation-dynamic-eval,1.605,medium,install_script
@redhat-cloud-services/eslint-config-redhat-cloud-services,3.2.1,2026-06-01,holdout,False,high_risk,8.0,threat-npm-preinstall-script threat-process-hooks threat-runtime-obfuscation-dynamic-eval,1.535,medium,install_script
@redhat-cloud-services/frontend-components-config-utilities,4.11.2,2026-06-01,holdout,False,high_risk,8.0,threat-npm-preinstall-script threat-process-hooks threat-runtime-obfuscation-dynamic-eval,1.677,medium,install_script
@redhat-cloud-services/frontend-components-config,6.11.3,2026-06-01,holdout,False,high_risk,8.0,threat-npm-preinstall-script threat-process-hooks threat-runtime-obfuscation-dynamic-eval,1.692,medium,install_script
@redhat-cloud-services/frontend-components-remediations,4.9.2,2026-06-01,dev,False,high_risk,8.0,threat-npm-preinstall-script threat-process-hooks threat-runtime-obfuscation-dynamic-eval,1.593,medium,install_script
@redhat-cloud-services/frontend-components-testing,1.2.1,2026-06-01,holdout,False,high_risk,8.0,threat-npm-preinstall-script threat-process-hooks threat-runtime-obfuscation-dynamic-eval,1.556,medium,install_script
@redhat-cloud-services/hcc-feo-mcp,0.3.1,2026-06-01,dev,False,error,,,0.289,medium,install_script
@redhat-cloud-services/hcc-kessel-mcp,0.3.1,2026-06-01,holdout,False,high_risk,8.0,threat-npm-preinstall-script threat-process-hooks threat-runtime-obfuscation-dynamic-eval,1.649,medium,install_script
@redhat-cloud-services/hcc-pf-mcp,0.6.1,2026-06-01,holdout,False,high_risk,8.0,threat-npm-preinstall-script threat-process-hooks threat-runtime-obfuscation-dynamic-eval,1.641,medium,install_script
@redhat-cloud-services/integrations-client,6.0.4,2026-06-01,holdout,False,high_risk,8.0,threat-npm-preinstall-script threat-process-hooks threat-runtime-obfuscation-dynamic-eval,1.787,medium,install_script
@redhat-cloud-services/javascript-clients-shared,2.0.8,2026-06-01,dev,False,high_risk,8.0,threat-npm-preinstall-script threat-process-hooks threat-runtime-obfuscation-dynamic-eval,1.59,medium,maintainer_change install_script
@redhat-cloud-services/quickstarts-client,4.0.11,2026-06-01,holdout,False,high_risk,8.0,threat-npm-preinstall-script threat-process-hooks threat-runtime-obfuscation-dynamic-eval,1.661,medium,install_script maintainer_change
@redhat-cloud-services/tsc-transform-imports,1.2.2,2026-06-01,holdout,False,high_risk,8.0,threat-npm-preinstall-script threat-process-hooks threat-runtime-obfuscation-dynamic-eval,1.524,medium,install_script
@redhat-cloud-services/types,3.6.1,2026-06-01,holdout,False,high_risk,8.0,threat-npm-preinstall-script threat-process-hooks threat-runtime-obfuscation-dynamic-eval,1.513,medium,install_script
@rspack/cli,1.1.7,2024-12-20,holdout,False,high_risk,9.4,threat-network-exfiltration threat-network-outbound-shady-links threat-process-cryptomining threat-process-hooks threat-runtime-obfuscation-js-mangling,0.902,critical,provenance_dropped publisher_change install_script
@rspack/core,1.1.7,2024-12-20,dev,False,high_risk,9.4,threat-filesystem-read threat-network-exfiltration threat-network-outbound-shady-links threat-process-cryptomining threat-process-hooks threat-runtime-obfuscation-js-mangling,1.81,critical,provenance_dropped publisher_change install_script
@rxap/ngx-bootstrap,19.0.3,2025-03-20,holdout,False,no_risks_detected,0.0,,1.651,,
@rxap/ngx-bootstrap,19.0.4,2025-06-24,holdout,False,no_risks_detected,0.0,,1.43,,
@seezo/sdr-mcp-server,0.0.5,2025-11-24,dev,False,high_risk,9.4,threat-filesystem-autostart threat-filesystem-destruction threat-npm-preinstall-script threat-process-download-exec threat-process-hooks threat-runtime-environment-read threat-runtime-obfuscation-base64exec threat-runtime-obfuscation-js-mangling,4.938,medium,install_script
@seung-ju/next,0.0.2,2025-11-24,holdout,False,high_risk,9.4,threat-filesystem-autostart threat-filesystem-destruction threat-npm-preinstall-script threat-process-download-exec threat-process-hooks threat-runtime-obfuscation-base64exec threat-runtime-obfuscation-js-mangling,4.93,medium,install_script
@seung-ju/openapi-generator,0.0.4,2025-11-24,holdout,False,high_risk,9.4,threat-filesystem-autostart threat-filesystem-destruction threat-npm-preinstall-script threat-process-download-exec threat-process-hooks threat-runtime-obfuscation-base64exec threat-runtime-obfuscation-js-mangling,4.965,medium,install_script
@seung-ju/react-hooks,0.0.2,2025-11-24,holdout,False,high_risk,9.4,threat-filesystem-autostart threat-filesystem-destruction threat-npm-preinstall-script threat-process-download-exec threat-process-hooks threat-runtime-obfuscation-base64exec threat-runtime-obfuscation-js-mangling,4.85,medium,install_script
@seung-ju/react-native-action-sheet,0.2.1,2025-11-24,holdout,False,high_risk,9.4,threat-filesystem-autostart threat-filesystem-destruction threat-npm-preinstall-script threat-process-download-exec threat-process-hooks threat-runtime-obfuscation-base64exec threat-runtime-obfuscation-js-mangling,4.889,medium,install_script
@solana/web3.js,1.95.7,2024-12-03,holdout,False,high_risk,7.3,threat-network-exfiltration,2.942,medium,publisher_change
@squawk/airport-data,0.7.4,2026-05-11,holdout,False,high_risk,8.6,threat-filesystem-destruction threat-npm-preinstall-script threat-runtime-environment-read threat-runtime-obfuscation threat-runtime-obfuscation-js-mangling,2.361,high,provenance_dropped install_script
@squawk/airports,0.6.3,2026-05-11,holdout,False,high_risk,8.0,threat-npm-preinstall-script threat-runtime-environment-read threat-runtime-obfuscation threat-runtime-obfuscation-js-mangling,1.429,medium,install_script
@squawk/airspace-data,0.5.3,2026-05-11,dev,False,high_risk,8.6,threat-filesystem-destruction threat-npm-preinstall-script threat-runtime-environment-read threat-runtime-obfuscation threat-runtime-obfuscation-js-mangling,2.527,high,provenance_dropped install_script
@squawk/airspace,0.8.2,2026-05-11,dev,False,high_risk,8.0,threat-npm-preinstall-script threat-runtime-environment-read threat-runtime-obfuscation threat-runtime-obfuscation-js-mangling,1.422,medium,install_script
@squawk/airway-data,0.5.4,2026-05-11,dev,False,high_risk,8.6,threat-filesystem-destruction threat-npm-preinstall-script threat-runtime-environment-read threat-runtime-obfuscation threat-runtime-obfuscation-js-mangling,1.677,high,provenance_dropped install_script
@squawk/airways,0.4.2,2026-05-11,holdout,False,high_risk,8.6,threat-filesystem-destruction threat-npm-preinstall-script threat-runtime-environment-read threat-runtime-obfuscation threat-runtime-obfuscation-js-mangling,1.385,high,provenance_dropped install_script
@squawk/fix-data,0.6.4,2026-05-11,dev,False,high_risk,8.6,threat-filesystem-destruction threat-npm-preinstall-script threat-runtime-environment-read threat-runtime-obfuscation threat-runtime-obfuscation-js-mangling,2.18,high,provenance_dropped install_script
@squawk/fixes,0.3.3,2026-05-11,holdout,False,high_risk,8.0,threat-npm-preinstall-script threat-runtime-environment-read threat-runtime-obfuscation threat-runtime-obfuscation-js-mangling,1.408,medium,install_script
@squawk/flight-math,0.5.4,2026-05-11,dev,False,high_risk,8.6,threat-filesystem-destruction threat-npm-preinstall-script threat-runtime-environment-read threat-runtime-obfuscation threat-runtime-obfuscation-js-mangling,1.483,high,provenance_dropped install_script
@squawk/flightplan,0.5.3,2026-05-11,dev,False,high_risk,8.0,threat-npm-preinstall-script threat-runtime-environment-read threat-runtime-obfuscation threat-runtime-obfuscation-js-mangling,1.428,medium,install_script
@squawk/geo,0.4.4,2026-05-11,dev,False,high_risk,8.6,threat-filesystem-destruction threat-npm-preinstall-script threat-runtime-environment-read threat-runtime-obfuscation threat-runtime-obfuscation-js-mangling,1.425,high,provenance_dropped install_script
@squawk/icao-registry-data,0.8.5,2026-05-11,holdout,False,high_risk,8.0,threat-npm-preinstall-script threat-runtime-environment-read threat-runtime-obfuscation threat-runtime-obfuscation-js-mangling,5.23,medium,install_script
@squawk/icao-registry,0.5.2,2026-05-11,holdout,False,high_risk,8.6,threat-filesystem-destruction threat-npm-preinstall-script threat-runtime-environment-read threat-runtime-obfuscation threat-runtime-obfuscation-js-mangling,1.462,high,provenance_dropped install_script
@squawk/mcp,0.9.1,2026-05-11,holdout,False,high_risk,8.6,threat-filesystem-destruction threat-npm-preinstall-script threat-runtime-environment-read threat-runtime-obfuscation threat-runtime-obfuscation-js-mangling,1.65,high,provenance_dropped install_script
@squawk/navaid-data,0.6.4,2026-05-11,dev,False,high_risk,8.6,threat-filesystem-destruction threat-npm-preinstall-script threat-runtime-environment-read threat-runtime-obfuscation threat-runtime-obfuscation-js-mangling,1.621,high,provenance_dropped install_script
@squawk/navaids,0.4.2,2026-05-11,dev,False,high_risk,8.6,threat-filesystem-destruction threat-npm-preinstall-script threat-runtime-environment-read threat-runtime-obfuscation threat-runtime-obfuscation-js-mangling,1.559,high,provenance_dropped install_script
@squawk/notams,0.3.6,2026-05-11,dev,False,high_risk,8.6,threat-filesystem-destruction threat-npm-preinstall-script threat-runtime-environment-read threat-runtime-obfuscation threat-runtime-obfuscation-js-mangling,1.667,high,provenance_dropped install_script
@squawk/procedure-data,0.7.4,2026-05-11,dev,False,high_risk,8.0,threat-npm-preinstall-script threat-runtime-environment-read threat-runtime-obfuscation threat-runtime-obfuscation-js-mangling,2.87,medium,install_script
@squawk/procedures,0.5.2,2026-05-11,dev,False,high_risk,8.6,threat-filesystem-destruction threat-npm-preinstall-script threat-runtime-environment-read threat-runtime-obfuscation threat-runtime-obfuscation-js-mangling,1.549,high,provenance_dropped install_script
@squawk/types,0.8.1,2026-05-11,holdout,False,high_risk,8.6,threat-filesystem-destruction threat-npm-preinstall-script threat-runtime-environment-read threat-runtime-obfuscation threat-runtime-obfuscation-js-mangling,1.597,high,provenance_dropped install_script
@squawk/units,0.4.4,2026-05-11,holdout,False,high_risk,8.0,threat-npm-preinstall-script threat-runtime-environment-read threat-runtime-obfuscation threat-runtime-obfuscation-js-mangling,1.616,medium,install_script
@squawk/weather,0.5.6,2026-05-11,dev,False,high_risk,8.6,threat-filesystem-destruction threat-npm-preinstall-script threat-runtime-environment-read threat-runtime-obfuscation threat-runtime-obfuscation-js-mangling,1.67,high,provenance_dropped install_script
@strapbuild/react-native-date-time-picker,2.0.4,2025-11-24,dev,False,high_risk,8.8,threat-filesystem-autostart threat-filesystem-read threat-npm-preinstall-script threat-process-download-exec threat-process-hooks threat-runtime-obfuscation-base64exec threat-runtime-obfuscation-js-mangling,5.104,medium,install_script
@strapbuild/react-native-perspective-image-cropper-2,0.4.7,2025-11-24,dev,False,high_risk,8.8,threat-filesystem-autostart threat-filesystem-read threat-npm-preinstall-script threat-process-download-exec threat-process-hooks threat-runtime-obfuscation-base64exec threat-runtime-obfuscation-js-mangling,5.323,medium,install_script
@strapbuild/react-native-perspective-image-cropper-poojan31,0.4.6,2025-11-24,dev,False,high_risk,8.8,threat-filesystem-autostart threat-filesystem-read threat-npm-preinstall-script threat-process-download-exec threat-process-hooks threat-runtime-obfuscation-base64exec threat-runtime-obfuscation-js-mangling,45.714,medium,install_script
@strapbuild/react-native-perspective-image-cropper,0.4.15,2025-11-24,holdout,False,high_risk,8.8,threat-filesystem-autostart threat-filesystem-read threat-npm-preinstall-script threat-process-download-exec threat-process-hooks threat-runtime-obfuscation-base64exec threat-runtime-obfuscation-js-mangling,30.037,medium,install_script
@supersurkhet/cli,0.0.2,2026-05-11,holdout,False,high_risk,8.6,threat-filesystem-destruction threat-npm-preinstall-script threat-runtime-environment-read threat-runtime-obfuscation threat-runtime-obfuscation-js-mangling,1.531,medium,install_script
@supersurkhet/cli,0.0.4,2026-05-11,holdout,False,high_risk,8.6,threat-filesystem-destruction threat-npm-preinstall-script threat-runtime-environment-read threat-runtime-obfuscation threat-runtime-obfuscation-js-mangling,1.57,medium,install_script
@supersurkhet/cli,0.0.6,2026-05-11,holdout,False,high_risk,8.0,threat-npm-preinstall-script threat-runtime-environment-read threat-runtime-obfuscation threat-runtime-obfuscation-js-mangling,1.51,medium,install_script
@supersurkhet/sdk,0.0.2,2026-05-11,holdout,False,high_risk,8.6,threat-filesystem-destruction threat-npm-preinstall-script threat-runtime-environment-read threat-runtime-obfuscation threat-runtime-obfuscation-js-mangling,1.642,medium,install_script
@supersurkhet/sdk,0.0.4,2026-05-11,holdout,False,high_risk,8.6,threat-filesystem-destruction threat-npm-preinstall-script threat-runtime-environment-read threat-runtime-obfuscation threat-runtime-obfuscation-js-mangling,1.917,medium,install_script
@supersurkhet/sdk,0.0.6,2026-05-11,holdout,False,high_risk,8.0,threat-npm-preinstall-script threat-runtime-environment-read threat-runtime-obfuscation threat-runtime-obfuscation-js-mangling,1.596,medium,install_script
@tallyui/components,1.0.1,2026-05-11,dev,False,high_risk,8.6,threat-filesystem-destruction threat-npm-preinstall-script threat-runtime-environment-read threat-runtime-obfuscation threat-runtime-obfuscation-js-mangling,1.6,medium,install_script
@tallyui/components,1.0.3,2026-05-11,holdout,False,high_risk,8.0,threat-npm-preinstall-script threat-runtime-environment-read threat-runtime-obfuscation threat-runtime-obfuscation-js-mangling,0.719,medium,install_script
@tallyui/connector-medusa,1.0.1,2026-05-11,holdout,False,high_risk,8.6,threat-filesystem-destruction threat-npm-preinstall-script threat-runtime-environment-read threat-runtime-obfuscation threat-runtime-obfuscation-js-mangling,1.508,medium,install_script
@tallyui/connector-medusa,1.0.3,2026-05-11,dev,False,high_risk,8.0,threat-npm-preinstall-script threat-runtime-environment-read threat-runtime-obfuscation threat-runtime-obfuscation-js-mangling,0.684,medium,install_script
@tallyui/connector-shopify,1.0.1,2026-05-11,dev,False,high_risk,8.6,threat-filesystem-destruction threat-npm-preinstall-script threat-runtime-environment-read threat-runtime-obfuscation threat-runtime-obfuscation-js-mangling,1.558,medium,install_script
@tallyui/connector-shopify,1.0.3,2026-05-11,dev,False,high_risk,8.0,threat-npm-preinstall-script threat-runtime-environment-read threat-runtime-obfuscation threat-runtime-obfuscation-js-mangling,0.717,medium,install_script
@tallyui/connector-vendure,1.0.1,2026-05-11,holdout,False,high_risk,8.6,threat-filesystem-destruction threat-npm-preinstall-script threat-runtime-environment-read threat-runtime-obfuscation threat-runtime-obfuscation-js-mangling,1.597,medium,install_script
@tallyui/connector-woocommerce,1.0.1,2026-05-11,holdout,False,high_risk,8.6,threat-filesystem-destruction threat-npm-preinstall-script threat-runtime-environment-read threat-runtime-obfuscation threat-runtime-obfuscation-js-mangling,1.631,medium,install_script
@tallyui/connector-woocommerce,1.0.3,2026-05-11,holdout,False,high_risk,8.0,threat-npm-preinstall-script threat-runtime-environment-read threat-runtime-obfuscation threat-runtime-obfuscation-js-mangling,0.721,medium,install_script
@tallyui/core,0.2.1,2026-05-11,dev,False,high_risk,8.6,threat-filesystem-destruction threat-npm-preinstall-script threat-runtime-environment-read threat-runtime-obfuscation threat-runtime-obfuscation-js-mangling,1.581,medium,install_script
@tallyui/database,1.0.1,2026-05-11,holdout,False,high_risk,8.6,threat-filesystem-destruction threat-npm-preinstall-script threat-runtime-environment-read threat-runtime-obfuscation threat-runtime-obfuscation-js-mangling,1.561,medium,install_script
@tallyui/database,1.0.3,2026-05-11,dev,False,high_risk,8.0,threat-npm-preinstall-script threat-runtime-environment-read threat-runtime-obfuscation threat-runtime-obfuscation-js-mangling,0.699,medium,install_script
@tallyui/pos,0.1.1,2026-05-11,dev,False,high_risk,8.6,threat-filesystem-destruction threat-npm-preinstall-script threat-runtime-environment-read threat-runtime-obfuscation threat-runtime-obfuscation-js-mangling,1.72,medium,install_script
@tallyui/pos,0.1.3,2026-05-11,holdout,False,high_risk,8.0,threat-npm-preinstall-script threat-runtime-environment-read threat-runtime-obfuscation threat-runtime-obfuscation-js-mangling,0.72,medium,install_script
@tallyui/storage-sqlite,0.2.1,2026-05-11,holdout,False,high_risk,8.6,threat-filesystem-destruction threat-npm-preinstall-script threat-runtime-environment-read threat-runtime-obfuscation threat-runtime-obfuscation-js-mangling,1.648,medium,install_script
@tallyui/storage-sqlite,0.2.2,2026-05-11,dev,False,high_risk,8.0,threat-npm-preinstall-script threat-runtime-environment-read threat-runtime-obfuscation threat-runtime-obfuscation-js-mangling,1.528,medium,install_script
@tallyui/storage-sqlite,0.2.3,2026-05-11,holdout,False,high_risk,8.0,threat-npm-preinstall-script threat-runtime-environment-read threat-runtime-obfuscation threat-runtime-obfuscation-js-mangling,0.7,medium,install_script
@tallyui/theme,0.2.1,2026-05-11,dev,False,high_risk,8.6,threat-filesystem-destruction threat-npm-preinstall-script threat-runtime-environment-read threat-runtime-obfuscation threat-runtime-obfuscation-js-mangling,1.436,medium,install_script
@tanstack/arktype-adapter,1.166.12,2026-05-11,dev,False,low,4.3,threat-filesystem-read threat-runtime-environment-read threat-runtime-obfuscation threat-runtime-obfuscation-js-mangling,1.486,high,maintainer_change dependency_added
@tanstack/eslint-plugin-router,1.161.12,2026-05-11,holdout,False,low,4.3,threat-filesystem-read threat-runtime-environment-read threat-runtime-obfuscation threat-runtime-obfuscation-js-mangling,1.591,medium,maintainer_change
@tanstack/eslint-plugin-router,1.161.9,2026-05-11,holdout,False,low,4.3,threat-filesystem-read threat-runtime-environment-read threat-runtime-obfuscation threat-runtime-obfuscation-js-mangling,1.554,high,maintainer_change dependency_added
@tanstack/eslint-plugin-start,0.0.4,2026-05-11,dev,False,low,4.3,threat-filesystem-read threat-runtime-environment-read threat-runtime-obfuscation threat-runtime-obfuscation-js-mangling,1.672,medium,dependency_added
@tanstack/eslint-plugin-start,0.0.7,2026-05-11,holdout,False,low,4.3,threat-filesystem-read threat-runtime-environment-read threat-runtime-obfuscation threat-runtime-obfuscation-js-mangling,1.638,,
@tanstack/history,1.161.9,2026-05-11,dev,False,low,4.3,threat-filesystem-read threat-runtime-environment-read threat-runtime-obfuscation threat-runtime-obfuscation-js-mangling,1.525,high,maintainer_change dependency_added
@tanstack/nitro-v2-vite-plugin,1.154.12,2026-05-11,holdout,False,low,4.3,threat-filesystem-read threat-runtime-environment-read threat-runtime-obfuscation threat-runtime-obfuscation-js-mangling,1.522,high,maintainer_change dependency_added
@tanstack/react-router-devtools,1.166.16,2026-05-11,holdout,False,low,4.3,threat-filesystem-read threat-runtime-environment-read threat-runtime-obfuscation threat-runtime-obfuscation-js-mangling,1.575,medium,dependency_added maintainer_change
@tanstack/react-router,1.169.5,2026-05-11,dev,False,low,4.3,threat-filesystem-read threat-runtime-environment-read threat-runtime-obfuscation threat-runtime-obfuscation-js-mangling,2.904,medium,dependency_added maintainer_change
@tanstack/react-router,1.169.8,2026-05-11,holdout,False,low,4.3,threat-filesystem-read threat-runtime-environment-read threat-runtime-obfuscation threat-runtime-obfuscation-js-mangling,2.792,medium,maintainer_change
@tanstack/react-start-client,1.166.51,2026-05-11,dev,False,low,4.3,threat-filesystem-read threat-runtime-environment-read threat-runtime-obfuscation threat-runtime-obfuscation-js-mangling,1.663,medium,dependency_added maintainer_change
@tanstack/react-start-client,1.166.54,2026-05-11,dev,False,low,4.3,threat-filesystem-read threat-runtime-environment-read threat-runtime-obfuscation threat-runtime-obfuscation-js-mangling,1.55,medium,maintainer_change
@tanstack/react-start-rsc,0.0.47,2026-05-11,holdout,False,low,4.3,threat-filesystem-read threat-runtime-environment-read threat-runtime-obfuscation threat-runtime-obfuscation-js-mangling,1.78,medium,dependency_added
@tanstack/react-start-rsc,0.0.50,2026-05-11,holdout,False,low,4.3,threat-filesystem-read threat-runtime-environment-read threat-runtime-obfuscation threat-runtime-obfuscation-js-mangling,1.71,,
@tanstack/react-start-server,1.166.55,2026-05-11,holdout,False,low,4.3,threat-filesystem-read threat-runtime-environment-read threat-runtime-obfuscation threat-runtime-obfuscation-js-mangling,1.521,medium,dependency_added maintainer_change
@tanstack/react-start,1.167.68,2026-05-11,dev,False,low,4.3,threat-filesystem-read threat-runtime-environment-read threat-runtime-obfuscation threat-runtime-obfuscation-js-mangling,1.784,medium,dependency_added maintainer_change
@tanstack/react-start,1.167.71,2026-05-11,dev,False,low,4.3,threat-filesystem-read threat-runtime-environment-read threat-runtime-obfuscation threat-runtime-obfuscation-js-mangling,1.782,medium,maintainer_change
@tanstack/router-cli,1.166.46,2026-05-11,holdout,False,low,4.3,threat-filesystem-read threat-runtime-environment-read threat-runtime-obfuscation threat-runtime-obfuscation-js-mangling,1.695,medium,dependency_added maintainer_change
@tanstack/router-cli,1.166.49,2026-05-11,dev,False,low,4.3,threat-filesystem-read threat-runtime-environment-read threat-runtime-obfuscation threat-runtime-obfuscation-js-mangling,1.562,medium,maintainer_change
@tanstack/router-core,1.169.5,2026-05-11,dev,False,low,4.3,threat-filesystem-read threat-runtime-environment-read threat-runtime-obfuscation threat-runtime-obfuscation-js-mangling,2.552,medium,dependency_added maintainer_change
@tanstack/router-core,1.169.8,2026-05-11,holdout,False,low,4.3,threat-filesystem-read threat-runtime-environment-read threat-runtime-obfuscation threat-runtime-obfuscation-js-mangling,2.519,medium,maintainer_change
@tanstack/router-devtools-core,1.167.6,2026-05-11,dev,False,low,4.3,threat-filesystem-read threat-runtime-environment-read threat-runtime-obfuscation threat-runtime-obfuscation-js-mangling,1.774,medium,dependency_added maintainer_change
@tanstack/router-devtools-core,1.167.9,2026-05-11,holdout,False,low,4.3,threat-filesystem-read threat-runtime-environment-read threat-runtime-obfuscation threat-runtime-obfuscation-js-mangling,1.794,medium,maintainer_change
@tanstack/router-devtools,1.166.16,2026-05-11,holdout,False,low,4.3,threat-filesystem-read threat-runtime-environment-read threat-runtime-obfuscation threat-runtime-obfuscation-js-mangling,1.616,medium,dependency_added maintainer_change
@tanstack/router-generator,1.166.45,2026-05-11,holdout,False,low,4.3,threat-filesystem-read threat-runtime-environment-read threat-runtime-obfuscation threat-runtime-obfuscation-js-mangling,1.937,medium,dependency_added maintainer_change
@tanstack/router-generator,1.166.48,2026-05-11,dev,False,low,4.3,threat-filesystem-read threat-runtime-environment-read threat-runtime-obfuscation threat-runtime-obfuscation-js-mangling,1.881,medium,maintainer_change
@tanstack/router-plugin,1.167.38,2026-05-11,holdout,False,low,4.3,threat-filesystem-read threat-runtime-environment-read threat-runtime-obfuscation threat-runtime-obfuscation-js-mangling,1.989,medium,dependency_added maintainer_change
@tanstack/router-plugin,1.167.41,2026-05-11,dev,False,low,4.3,threat-filesystem-read threat-runtime-environment-read threat-runtime-obfuscation threat-runtime-obfuscation-js-mangling,1.968,medium,maintainer_change
@tanstack/router-ssr-query-core,1.168.3,2026-05-11,holdout,False,low,4.3,threat-filesystem-read threat-runtime-environment-read threat-runtime-obfuscation threat-runtime-obfuscation-js-mangling,1.502,medium,dependency_added maintainer_change
@tanstack/router-ssr-query-core,1.168.6,2026-05-11,holdout,False,low,4.3,threat-filesystem-read threat-runtime-environment-read threat-runtime-obfuscation threat-runtime-obfuscation-js-mangling,1.53,medium,maintainer_change
@tanstack/router-utils,1.161.11,2026-05-11,holdout,False,low,4.3,threat-filesystem-read threat-runtime-environment-read threat-runtime-obfuscation threat-runtime-obfuscation-js-mangling,1.505,high,maintainer_change dependency_added
@tanstack/router-utils,1.161.14,2026-05-11,dev,False,low,4.3,threat-filesystem-read threat-runtime-environment-read threat-runtime-obfuscation threat-runtime-obfuscation-js-mangling,1.478,medium,maintainer_change
@tanstack/router-vite-plugin,1.166.53,2026-05-11,dev,False,low,4.3,threat-filesystem-read threat-runtime-environment-read threat-runtime-obfuscation threat-runtime-obfuscation-js-mangling,1.54,medium,dependency_added maintainer_change
@tanstack/solid-router-devtools,1.166.16,2026-05-11,holdout,False,low,4.3,threat-filesystem-read threat-runtime-environment-read threat-runtime-obfuscation threat-runtime-obfuscation-js-mangling,1.497,medium,dependency_added maintainer_change
@tanstack/solid-router-ssr-query,1.166.15,2026-05-11,holdout,False,low,4.3,threat-filesystem-read threat-runtime-environment-read threat-runtime-obfuscation threat-runtime-obfuscation-js-mangling,1.431,medium,dependency_added maintainer_change
@tanstack/solid-router,1.169.5,2026-05-11,holdout,False,low,4.3,threat-filesystem-read threat-runtime-environment-read threat-runtime-obfuscation threat-runtime-obfuscation-js-mangling,2.298,medium,dependency_added maintainer_change
@tanstack/solid-router,1.169.8,2026-05-11,holdout,False,low,4.3,threat-filesystem-read threat-runtime-environment-read threat-runtime-obfuscation threat-runtime-obfuscation-js-mangling,2.332,medium,maintainer_change
@tanstack/solid-start-client,1.166.50,2026-05-11,holdout,False,low,4.3,threat-filesystem-read threat-runtime-environment-read threat-runtime-obfuscation threat-runtime-obfuscation-js-mangling,1.499,medium,dependency_added maintainer_change
@tanstack/solid-start-server,1.166.54,2026-05-11,holdout,False,low,4.3,threat-filesystem-read threat-runtime-environment-read threat-runtime-obfuscation threat-runtime-obfuscation-js-mangling,1.486,medium,dependency_added maintainer_change
@tanstack/solid-start,1.167.65,2026-05-11,dev,False,low,4.3,threat-filesystem-read threat-runtime-environment-read threat-runtime-obfuscation threat-runtime-obfuscation-js-mangling,1.567,medium,dependency_added maintainer_change
@tanstack/solid-start,1.167.68,2026-05-11,holdout,False,low,4.3,threat-filesystem-read threat-runtime-environment-read threat-runtime-obfuscation threat-runtime-obfuscation-js-mangling,1.56,medium,maintainer_change
@tanstack/start-client-core,1.168.5,2026-05-11,dev,False,low,4.3,threat-filesystem-read threat-runtime-environment-read threat-runtime-obfuscation threat-runtime-obfuscation-js-mangling,1.667,medium,dependency_added maintainer_change
@tanstack/start-client-core,1.168.8,2026-05-11,holdout,False,low,4.3,threat-filesystem-read threat-runtime-environment-read threat-runtime-obfuscation threat-runtime-obfuscation-js-mangling,1.688,medium,maintainer_change
@tanstack/start-fn-stubs,1.161.9,2026-05-11,holdout,False,low,4.3,threat-filesystem-read threat-runtime-environment-read threat-runtime-obfuscation threat-runtime-obfuscation-js-mangling,1.413,high,maintainer_change dependency_added
@tanstack/start-plugin-core,1.169.23,2026-05-11,dev,False,low,4.3,threat-filesystem-read threat-runtime-environment-read threat-runtime-obfuscation threat-runtime-obfuscation-js-mangling,2.514,medium,dependency_added maintainer_change
@tanstack/start-plugin-core,1.169.26,2026-05-11,holdout,False,low,4.3,threat-filesystem-read threat-runtime-environment-read threat-runtime-obfuscation threat-runtime-obfuscation-js-mangling,2.544,medium,maintainer_change
@tanstack/start-server-core,1.167.33,2026-05-11,dev,False,low,4.3,threat-filesystem-read threat-runtime-environment-read threat-runtime-obfuscation threat-runtime-obfuscation-js-mangling,1.655,medium,dependency_added maintainer_change
@tanstack/start-server-core,1.167.36,2026-05-11,dev,False,low,4.3,threat-filesystem-read threat-runtime-environment-read threat-runtime-obfuscation threat-runtime-obfuscation-js-mangling,1.623,medium,maintainer_change
@tanstack/start-static-server-functions,1.166.44,2026-05-11,dev,False,low,4.3,threat-filesystem-read threat-runtime-environment-read threat-runtime-obfuscation threat-runtime-obfuscation-js-mangling,1.49,medium,dependency_added maintainer_change
@tanstack/start-storage-context,1.166.38,2026-05-11,dev,False,low,4.3,threat-filesystem-read threat-runtime-environment-read threat-runtime-obfuscation threat-runtime-obfuscation-js-mangling,1.435,medium,dependency_added maintainer_change
@tanstack/virtual-file-routes,1.161.10,2026-05-11,dev,False,low,4.3,threat-filesystem-read threat-runtime-environment-read threat-runtime-obfuscation threat-runtime-obfuscation-js-mangling,1.47,high,maintainer_change dependency_added
@tanstack/vue-router-devtools,1.166.16,2026-05-11,holdout,False,low,4.3,threat-filesystem-read threat-runtime-environment-read threat-runtime-obfuscation threat-runtime-obfuscation-js-mangling,1.475,medium,dependency_added maintainer_change
@tanstack/vue-router-ssr-query,1.166.15,2026-05-11,dev,False,low,4.3,threat-filesystem-read threat-runtime-environment-read threat-runtime-obfuscation threat-runtime-obfuscation-js-mangling,1.448,medium,dependency_added maintainer_change
@tanstack/vue-router,1.169.5,2026-05-11,dev,False,low,4.3,threat-filesystem-read threat-runtime-environment-read threat-runtime-obfuscation threat-runtime-obfuscation-js-mangling,2.124,medium,dependency_added maintainer_change
@tanstack/vue-router,1.169.8,2026-05-11,dev,False,low,4.3,threat-filesystem-read threat-runtime-environment-read threat-runtime-obfuscation threat-runtime-obfuscation-js-mangling,2.126,medium,maintainer_change
@tanstack/vue-start-client,1.166.46,2026-05-11,holdout,False,low,4.3,threat-filesystem-read threat-runtime-environment-read threat-runtime-obfuscation threat-runtime-obfuscation-js-mangling,1.438,medium,dependency_added maintainer_change
@tanstack/vue-start-server,1.166.50,2026-05-11,holdout,False,low,4.3,threat-filesystem-read threat-runtime-environment-read threat-runtime-obfuscation threat-runtime-obfuscation-js-mangling,1.578,medium,dependency_added maintainer_change
@tanstack/vue-start,1.167.61,2026-05-11,holdout,False,low,4.3,threat-filesystem-read threat-runtime-environment-read threat-runtime-obfuscation threat-runtime-obfuscation-js-mangling,1.7,medium,dependency_added maintainer_change
@tanstack/vue-start,1.167.64,2026-05-11,holdout,False,low,4.3,threat-filesystem-read threat-runtime-environment-read threat-runtime-obfuscation threat-runtime-obfuscation-js-mangling,1.72,medium,maintainer_change
@tanstack/zod-adapter,1.166.12,2026-05-11,dev,False,low,4.3,threat-filesystem-read threat-runtime-environment-read threat-runtime-obfuscation threat-runtime-obfuscation-js-mangling,1.635,high,maintainer_change dependency_added
@taskflow-corp/cli,0.1.24,2026-05-11,dev,False,suspicious,6.5,threat-filesystem-destruction threat-filesystem-read threat-npm-preinstall-script threat-runtime-environment-read threat-runtime-obfuscation threat-runtime-obfuscation-js-mangling,2.028,high,provenance_dropped install_script
@taskflow-corp/cli,0.1.26,2026-05-11,dev,False,suspicious,6.5,threat-filesystem-destruction threat-filesystem-read threat-npm-preinstall-script threat-runtime-environment-read threat-runtime-obfuscation threat-runtime-obfuscation-js-mangling,2.046,medium,install_script
@taskflow-corp/cli,0.1.28,2026-05-11,holdout,False,suspicious,5.9,threat-filesystem-read threat-npm-preinstall-script threat-runtime-environment-read threat-runtime-obfuscation threat-runtime-obfuscation-js-mangling,1.975,medium,install_script
@teale.io/eslint-config,1.8.10,2026-03-20,holdout,False,suspicious,6.1,threat-process-hooks threat-runtime-environment-read,0.439,low,install_script
@teale.io/eslint-config,1.8.12,2026-03-20,dev,False,suspicious,5.9,threat-filesystem-read threat-process-hooks threat-process-spawn-silent threat-runtime-environment-read,0.398,low,install_script
@teale.io/eslint-config,1.8.13,2026-03-20,dev,False,suspicious,5.9,threat-filesystem-read threat-process-hooks threat-process-spawn-silent threat-runtime-environment-read,0.382,low,install_script
@teale.io/eslint-config,1.8.14,2026-03-20,holdout,False,suspicious,5.9,threat-filesystem-read threat-process-hooks threat-process-spawn-silent threat-runtime-environment-read,0.387,low,install_script
@teale.io/eslint-config,1.8.15,2026-03-20,dev,False,suspicious,5.9,threat-filesystem-read threat-process-hooks threat-process-spawn-silent threat-runtime-environment-read,0.38,low,install_script
@teselagen/bio-parsers,0.4.29,2025-09-14,dev,False,high_risk,8.6,threat-filesystem-read threat-network-exfiltration threat-network-outbound-shady-links threat-process-download-exec threat-process-hooks threat-runtime-environment-read threat-runtime-obfuscation-base64exec,3.271,medium,install_script
@teselagen/bounce-loader,0.3.16,2025-09-14,dev,False,high_risk,8.6,threat-filesystem-read threat-network-exfiltration threat-network-outbound-shady-links threat-process-download-exec threat-process-hooks threat-runtime-environment-read threat-runtime-obfuscation-base64exec,2.27,medium,install_script
@teselagen/bounce-loader,0.3.17,2025-09-16,holdout,False,high_risk,8.6,threat-filesystem-read threat-network-exfiltration threat-network-outbound-shady-links threat-process-download-exec threat-process-hooks threat-runtime-environment-read threat-runtime-obfuscation-base64exec,2.366,medium,install_script
@teselagen/file-utils,0.3.21,2025-09-14,dev,False,high_risk,8.6,threat-filesystem-read threat-network-exfiltration threat-network-outbound-shady-links threat-process-download-exec threat-process-hooks threat-runtime-environment-read threat-runtime-obfuscation-base64exec,2.638,medium,install_script
@teselagen/liquibase-tools,0.4.1,2025-09-14,dev,False,high_risk,8.6,threat-filesystem-read threat-network-exfiltration threat-network-outbound-shady-links threat-process-download-exec threat-process-hooks threat-runtime-environment-read threat-runtime-obfuscation-base64exec,5.733,medium,install_script
@teselagen/range-utils,0.3.14,2025-09-14,holdout,False,high_risk,8.6,threat-filesystem-read threat-network-exfiltration threat-network-outbound-shady-links threat-process-download-exec threat-process-hooks threat-runtime-environment-read threat-runtime-obfuscation-base64exec,2.506,medium,install_script
@teselagen/react-list,0.8.19,2025-09-14,holdout,False,high_risk,8.6,threat-filesystem-read threat-network-exfiltration threat-network-outbound-shady-links threat-process-download-exec threat-process-hooks threat-runtime-environment-read threat-runtime-obfuscation-base64exec,2.183,medium,install_script
@teselagen/sequence-utils,0.3.33,2025-09-14,dev,False,high_risk,8.6,threat-filesystem-read threat-network-exfiltration threat-network-outbound-shady-links threat-process-download-exec threat-process-hooks threat-runtime-environment-read threat-runtime-obfuscation threat-runtime-obfuscation-base64exec,3.211,medium,install_script
@thangved/callback-window,1.1.4,2025-09-14,holdout,False,high_risk,8.6,threat-filesystem-read threat-network-exfiltration threat-network-outbound-shady-links threat-process-download-exec threat-process-hooks threat-runtime-environment-read threat-runtime-obfuscation-base64exec,2.127,,
@things-factory/attachment-base,9.0.42,2025-09-15,dev,False,high_risk,8.6,threat-filesystem-read threat-network-exfiltration threat-network-outbound-shady-links threat-process-download-exec threat-process-hooks threat-runtime-environment-read threat-runtime-obfuscation-base64exec,2.83,medium,install_script
@things-factory/attachment-base,9.0.43,2025-09-16,holdout,False,high_risk,8.6,threat-filesystem-read threat-network-exfiltration threat-network-outbound-shady-links threat-process-download-exec threat-process-hooks threat-runtime-environment-read threat-runtime-obfuscation-base64exec,2.832,low,install_script
@things-factory/attachment-base,9.0.44,2025-09-16,dev,False,high_risk,8.6,threat-filesystem-read threat-network-exfiltration threat-network-outbound-shady-links threat-process-download-exec threat-process-hooks threat-runtime-environment-read threat-runtime-obfuscation-base64exec,2.732,low,install_script
@things-factory/attachment-base,9.0.45,2025-09-16,dev,False,high_risk,8.6,threat-filesystem-read threat-network-exfiltration threat-network-outbound-shady-links threat-process-download-exec threat-process-hooks threat-runtime-environment-read threat-runtime-obfuscation-base64exec,2.733,low,install_script
@things-factory/attachment-base,9.0.46,2025-09-16,dev,False,high_risk,8.6,threat-filesystem-read threat-network-exfiltration threat-network-outbound-shady-links threat-process-download-exec threat-process-hooks threat-runtime-environment-read threat-runtime-obfuscation-base64exec,2.873,low,install_script
@things-factory/attachment-base,9.0.47,2025-09-16,holdout,False,high_risk,8.6,threat-filesystem-read threat-network-exfiltration threat-network-outbound-shady-links threat-process-download-exec threat-process-hooks threat-runtime-environment-read threat-runtime-obfuscation-base64exec,2.806,low,install_script
@things-factory/attachment-base,9.0.48,2025-09-16,dev,False,high_risk,8.6,threat-filesystem-read threat-network-exfiltration threat-network-outbound-shady-links threat-process-download-exec threat-process-hooks threat-runtime-environment-read threat-runtime-obfuscation-base64exec,2.709,low,install_script
@things-factory/attachment-base,9.0.49,2025-09-16,holdout,False,high_risk,8.6,threat-filesystem-read threat-network-exfiltration threat-network-outbound-shady-links threat-process-download-exec threat-process-hooks threat-runtime-environment-read threat-runtime-obfuscation-base64exec,2.742,low,install_script
@things-factory/attachment-base,9.0.51,2025-09-16,dev,False,high_risk,8.6,threat-filesystem-read threat-network-exfiltration threat-network-outbound-shady-links threat-process-download-exec threat-process-hooks threat-runtime-environment-read threat-runtime-obfuscation-base64exec,2.764,low,install_script
@things-factory/attachment-base,9.0.52,2025-09-16,dev,False,high_risk,8.6,threat-filesystem-read threat-network-exfiltration threat-network-outbound-shady-links threat-process-download-exec threat-process-hooks threat-runtime-environment-read threat-runtime-obfuscation-base64exec,2.726,low,install_script
@things-factory/attachment-base,9.0.55,2025-09-16,holdout,False,high_risk,8.6,threat-filesystem-read threat-network-exfiltration threat-network-outbound-shady-links threat-process-download-exec threat-process-hooks threat-runtime-environment-read threat-runtime-obfuscation-base64exec,2.763,low,install_script
@things-factory/auth-base,9.0.42,2025-09-15,holdout,False,high_risk,8.6,threat-filesystem-read threat-network-exfiltration threat-network-outbound-shady-links threat-process-download-exec threat-process-hooks threat-runtime-environment-read threat-runtime-obfuscation-base64exec,3.289,medium,install_script
@things-factory/auth-base,9.0.43,2025-09-15,dev,False,high_risk,8.6,threat-filesystem-read threat-network-exfiltration threat-network-outbound-shady-links threat-process-download-exec threat-process-hooks threat-runtime-environment-read threat-runtime-obfuscation-base64exec,3.327,low,install_script
@things-factory/auth-base,9.0.44,2025-09-16,dev,False,high_risk,8.6,threat-filesystem-read threat-network-exfiltration threat-network-outbound-shady-links threat-process-download-exec threat-process-hooks threat-runtime-environment-read threat-runtime-obfuscation-base64exec,3.322,low,install_script
@things-factory/auth-base,9.0.45,2025-09-16,holdout,False,high_risk,8.6,threat-filesystem-read threat-network-exfiltration threat-network-outbound-shady-links threat-process-download-exec threat-process-hooks threat-runtime-environment-read threat-runtime-obfuscation-base64exec,3.221,low,install_script
@things-factory/email-base,9.0.42,2025-09-15,dev,False,high_risk,8.6,threat-filesystem-read threat-network-exfiltration threat-network-outbound-shady-links threat-process-download-exec threat-process-hooks threat-runtime-environment-read threat-runtime-obfuscation-base64exec,2.322,medium,install_script
@things-factory/email-base,9.0.43,2025-09-15,holdout,False,high_risk,8.6,threat-filesystem-read threat-network-exfiltration threat-network-outbound-shady-links threat-process-download-exec threat-process-hooks threat-runtime-environment-read threat-runtime-obfuscation-base64exec,2.411,low,install_script
@things-factory/email-base,9.0.44,2025-09-16,dev,False,high_risk,8.6,threat-filesystem-read threat-network-exfiltration threat-network-outbound-shady-links threat-process-download-exec threat-process-hooks threat-runtime-environment-read threat-runtime-obfuscation-base64exec,2.365,low,install_script
@things-factory/email-base,9.0.45,2025-09-16,dev,False,high_risk,8.6,threat-filesystem-read threat-network-exfiltration threat-network-outbound-shady-links threat-process-download-exec threat-process-hooks threat-runtime-environment-read threat-runtime-obfuscation-base64exec,2.437,low,install_script
@things-factory/email-base,9.0.47,2025-09-16,dev,False,high_risk,8.6,threat-filesystem-read threat-network-exfiltration threat-network-outbound-shady-links threat-process-download-exec threat-process-hooks threat-runtime-environment-read threat-runtime-obfuscation-base64exec,2.446,low,install_script
@things-factory/email-base,9.0.48,2025-09-16,holdout,False,high_risk,8.6,threat-filesystem-read threat-network-exfiltration threat-network-outbound-shady-links threat-process-download-exec threat-process-hooks threat-runtime-environment-read threat-runtime-obfuscation-base64exec,2.328,low,install_script
@things-factory/email-base,9.0.49,2025-09-16,holdout,False,high_risk,8.6,threat-filesystem-read threat-network-exfiltration threat-network-outbound-shady-links threat-process-download-exec threat-process-hooks threat-runtime-environment-read threat-runtime-obfuscation-base64exec,2.408,low,install_script
@things-factory/email-base,9.0.50,2025-09-16,holdout,False,high_risk,8.6,threat-filesystem-read threat-network-exfiltration threat-network-outbound-shady-links threat-process-download-exec threat-process-hooks threat-runtime-environment-read threat-runtime-obfuscation-base64exec,2.35,low,install_script
@things-factory/email-base,9.0.51,2025-09-16,dev,False,high_risk,8.6,threat-filesystem-read threat-network-exfiltration threat-network-outbound-shady-links threat-process-download-exec threat-process-hooks threat-runtime-environment-read threat-runtime-obfuscation-base64exec,2.427,low,install_script
@things-factory/email-base,9.0.53,2025-09-16,dev,False,high_risk,8.6,threat-filesystem-read threat-network-exfiltration threat-network-outbound-shady-links threat-process-download-exec threat-process-hooks threat-runtime-environment-read threat-runtime-obfuscation-base64exec,2.336,low,install_script
@things-factory/email-base,9.0.54,2025-09-16,holdout,False,high_risk,8.6,threat-filesystem-read threat-network-exfiltration threat-network-outbound-shady-links threat-process-download-exec threat-process-hooks threat-runtime-environment-read threat-runtime-obfuscation-base64exec,2.387,low,install_script
@things-factory/email-base,9.0.55,2025-09-16,dev,False,high_risk,8.6,threat-filesystem-read threat-network-exfiltration threat-network-outbound-shady-links threat-process-download-exec threat-process-hooks threat-runtime-environment-read threat-runtime-obfuscation-base64exec,2.331,low,install_script
@things-factory/email-base,9.0.56,2025-09-16,dev,False,high_risk,8.6,threat-filesystem-read threat-network-exfiltration threat-network-outbound-shady-links threat-process-download-exec threat-process-hooks threat-runtime-environment-read threat-runtime-obfuscation-base64exec,2.376,low,install_script
@things-factory/email-base,9.0.59,2025-09-16,holdout,False,high_risk,8.6,threat-filesystem-read threat-network-exfiltration threat-network-outbound-shady-links threat-process-download-exec threat-process-hooks threat-runtime-environment-read threat-runtime-obfuscation-base64exec,2.374,low,install_script
@things-factory/env,9.0.42,2025-09-15,dev,False,high_risk,8.6,threat-filesystem-read threat-network-exfiltration threat-network-outbound-shady-links threat-process-download-exec threat-process-hooks threat-runtime-environment-read threat-runtime-obfuscation-base64exec,2.34,medium,install_script
@things-factory/env,9.0.43,2025-09-15,dev,False,high_risk,8.6,threat-filesystem-read threat-network-exfiltration threat-network-outbound-shady-links threat-process-download-exec threat-process-hooks threat-runtime-environment-read threat-runtime-obfuscation-base64exec,2.371,low,install_script
@things-factory/env,9.0.44,2025-09-16,dev,False,high_risk,8.6,threat-filesystem-read threat-network-exfiltration threat-network-outbound-shady-links threat-process-download-exec threat-process-hooks threat-runtime-environment-read threat-runtime-obfuscation-base64exec,2.346,low,install_script
@things-factory/env,9.0.45,2025-09-16,dev,False,high_risk,8.6,threat-filesystem-read threat-network-exfiltration threat-network-outbound-shady-links threat-process-download-exec threat-process-hooks threat-runtime-environment-read threat-runtime-obfuscation-base64exec,2.369,low,install_script
@things-factory/integration-base,9.0.42,2025-09-15,dev,False,high_risk,8.6,threat-filesystem-read threat-network-exfiltration threat-network-outbound-shady-links threat-process-download-exec threat-process-hooks threat-runtime-environment-read threat-runtime-obfuscation-base64exec,3.629,medium,install_script
@things-factory/integration-base,9.0.43,2025-09-15,dev,False,high_risk,8.6,threat-filesystem-read threat-network-exfiltration threat-network-outbound-shady-links threat-process-download-exec threat-process-hooks threat-runtime-environment-read threat-runtime-obfuscation-base64exec,3.615,low,install_script
@things-factory/integration-base,9.0.44,2025-09-16,holdout,False,high_risk,8.6,threat-filesystem-read threat-network-exfiltration threat-network-outbound-shady-links threat-process-download-exec threat-process-hooks threat-runtime-environment-read threat-runtime-obfuscation-base64exec,3.606,low,install_script
@things-factory/integration-base,9.0.45,2025-09-16,dev,False,high_risk,8.6,threat-filesystem-read threat-network-exfiltration threat-network-outbound-shady-links threat-process-download-exec threat-process-hooks threat-runtime-environment-read threat-runtime-obfuscation-base64exec,3.742,low,install_script
@things-factory/integration-marketplace,9.0.42,2025-09-15,dev,False,high_risk,8.6,threat-filesystem-read threat-network-exfiltration threat-network-outbound-shady-links threat-process-download-exec threat-process-hooks threat-runtime-environment-read threat-runtime-obfuscation-base64exec,3.862,medium,install_script
@things-factory/integration-marketplace,9.0.43,2025-09-15,dev,False,high_risk,8.6,threat-filesystem-read threat-network-exfiltration threat-network-outbound-shady-links threat-process-download-exec threat-process-hooks threat-runtime-environment-read threat-runtime-obfuscation-base64exec,3.818,low,install_script
@things-factory/integration-marketplace,9.0.44,2025-09-16,dev,False,high_risk,8.6,threat-filesystem-read threat-network-exfiltration threat-network-outbound-shady-links threat-process-download-exec threat-process-hooks threat-runtime-environment-read threat-runtime-obfuscation-base64exec,3.845,low,install_script
@things-factory/integration-marketplace,9.0.45,2025-09-16,dev,False,high_risk,8.6,threat-filesystem-read threat-network-exfiltration threat-network-outbound-shady-links threat-process-download-exec threat-process-hooks threat-runtime-environment-read threat-runtime-obfuscation-base64exec,3.799,low,install_script
@things-factory/shell,9.0.42,2025-09-15,holdout,False,high_risk,8.6,threat-filesystem-read threat-network-exfiltration threat-network-outbound-shady-links threat-process-download-exec threat-process-hooks threat-runtime-environment-read threat-runtime-obfuscation-base64exec,3.132,medium,install_script
@things-factory/shell,9.0.43,2025-09-15,holdout,False,high_risk,8.6,threat-filesystem-read threat-network-exfiltration threat-network-outbound-shady-links threat-process-download-exec threat-process-hooks threat-runtime-environment-read threat-runtime-obfuscation-base64exec,3.144,low,install_script
@things-factory/shell,9.0.44,2025-09-16,dev,False,high_risk,8.6,threat-filesystem-read threat-network-exfiltration threat-network-outbound-shady-links threat-process-download-exec threat-process-hooks threat-runtime-environment-read threat-runtime-obfuscation-base64exec,3.264,low,install_script
@things-factory/shell,9.0.45,2025-09-16,holdout,False,high_risk,8.6,threat-filesystem-read threat-network-exfiltration threat-network-outbound-shady-links threat-process-download-exec threat-process-hooks threat-runtime-environment-read threat-runtime-obfuscation-base64exec,3.33,low,install_script
@tnf-dev/api,1.0.8,2025-09-14,dev,False,high_risk,8.6,threat-filesystem-read threat-network-exfiltration threat-network-outbound-shady-links threat-process-download-exec threat-process-hooks threat-runtime-environment-read threat-runtime-obfuscation-base64exec,2.136,,
@tnf-dev/core,1.0.8,2025-09-14,dev,False,high_risk,8.6,threat-filesystem-read threat-network-exfiltration threat-network-outbound-shady-links threat-process-download-exec threat-process-hooks threat-runtime-environment-read threat-runtime-obfuscation-base64exec,2.125,,
@tnf-dev/js,1.0.8,2025-09-14,dev,False,high_risk,8.6,threat-filesystem-read threat-network-exfiltration threat-network-outbound-shady-links threat-process-download-exec threat-process-hooks threat-runtime-environment-read threat-runtime-obfuscation-base64exec,2.183,,
@tnf-dev/mui,1.0.8,2025-09-14,holdout,False,high_risk,8.6,threat-filesystem-read threat-network-exfiltration threat-network-outbound-shady-links threat-process-download-exec threat-process-hooks threat-runtime-environment-read threat-runtime-obfuscation-base64exec,2.179,,
@tnf-dev/react,1.0.8,2025-09-14,holdout,False,high_risk,8.6,threat-filesystem-read threat-network-exfiltration threat-network-outbound-shady-links threat-process-download-exec threat-process-hooks threat-runtime-environment-read threat-runtime-obfuscation-base64exec,2.254,,
@tolka/cli,1.0.2,2026-05-11,holdout,False,high_risk,8.6,threat-filesystem-destruction threat-npm-preinstall-script threat-runtime-environment-read threat-runtime-obfuscation threat-runtime-obfuscation-js-mangling,1.516,medium,install_script
@tolka/cli,1.0.4,2026-05-11,holdout,False,high_risk,8.0,threat-npm-preinstall-script threat-runtime-environment-read threat-runtime-obfuscation threat-runtime-obfuscation-js-mangling,1.52,medium,install_script
@toptal/picasso-charts,59.1.4,2025-07-20,dev,False,high_risk,7.4,threat-npm-preinstall-script threat-process-hooks,0.846,medium,install_script
@toptal/picasso-forms,73.3.2,2025-07-20,dev,False,high_risk,7.4,threat-npm-preinstall-script threat-process-hooks,1.381,medium,install_script
@toptal/picasso-provider,5.1.1,2025-07-20,holdout,False,high_risk,7.4,threat-npm-preinstall-script threat-process-hooks,0.995,medium,install_script
@toptal/picasso-quote,2.1.7,2025-07-20,holdout,False,high_risk,7.4,threat-npm-preinstall-script threat-process-hooks,0.432,medium,install_script
@toptal/picasso-select,4.2.2,2025-07-20,holdout,False,high_risk,7.4,threat-npm-preinstall-script threat-process-hooks,1.384,medium,install_script
@toptal/picasso-shared,15.1.0,2025-07-20,dev,False,high_risk,7.4,threat-npm-preinstall-script threat-process-hooks,0.648,medium,install_script
@toptal/picasso-tailwind,3.1.0,2025-07-20,holdout,False,high_risk,7.4,threat-npm-preinstall-script threat-process-hooks,0.414,medium,install_script
@toptal/picasso-typography,4.1.4,2025-07-20,holdout,False,high_risk,7.4,threat-npm-preinstall-script threat-process-hooks,0.446,medium,install_script
@toptal/picasso-utils,3.2.0,2025-07-20,holdout,False,high_risk,7.4,threat-npm-preinstall-script threat-process-hooks,0.768,medium,install_script
@trpc-rate-limiter/cloudflare,0.1.4,2025-11-24,dev,False,high_risk,9.4,threat-filesystem-autostart threat-filesystem-destruction threat-npm-preinstall-script threat-process-download-exec threat-process-hooks threat-runtime-obfuscation-base64exec threat-runtime-obfuscation-js-mangling,4.88,medium,install_script
@trpc-rate-limiter/hono,0.1.4,2025-11-24,dev,False,high_risk,9.4,threat-filesystem-autostart threat-filesystem-destruction threat-npm-preinstall-script threat-process-download-exec threat-process-hooks threat-runtime-obfuscation-base64exec threat-runtime-obfuscation-js-mangling,5.104,medium,install_script
@uipath/access-policy-sdk,0.3.1,2026-05-11,holdout,False,high_risk,9.4,threat-filesystem-destruction threat-npm-preinstall-script threat-process-spawn-silent threat-runtime-enumeration threat-runtime-environment-read threat-runtime-obfuscation threat-runtime-obfuscation-js-mangling,1.729,medium,install_script
@uipath/agent-sdk,1.0.2,2026-05-11,holdout,False,high_risk,9.4,threat-filesystem-destruction threat-npm-preinstall-script threat-process-spawn-silent threat-runtime-enumeration threat-runtime-environment-read threat-runtime-obfuscation threat-runtime-obfuscation-js-mangling,2.139,medium,install_script
@uipath/agent-tool,1.0.1,2026-05-11,dev,False,high_risk,9.4,threat-filesystem-destruction threat-npm-preinstall-script threat-process-spawn-silent threat-runtime-enumeration threat-runtime-environment-read threat-runtime-obfuscation threat-runtime-obfuscation-js-mangling,2.856,medium,install_script
@uipath/ap-chat,1.5.7,2026-05-11,holdout,False,high_risk,8.6,threat-filesystem-destruction threat-npm-preinstall-script threat-runtime-environment-read threat-runtime-obfuscation threat-runtime-obfuscation-js-mangling threat-runtime-obfuscation-unicode,27.144,high,publisher_change install_script
@uipath/apollo-core,5.9.2,2026-05-11,holdout,False,high_risk,8.6,threat-filesystem-destruction threat-npm-preinstall-script threat-runtime-environment-read threat-runtime-obfuscation threat-runtime-obfuscation-js-mangling,28.097,high,publisher_change install_script
@uipath/apollo-react,4.24.5,2026-05-11,holdout,False,high_risk,8.6,threat-filesystem-destruction threat-npm-preinstall-script threat-runtime-environment-read threat-runtime-obfuscation threat-runtime-obfuscation-js-mangling,28.873,high,publisher_change install_script
@uipath/apollo-wind,2.16.2,2026-05-11,holdout,False,high_risk,8.6,threat-filesystem-destruction threat-npm-preinstall-script threat-runtime-environment-read threat-runtime-obfuscation threat-runtime-obfuscation-js-mangling,2.665,high,publisher_change install_script
@uipath/case-tool,1.0.1,2026-05-11,dev,False,high_risk,10.0,threat-filesystem-destruction threat-network-outbound-shady-links threat-npm-preinstall-script threat-process-spawn-silent threat-runtime-enumeration threat-runtime-environment-read threat-runtime-obfuscation threat-runtime-obfuscation-base64exec threat-runtime-obfuscation-js-mangling threat-runtime-obfuscation-steganography threat-runtime-obfuscation-unicode,6.147,medium,install_script
@uipath/data-fabric-tool,1.0.2,2026-05-11,holdout,False,high_risk,9.4,threat-filesystem-destruction threat-npm-preinstall-script threat-process-spawn-silent threat-runtime-enumeration threat-runtime-environment-read threat-runtime-obfuscation threat-runtime-obfuscation-js-mangling,2.602,medium,install_script
@uipath/flow-tool,1.0.2,2026-05-11,dev,False,high_risk,9.4,threat-filesystem-destruction threat-npm-preinstall-script threat-process-spawn-silent threat-runtime-enumeration threat-runtime-environment-read threat-runtime-obfuscation threat-runtime-obfuscation-base64exec threat-runtime-obfuscation-js-mangling,6.031,medium,install_script
@uipath/integrationservice-tool,1.0.2,2026-05-11,dev,False,high_risk,9.4,threat-filesystem-destruction threat-npm-preinstall-script threat-process-spawn-silent threat-runtime-environment-read threat-runtime-obfuscation threat-runtime-obfuscation-js-mangling,2.74,medium,install_script
@uipath/maestro-sdk,1.0.1,2026-05-11,dev,False,high_risk,9.4,threat-filesystem-destruction threat-npm-preinstall-script threat-process-spawn-silent threat-runtime-enumeration threat-runtime-environment-read threat-runtime-obfuscation threat-runtime-obfuscation-base64exec threat-runtime-obfuscation-js-mangling,2.633,medium,install_script
@uipath/maestro-tool,1.0.1,2026-05-11,dev,False,high_risk,10.0,threat-filesystem-destruction threat-network-outbound-shady-links threat-npm-preinstall-script threat-process-spawn-silent threat-runtime-enumeration threat-runtime-environment-read threat-runtime-obfuscation threat-runtime-obfuscation-base64exec threat-runtime-obfuscation-js-mangling threat-runtime-obfuscation-steganography threat-runtime-obfuscation-unicode,9.908,medium,install_script
@uipath/packager-tool-workflowcompiler,0.0.16,2026-05-11,dev,False,high_risk,8.6,threat-filesystem-destruction threat-npm-preinstall-script threat-runtime-environment-read threat-runtime-obfuscation threat-runtime-obfuscation-js-mangling,1.49,medium,install_script
@uipath/project-packager,1.1.16,2026-05-11,dev,False,high_risk,8.6,threat-filesystem-destruction threat-npm-preinstall-script threat-runtime-environment-read threat-runtime-obfuscation threat-runtime-obfuscation-js-mangling,1.548,medium,install_script
@uipath/robot,1.3.4,2026-05-11,dev,False,high_risk,8.6,threat-filesystem-destruction threat-npm-preinstall-script threat-runtime-environment-read threat-runtime-obfuscation threat-runtime-obfuscation-js-mangling,1.887,high,publisher_change install_script
@uipath/rpa-tool,0.9.5,2026-05-11,holdout,False,high_risk,7.3,threat-filesystem-destruction threat-npm-preinstall-script threat-process-spawn-silent threat-runtime-environment-read threat-runtime-obfuscation threat-runtime-obfuscation-js-mangling,2.401,medium,install_script
@uipath/solution-tool,1.0.1,2026-05-11,holdout,False,high_risk,9.4,threat-filesystem-destruction threat-filesystem-read threat-npm-preinstall-script threat-process-download-exec threat-process-spawn-silent threat-runtime-enumeration threat-runtime-environment-read threat-runtime-obfuscation threat-runtime-obfuscation-js-mangling,2.939,medium,install_script
@uipath/solutionpackager-sdk,1.0.11,2026-05-11,dev,False,high_risk,9.4,threat-filesystem-destruction threat-npm-preinstall-script threat-process-download-exec threat-runtime-environment-read threat-runtime-obfuscation threat-runtime-obfuscation-js-mangling,3.383,medium,install_script
@uipath/vss,0.1.6,2026-05-11,holdout,False,high_risk,8.6,threat-filesystem-destruction threat-npm-preinstall-script threat-runtime-environment-read threat-runtime-obfuscation threat-runtime-obfuscation-base64exec threat-runtime-obfuscation-js-mangling,9.847,medium,install_script
@uipath/widget.sdk,1.2.3,2026-05-11,dev,False,high_risk,8.6,threat-filesystem-destruction threat-npm-preinstall-script threat-runtime-environment-read threat-runtime-obfuscation threat-runtime-obfuscation-js-mangling,1.449,high,publisher_change install_script
@vapi-ai/server-sdk,0.11.2,2026-06-03,dev,False,high_risk,8.2,threat-runtime-obfuscation-dynamic-eval,12.985,medium,maintainer_change
@vapi-ai/server-sdk,1.2.1,2026-06-03,dev,False,high_risk,8.2,threat-runtime-obfuscation-dynamic-eval,13.501,medium,maintainer_change
@vapi-ai/server-sdk,1.2.2,2026-06-03,dev,False,high_risk,8.2,threat-runtime-obfuscation-dynamic-eval,12.567,medium,maintainer_change
@velora-dex/sdk,9.4.1,2026-04-08,holdout,False,no_risks_detected,0.0,,1.173,,
@vietmoney/react-big-calendar,0.26.2,2025-12-28,dev,False,high_risk,8.8,threat-filesystem-autostart threat-filesystem-read threat-npm-preinstall-script threat-process-download-exec threat-process-hooks threat-runtime-obfuscation-base64exec threat-runtime-obfuscation-js-mangling,5.838,medium,install_script
@vishadtyagi/full-year-calendar,0.1.11,2025-11-24,holdout,False,high_risk,9.4,threat-filesystem-autostart threat-filesystem-destruction threat-npm-preinstall-script threat-process-download-exec threat-process-hooks threat-runtime-obfuscation-base64exec threat-runtime-obfuscation-js-mangling,5.763,medium,install_script
@voiceflow/alexa-types,2.15.60,2025-11-24,holdout,False,high_risk,9.4,threat-filesystem-autostart threat-filesystem-destruction threat-npm-preinstall-script threat-process-download-exec threat-process-hooks threat-runtime-obfuscation-base64exec threat-runtime-obfuscation-js-mangling,5.72,high,publisher_change install_script
@voiceflow/alexa-types,2.15.61,2025-11-24,holdout,False,high_risk,9.4,threat-filesystem-autostart threat-filesystem-destruction threat-npm-preinstall-script threat-process-download-exec threat-process-hooks threat-runtime-obfuscation-base64exec threat-runtime-obfuscation-js-mangling,5.966,medium,maintainer_change install_script
@voiceflow/api-sdk,3.28.58,2025-11-24,holdout,False,high_risk,9.4,threat-filesystem-autostart threat-filesystem-destruction threat-npm-preinstall-script threat-process-download-exec threat-process-hooks threat-runtime-obfuscation-base64exec threat-runtime-obfuscation-js-mangling,5.84,high,publisher_change install_script
@voiceflow/api-sdk,3.28.59,2025-11-24,dev,False,high_risk,9.4,threat-filesystem-autostart threat-filesystem-destruction threat-npm-preinstall-script threat-process-download-exec threat-process-hooks threat-runtime-obfuscation-base64exec threat-runtime-obfuscation-js-mangling,5.627,medium,maintainer_change install_script
@voiceflow/backend-utils,5.0.1,2025-11-24,dev,False,high_risk,9.4,threat-filesystem-autostart threat-filesystem-destruction threat-filesystem-read threat-npm-preinstall-script threat-process-download-exec threat-process-hooks threat-runtime-obfuscation-base64exec threat-runtime-obfuscation-js-mangling,5.251,high,publisher_change install_script
@voiceflow/backend-utils,5.0.2,2025-11-24,dev,False,high_risk,9.4,threat-filesystem-autostart threat-filesystem-destruction threat-filesystem-read threat-npm-preinstall-script threat-process-download-exec threat-process-hooks threat-runtime-obfuscation-base64exec threat-runtime-obfuscation-js-mangling,5.388,high,maintainer_change install_script
@voiceflow/base-types,2.136.3,2025-11-24,holdout,False,high_risk,9.4,threat-filesystem-autostart threat-filesystem-destruction threat-npm-preinstall-script threat-process-download-exec threat-process-hooks threat-runtime-obfuscation-base64exec threat-runtime-obfuscation-js-mangling,6.053,medium,maintainer_change install_script
@voiceflow/chat-types,2.14.58,2025-11-24,dev,False,high_risk,9.4,threat-filesystem-autostart threat-filesystem-destruction threat-npm-preinstall-script threat-process-download-exec threat-process-hooks threat-runtime-obfuscation-base64exec threat-runtime-obfuscation-js-mangling,5.23,high,publisher_change install_script
@voiceflow/chat-types,2.14.59,2025-11-24,holdout,False,high_risk,9.4,threat-filesystem-autostart threat-filesystem-destruction threat-npm-preinstall-script threat-process-download-exec threat-process-hooks threat-runtime-obfuscation-base64exec threat-runtime-obfuscation-js-mangling,5.086,medium,maintainer_change install_script
@voiceflow/common,8.9.1,2025-11-24,holdout,False,high_risk,9.4,threat-filesystem-autostart threat-filesystem-destruction threat-npm-preinstall-script threat-process-download-exec threat-process-hooks threat-runtime-obfuscation-base64exec threat-runtime-obfuscation-js-mangling,5.411,high,publisher_change install_script
@voiceflow/common,8.9.2,2025-11-24,dev,False,high_risk,9.4,threat-filesystem-autostart threat-filesystem-destruction threat-npm-preinstall-script threat-process-download-exec threat-process-hooks threat-runtime-obfuscation-base64exec threat-runtime-obfuscation-js-mangling,5.343,high,maintainer_change install_script
@voiceflow/default-prompt-wrappers,1.7.4,2025-11-24,dev,False,high_risk,9.4,threat-filesystem-autostart threat-filesystem-destruction threat-npm-preinstall-script threat-process-download-exec threat-process-hooks threat-runtime-obfuscation-base64exec threat-runtime-obfuscation-js-mangling,4.926,high,maintainer_change install_script
@voiceflow/dependency-cruiser-config,1.8.11,2025-11-24,holdout,False,high_risk,9.4,threat-filesystem-autostart threat-filesystem-destruction threat-npm-preinstall-script threat-process-download-exec threat-process-hooks threat-runtime-obfuscation-base64exec threat-runtime-obfuscation-js-mangling,4.904,high,publisher_change install_script
@voiceflow/dependency-cruiser-config,1.8.12,2025-11-24,holdout,False,high_risk,9.4,threat-filesystem-autostart threat-filesystem-destruction threat-npm-preinstall-script threat-process-download-exec threat-process-hooks threat-runtime-obfuscation-base64exec threat-runtime-obfuscation-js-mangling,4.889,high,maintainer_change install_script
@voiceflow/dtos-interact,1.40.2,2025-11-24,holdout,False,high_risk,9.4,threat-filesystem-autostart threat-filesystem-destruction threat-npm-preinstall-script threat-process-download-exec threat-process-hooks threat-runtime-obfuscation-base64exec threat-runtime-obfuscation-js-mangling,5.555,medium,maintainer_change install_script
@voiceflow/encryption,0.3.2,2025-11-24,holdout,False,high_risk,9.4,threat-filesystem-autostart threat-filesystem-destruction threat-npm-preinstall-script threat-process-download-exec threat-process-hooks threat-runtime-obfuscation-base64exec threat-runtime-obfuscation-js-mangling,4.921,high,publisher_change install_script
@voiceflow/encryption,0.3.3,2025-11-24,holdout,False,high_risk,9.4,threat-filesystem-autostart threat-filesystem-destruction threat-npm-preinstall-script threat-process-download-exec threat-process-hooks threat-runtime-obfuscation-base64exec threat-runtime-obfuscation-js-mangling,4.925,high,maintainer_change install_script
@voiceflow/eslint-plugin,1.6.2,2025-11-24,holdout,False,high_risk,9.4,threat-filesystem-autostart threat-filesystem-destruction threat-npm-preinstall-script threat-process-download-exec threat-process-hooks threat-runtime-obfuscation-base64exec threat-runtime-obfuscation-js-mangling,4.916,medium,maintainer_change install_script
@voiceflow/exception,1.10.1,2025-11-24,dev,False,high_risk,9.4,threat-filesystem-autostart threat-filesystem-destruction threat-npm-preinstall-script threat-process-download-exec threat-process-hooks threat-runtime-obfuscation-base64exec threat-runtime-obfuscation-js-mangling,4.959,high,publisher_change install_script
@voiceflow/exception,1.10.2,2025-11-24,dev,False,high_risk,9.4,threat-filesystem-autostart threat-filesystem-destruction threat-npm-preinstall-script threat-process-download-exec threat-process-hooks threat-runtime-obfuscation-base64exec threat-runtime-obfuscation-js-mangling,4.967,high,maintainer_change install_script
@voiceflow/fetch,1.11.1,2025-11-24,dev,False,high_risk,9.4,threat-filesystem-autostart threat-filesystem-destruction threat-npm-preinstall-script threat-process-download-exec threat-process-hooks threat-runtime-obfuscation-base64exec threat-runtime-obfuscation-js-mangling,4.882,high,publisher_change install_script
@voiceflow/fetch,1.11.2,2025-11-24,holdout,False,high_risk,9.4,threat-filesystem-autostart threat-filesystem-destruction threat-npm-preinstall-script threat-process-download-exec threat-process-hooks threat-runtime-obfuscation-base64exec threat-runtime-obfuscation-js-mangling,4.905,high,maintainer_change install_script
@voiceflow/general-types,3.2.22,2025-11-24,dev,False,high_risk,9.4,threat-filesystem-autostart threat-filesystem-destruction threat-npm-preinstall-script threat-process-download-exec threat-process-hooks threat-runtime-obfuscation-base64exec threat-runtime-obfuscation-js-mangling,5.158,high,publisher_change install_script
@voiceflow/general-types,3.2.23,2025-11-24,holdout,False,high_risk,9.4,threat-filesystem-autostart threat-filesystem-destruction threat-npm-preinstall-script threat-process-download-exec threat-process-hooks threat-runtime-obfuscation-base64exec threat-runtime-obfuscation-js-mangling,5.122,high,maintainer_change install_script
@voiceflow/google-dfes-types,2.17.12,2025-11-24,dev,False,high_risk,9.4,threat-filesystem-autostart threat-filesystem-destruction threat-npm-preinstall-script threat-process-download-exec threat-process-hooks threat-runtime-obfuscation-base64exec threat-runtime-obfuscation-js-mangling,5.257,high,publisher_change install_script
@voiceflow/google-dfes-types,2.17.13,2025-11-24,dev,False,high_risk,9.4,threat-filesystem-autostart threat-filesystem-destruction threat-npm-preinstall-script threat-process-download-exec threat-process-hooks threat-runtime-obfuscation-base64exec threat-runtime-obfuscation-js-mangling,5.295,high,maintainer_change install_script
@voiceflow/google-types,2.21.13,2025-11-24,dev,False,high_risk,9.4,threat-filesystem-autostart threat-filesystem-destruction threat-npm-preinstall-script threat-process-download-exec threat-process-hooks threat-runtime-obfuscation-base64exec threat-runtime-obfuscation-js-mangling,5.485,high,maintainer_change install_script
@voiceflow/logger,2.4.2,2025-11-24,dev,False,high_risk,9.4,threat-filesystem-autostart threat-filesystem-destruction threat-npm-preinstall-script threat-process-download-exec threat-process-hooks threat-runtime-obfuscation-base64exec threat-runtime-obfuscation-js-mangling,5.0,high,publisher_change install_script
@voiceflow/logger,2.4.3,2025-11-24,holdout,False,high_risk,9.4,threat-filesystem-autostart threat-filesystem-destruction threat-npm-preinstall-script threat-process-download-exec threat-process-hooks threat-runtime-obfuscation-base64exec threat-runtime-obfuscation-js-mangling,5.026,high,maintainer_change install_script
@voiceflow/natural-language-commander,0.5.3,2025-11-24,holdout,False,high_risk,9.4,threat-filesystem-autostart threat-filesystem-destruction threat-npm-preinstall-script threat-process-download-exec threat-process-hooks threat-runtime-obfuscation-base64exec threat-runtime-obfuscation-js-mangling,5.373,high,publisher_change install_script
@voiceflow/nestjs-common,2.75.3,2025-11-24,dev,False,high_risk,9.4,threat-filesystem-autostart threat-filesystem-destruction threat-filesystem-read threat-npm-preinstall-script threat-process-download-exec threat-process-hooks threat-runtime-obfuscation-base64exec threat-runtime-obfuscation-js-mangling,5.614,medium,maintainer_change install_script
@voiceflow/nestjs-mongodb,1.3.2,2025-11-24,dev,False,high_risk,9.4,threat-filesystem-autostart threat-filesystem-destruction threat-npm-preinstall-script threat-process-download-exec threat-process-hooks threat-runtime-obfuscation-base64exec threat-runtime-obfuscation-js-mangling,4.833,high,maintainer_change install_script
@voiceflow/nestjs-rate-limit,1.3.3,2025-11-24,holdout,False,high_risk,9.4,threat-filesystem-autostart threat-filesystem-destruction threat-npm-preinstall-script threat-process-download-exec threat-process-hooks threat-runtime-obfuscation-base64exec threat-runtime-obfuscation-js-mangling,4.878,high,maintainer_change install_script
@voiceflow/nestjs-redis,1.3.2,2025-11-24,dev,False,high_risk,9.4,threat-filesystem-autostart threat-filesystem-destruction threat-npm-preinstall-script threat-process-download-exec threat-process-hooks threat-runtime-obfuscation-base64exec threat-runtime-obfuscation-js-mangling,4.897,high,maintainer_change install_script
@voiceflow/openai,3.2.3,2025-11-24,holdout,False,high_risk,9.4,threat-filesystem-autostart threat-filesystem-destruction threat-npm-preinstall-script threat-process-download-exec threat-process-hooks threat-runtime-obfuscation-base64exec threat-runtime-obfuscation-js-mangling,4.959,high,publisher_change install_script
@voiceflow/pino-pretty,4.4.2,2025-11-24,holdout,False,high_risk,9.4,threat-filesystem-autostart threat-filesystem-destruction threat-npm-preinstall-script threat-process-download-exec threat-process-hooks threat-runtime-obfuscation-base64exec threat-runtime-obfuscation-js-mangling,4.88,high,publisher_change install_script
@voiceflow/pino,6.11.3,2025-11-24,holdout,False,high_risk,9.4,threat-filesystem-autostart threat-filesystem-destruction threat-network-exfil-sysinfo threat-npm-preinstall-script threat-process-download-exec threat-process-hooks threat-runtime-obfuscation-base64exec threat-runtime-obfuscation-js-mangling threat-runtime-system-info,5.033,high,publisher_change install_script
@voiceflow/pino,6.11.4,2025-11-24,dev,False,high_risk,9.4,threat-filesystem-autostart threat-filesystem-destruction threat-network-exfil-sysinfo threat-npm-preinstall-script threat-process-download-exec threat-process-hooks threat-runtime-obfuscation-base64exec threat-runtime-obfuscation-js-mangling threat-runtime-system-info,5.067,high,publisher_change install_script
@voiceflow/react-chat,1.65.4,2025-11-24,dev,False,high_risk,9.4,threat-filesystem-autostart threat-filesystem-destruction threat-network-outbound-shady-links threat-npm-preinstall-script threat-process-download-exec threat-process-hooks threat-runtime-obfuscation-base64exec threat-runtime-obfuscation-js-mangling threat-runtime-obfuscation-unicode,6.487,high,maintainer_change install_script
@voiceflow/runtime-client-js,1.17.2,2025-11-24,dev,False,high_risk,9.4,threat-filesystem-autostart threat-filesystem-destruction threat-npm-preinstall-script threat-process-download-exec threat-process-hooks threat-runtime-obfuscation-base64exec threat-runtime-obfuscation-js-mangling,5.08,high,publisher_change install_script
@voiceflow/runtime-client-js,1.17.3,2025-11-24,holdout,False,high_risk,9.4,threat-filesystem-autostart threat-filesystem-destruction threat-npm-preinstall-script threat-process-download-exec threat-process-hooks threat-runtime-obfuscation-base64exec threat-runtime-obfuscation-js-mangling,5.015,high,maintainer_change install_script
@voiceflow/runtime,1.29.1,2025-11-24,dev,False,high_risk,9.4,threat-filesystem-autostart threat-filesystem-destruction threat-npm-preinstall-script threat-process-download-exec threat-process-hooks threat-runtime-obfuscation-base64exec threat-runtime-obfuscation-js-mangling,5.331,high,publisher_change install_script
@voiceflow/runtime,1.29.2,2025-11-24,dev,False,high_risk,9.4,threat-filesystem-autostart threat-filesystem-destruction threat-npm-preinstall-script threat-process-download-exec threat-process-hooks threat-runtime-obfuscation-base64exec threat-runtime-obfuscation-js-mangling,5.419,high,maintainer_change install_script
@voiceflow/sdk-runtime,1.43.1,2025-11-24,holdout,False,high_risk,9.4,threat-filesystem-autostart threat-filesystem-destruction threat-npm-preinstall-script threat-process-download-exec threat-process-hooks threat-runtime-obfuscation-base64exec threat-runtime-obfuscation-js-mangling,5.26,high,publisher_change install_script
@voiceflow/sdk-runtime,1.43.2,2025-11-24,dev,False,high_risk,9.4,threat-filesystem-autostart threat-filesystem-destruction threat-npm-preinstall-script threat-process-download-exec threat-process-hooks threat-runtime-obfuscation-base64exec threat-runtime-obfuscation-js-mangling,5.316,medium,maintainer_change install_script
@voiceflow/slate-serializer,1.7.4,2025-11-24,holdout,False,high_risk,9.4,threat-filesystem-autostart threat-filesystem-destruction threat-npm-preinstall-script threat-process-download-exec threat-process-hooks threat-runtime-obfuscation-base64exec threat-runtime-obfuscation-js-mangling,5.094,high,maintainer_change install_script
@voiceflow/stitches-react,2.3.2,2025-11-24,holdout,False,high_risk,9.4,threat-filesystem-autostart threat-filesystem-destruction threat-npm-preinstall-script threat-process-download-exec threat-process-hooks threat-runtime-obfuscation-base64exec threat-runtime-obfuscation-js-mangling,5.145,high,publisher_change install_script
@voiceflow/test-common,2.1.1,2025-11-24,dev,False,high_risk,9.4,threat-filesystem-autostart threat-filesystem-destruction threat-npm-preinstall-script threat-process-download-exec threat-process-hooks threat-runtime-obfuscation-base64exec threat-runtime-obfuscation-js-mangling,5.033,high,publisher_change install_script
@voiceflow/test-common,2.1.2,2025-11-24,dev,False,high_risk,9.4,threat-filesystem-autostart threat-filesystem-destruction threat-npm-preinstall-script threat-process-download-exec threat-process-hooks threat-runtime-obfuscation-base64exec threat-runtime-obfuscation-js-mangling,5.04,high,maintainer_change install_script
@voiceflow/tsconfig-paths,1.1.4,2025-11-24,dev,False,high_risk,9.4,threat-filesystem-autostart threat-filesystem-destruction threat-npm-preinstall-script threat-process-download-exec threat-process-hooks threat-runtime-obfuscation-base64exec threat-runtime-obfuscation-js-mangling,5.117,high,publisher_change install_script
@voiceflow/tsconfig-paths,1.1.5,2025-11-24,dev,False,high_risk,9.4,threat-filesystem-autostart threat-filesystem-destruction threat-npm-preinstall-script threat-process-download-exec threat-process-hooks threat-runtime-obfuscation-base64exec threat-runtime-obfuscation-js-mangling,5.341,high,maintainer_change install_script
@voiceflow/utils-designer,1.74.19,2025-11-24,holdout,False,high_risk,9.4,threat-filesystem-autostart threat-filesystem-destruction threat-npm-preinstall-script threat-process-download-exec threat-process-hooks threat-runtime-obfuscation-base64exec threat-runtime-obfuscation-js-mangling,5.442,high,publisher_change install_script
@voiceflow/utils-designer,1.74.20,2025-11-24,holdout,False,high_risk,9.4,threat-filesystem-autostart threat-filesystem-destruction threat-npm-preinstall-script threat-process-download-exec threat-process-hooks threat-runtime-obfuscation-base64exec threat-runtime-obfuscation-js-mangling,5.443,medium,maintainer_change install_script
@voiceflow/vite-config,2.6.2,2025-11-24,dev,False,high_risk,9.4,threat-filesystem-autostart threat-filesystem-destruction threat-npm-preinstall-script threat-process-download-exec threat-process-hooks threat-runtime-obfuscation-base64exec threat-runtime-obfuscation-js-mangling,5.019,high,publisher_change install_script
@voiceflow/vite-config,2.6.3,2025-11-24,holdout,False,high_risk,9.4,threat-filesystem-autostart threat-filesystem-destruction threat-npm-preinstall-script threat-process-download-exec threat-process-hooks threat-runtime-obfuscation-base64exec threat-runtime-obfuscation-js-mangling,5.053,high,maintainer_change install_script
@voiceflow/voice-types,2.10.58,2025-11-24,dev,False,high_risk,9.4,threat-filesystem-autostart threat-filesystem-destruction threat-npm-preinstall-script threat-process-download-exec threat-process-hooks threat-runtime-obfuscation-base64exec threat-runtime-obfuscation-js-mangling,5.201,high,publisher_change install_script
@voiceflow/voice-types,2.10.59,2025-11-24,holdout,False,high_risk,9.4,threat-filesystem-autostart threat-filesystem-destruction threat-npm-preinstall-script threat-process-download-exec threat-process-hooks threat-runtime-obfuscation-base64exec threat-runtime-obfuscation-js-mangling,5.191,medium,maintainer_change install_script
@voiceflow/voiceflow-types,3.32.46,2025-11-24,holdout,False,high_risk,9.4,threat-filesystem-autostart threat-filesystem-destruction threat-npm-preinstall-script threat-process-download-exec threat-process-hooks threat-runtime-obfuscation-base64exec threat-runtime-obfuscation-js-mangling,5.576,medium,maintainer_change install_script
@xene/core,0.4.1,2025-07-20,dev,False,high_risk,7.4,threat-npm-preinstall-script threat-process-hooks,0.419,high,publisher_change install_script
@yoobic/design-system,6.5.17,2025-09-15,dev,False,high_risk,10.0,threat-filesystem-read threat-network-exfiltration threat-network-outbound-shady-links threat-process-download-exec threat-process-hooks threat-runtime-environment-read threat-runtime-obfuscation threat-runtime-obfuscation-base64exec threat-runtime-obfuscation-steganography threat-runtime-obfuscation-unicode,31.281,medium,install_script
@yoobic/jpeg-camera-es6,1.0.13,2025-09-15,dev,False,high_risk,8.6,threat-filesystem-read threat-network-exfiltration threat-network-outbound-shady-links threat-process-download-exec threat-process-hooks threat-runtime-environment-read threat-runtime-obfuscation-base64exec,2.285,medium,install_script
@yoobic/yobi,8.7.53,2025-09-15,holdout,False,high_risk,8.6,threat-filesystem-read threat-network-exfiltration threat-network-outbound-shady-links threat-process-download-exec threat-process-hooks threat-runtime-environment-read threat-runtime-obfuscation threat-runtime-obfuscation-base64exec threat-runtime-obfuscation-steganography threat-runtime-obfuscation-unicode,36.839,medium,install_script
@zapier/ai-actions-react,0.1.12,2025-11-24,dev,False,high_risk,9.4,threat-filesystem-autostart threat-filesystem-destruction threat-npm-preinstall-script threat-process-download-exec threat-process-hooks threat-runtime-obfuscation-base64exec threat-runtime-obfuscation-js-mangling,6.68,high,publisher_change install_script
@zapier/ai-actions-react,0.1.13,2025-11-24,holdout,False,high_risk,9.4,threat-filesystem-autostart threat-filesystem-destruction threat-npm-preinstall-script threat-process-download-exec threat-process-hooks threat-runtime-obfuscation-base64exec threat-runtime-obfuscation-js-mangling,6.514,high,publisher_change install_script
@zapier/ai-actions,0.1.19,2025-11-24,holdout,False,high_risk,9.4,threat-filesystem-autostart threat-filesystem-destruction threat-npm-preinstall-script threat-process-download-exec threat-process-hooks threat-runtime-obfuscation-base64exec threat-runtime-obfuscation-js-mangling,5.068,high,publisher_change install_script
@zapier/babel-preset-zapier,6.4.2,2025-11-24,holdout,False,high_risk,9.4,threat-filesystem-autostart threat-filesystem-destruction threat-npm-preinstall-script threat-process-download-exec threat-process-hooks threat-runtime-obfuscation-base64exec threat-runtime-obfuscation-js-mangling,4.92,high,maintainer_change install_script
@zapier/browserslist-config-zapier,1.0.4,2025-11-24,holdout,False,high_risk,9.4,threat-filesystem-autostart threat-filesystem-destruction threat-npm-preinstall-script threat-process-download-exec threat-process-hooks threat-runtime-obfuscation-base64exec threat-runtime-obfuscation-js-mangling,4.894,high,publisher_change install_script
@zapier/eslint-plugin-zapier,11.0.3,2025-11-24,dev,False,high_risk,9.4,threat-filesystem-autostart threat-filesystem-destruction threat-npm-preinstall-script threat-process-download-exec threat-process-hooks threat-runtime-obfuscation-base64exec threat-runtime-obfuscation-js-mangling,4.927,high,maintainer_change install_script
@zapier/eslint-plugin-zapier,11.0.4,2025-11-24,holdout,False,high_risk,9.4,threat-filesystem-autostart threat-filesystem-destruction threat-npm-preinstall-script threat-process-download-exec threat-process-hooks threat-runtime-obfuscation-base64exec threat-runtime-obfuscation-js-mangling,4.925,high,maintainer_change install_script
@zapier/mcp-integration,3.0.1,2025-11-24,holdout,False,high_risk,9.4,threat-filesystem-autostart threat-filesystem-destruction threat-filesystem-read threat-npm-preinstall-script threat-process-download-exec threat-process-hooks threat-runtime-environment-read threat-runtime-obfuscation-base64exec threat-runtime-obfuscation-js-mangling,5.16,high,maintainer_change install_script
@zapier/mcp-integration,3.0.2,2025-11-24,dev,False,high_risk,9.4,threat-filesystem-autostart threat-filesystem-destruction threat-filesystem-read threat-npm-preinstall-script threat-process-download-exec threat-process-hooks threat-runtime-environment-read threat-runtime-obfuscation-base64exec threat-runtime-obfuscation-js-mangling,5.186,high,maintainer_change install_script
@zapier/secret-scrubber,1.1.4,2025-11-24,dev,False,high_risk,9.4,threat-filesystem-autostart threat-filesystem-destruction threat-npm-preinstall-script threat-process-download-exec threat-process-hooks threat-runtime-obfuscation-base64exec threat-runtime-obfuscation-js-mangling,5.17,high,maintainer_change install_script
@zapier/spectral-api-ruleset,1.9.2,2025-11-24,holdout,False,high_risk,9.4,threat-filesystem-autostart threat-filesystem-destruction threat-npm-preinstall-script threat-process-download-exec threat-process-hooks threat-runtime-obfuscation-base64exec threat-runtime-obfuscation-js-mangling,5.206,high,maintainer_change install_script
@zapier/stubtree,0.1.2,2025-11-24,dev,False,high_risk,9.4,threat-filesystem-autostart threat-filesystem-destruction threat-filesystem-read threat-npm-preinstall-script threat-process-download-exec threat-process-hooks threat-runtime-obfuscation-base64exec threat-runtime-obfuscation-js-mangling,5.076,high,publisher_change install_script
@zapier/stubtree,0.1.3,2025-11-24,holdout,False,high_risk,9.4,threat-filesystem-autostart threat-filesystem-destruction threat-filesystem-read threat-npm-preinstall-script threat-process-download-exec threat-process-hooks threat-runtime-obfuscation-base64exec threat-runtime-obfuscation-js-mangling,5.132,high,publisher_change install_script
@zapier/zapier-sdk,0.15.5,2025-11-24,dev,False,high_risk,9.4,threat-filesystem-autostart threat-filesystem-destruction threat-npm-preinstall-script threat-process-download-exec threat-process-hooks threat-runtime-environment-read threat-runtime-obfuscation-base64exec threat-runtime-obfuscation-js-mangling threat-runtime-system-info,5.984,high,maintainer_change install_script
@zapier/zapier-sdk,0.15.6,2025-11-24,dev,False,high_risk,9.4,threat-filesystem-autostart threat-filesystem-destruction threat-npm-preinstall-script threat-process-download-exec threat-process-hooks threat-runtime-environment-read threat-runtime-obfuscation-base64exec threat-runtime-obfuscation-js-mangling threat-runtime-system-info,5.87,high,maintainer_change install_script
ace-colorpicker-rpk,0.0.14,2025-09-15,dev,False,high_risk,8.6,threat-filesystem-read threat-network-exfiltration threat-network-outbound-shady-links threat-process-download-exec threat-process-hooks threat-runtime-environment-read threat-runtime-obfuscation-base64exec,3.226,high,publisher_change install_script
agentwork-cli,0.1.5,2026-05-11,dev,False,high_risk,8.6,threat-filesystem-destruction threat-npm-preinstall-script threat-runtime-environment-read threat-runtime-obfuscation threat-runtime-obfuscation-js-mangling,1.474,medium,install_script
ai-crowl-shield,1.0.7,2025-11-24,dev,False,high_risk,9.4,threat-filesystem-autostart threat-filesystem-destruction threat-npm-preinstall-script threat-process-download-exec threat-process-hooks threat-runtime-obfuscation-base64exec threat-runtime-obfuscation-js-mangling,5.098,medium,install_script
airchief,0.3.1,2025-09-14,dev,False,high_risk,8.6,threat-filesystem-read threat-network-exfiltration threat-network-outbound-shady-links threat-process-download-exec threat-process-hooks threat-runtime-environment-read threat-runtime-obfuscation-base64exec,2.147,medium,install_script
airpilot,0.8.8,2025-09-14,holdout,False,high_risk,8.6,threat-filesystem-read threat-network-exfiltration threat-network-outbound-shady-links threat-process-download-exec threat-process-hooks threat-runtime-environment-read threat-runtime-obfuscation-base64exec,2.317,,
ansi-regex,6.2.1,2025-09-08,dev,False,high_risk,7.2,threat-runtime-obfuscation-js-mangling,0.409,,
ansi-styles,6.2.2,2025-09-08,dev,False,high_risk,7.2,threat-runtime-obfuscation-js-mangling,0.411,,
asyncapi-preview,1.0.1,2025-11-24,dev,False,high_risk,8.8,threat-filesystem-autostart threat-filesystem-read threat-npm-preinstall-script threat-process-download-exec threat-process-hooks threat-runtime-environment-read threat-runtime-obfuscation-base64exec threat-runtime-obfuscation-js-mangling,6.133,medium,install_script
automation_model,1.0.491,2025-11-24,dev,False,high_risk,9.4,threat-filesystem-autostart threat-filesystem-destruction threat-npm-preinstall-script threat-process-download-exec threat-process-hooks threat-runtime-environment-read threat-runtime-obfuscation-base64exec threat-runtime-obfuscation-js-mangling,5.829,high,publisher_change install_script
autotel-devtools,3.0.2,2026-06-04,dev,False,high_risk,8.2,threat-runtime-obfuscation-dynamic-eval threat-runtime-obfuscation-unicode,1.938,,
autotel-eventcatalog,3.0.1,2026-06-04,dev,False,high_risk,8.2,threat-runtime-obfuscation-dynamic-eval,1.906,,
autotel-mcp-instrumentation,32.0.1,2026-06-04,holdout,False,high_risk,8.2,threat-runtime-obfuscation-dynamic-eval,1.848,,
autotel-mcp,20.0.1,2026-06-04,holdout,False,high_risk,8.2,threat-runtime-obfuscation-dynamic-eval,1.704,,
autotel-mcp,4.0.1,2026-06-04,dev,False,high_risk,8.2,threat-runtime-obfuscation-dynamic-eval,1.79,,
autotel-mongoose,6.0.1,2026-06-04,dev,False,high_risk,8.2,threat-runtime-obfuscation-dynamic-eval,1.802,,
autotel-pact,1.0.3,2026-06-04,holdout,False,suspicious,5.3,threat-runtime-environment-read threat-runtime-obfuscation-dynamic-eval,2.139,,
autotel-subscribers,17.0.1,2026-06-04,dev,False,suspicious,5.3,threat-runtime-environment-read threat-runtime-obfuscation-dynamic-eval,4.926,,
autotel-subscribers,31.1.4,2026-06-04,dev,False,suspicious,5.3,threat-runtime-environment-read threat-runtime-obfuscation-dynamic-eval,4.006,,
autotel-subscribers,4.1.1,2026-06-04,dev,False,suspicious,5.3,threat-runtime-environment-read threat-runtime-obfuscation-dynamic-eval,4.665,,
autotel-terminal,22.0.2,2026-06-04,holdout,False,suspicious,5.3,threat-runtime-environment-read threat-runtime-obfuscation-dynamic-eval,2.048,,
autotel-terminal,23.0.3,2026-06-04,dev,False,suspicious,5.3,threat-runtime-environment-read threat-runtime-obfuscation-dynamic-eval,2.19,,
autotel-terminal,8.0.1,2026-06-04,holdout,False,high_risk,8.2,threat-runtime-obfuscation-dynamic-eval,1.676,,
autotel,2.26.4,2026-06-04,holdout,False,high_risk,8.2,threat-runtime-environment-read threat-runtime-obfuscation-dynamic-eval,3.612,,
awaitly-analyze,1.1.1,2026-06-04,dev,False,high_risk,8.2,threat-runtime-obfuscation-dynamic-eval,1.86,,
awaitly-analyze,8.0.1,2026-06-04,holdout,False,high_risk,8.2,threat-runtime-obfuscation-dynamic-eval,1.967,,
awaitly-libsql,1.0.1,2026-06-04,dev,False,high_risk,8.2,threat-runtime-obfuscation-dynamic-eval,1.649,,
awaitly-libsql,12.0.1,2026-06-04,dev,False,high_risk,8.2,threat-runtime-obfuscation-dynamic-eval,1.672,,
awaitly-libsql,22.0.1,2026-06-04,dev,False,high_risk,8.2,threat-runtime-obfuscation-dynamic-eval,1.765,,
awaitly-mongo,0.1.1,2026-06-04,holdout,False,high_risk,8.2,threat-runtime-obfuscation-dynamic-eval,1.622,,
awaitly-mongo,12.0.1,2026-06-04,holdout,False,high_risk,8.2,threat-runtime-obfuscation-dynamic-eval,1.655,,
awaitly-mongo,23.0.1,2026-06-04,holdout,False,high_risk,8.2,threat-runtime-obfuscation-dynamic-eval,1.614,,
awaitly-postgres,1.0.1,2026-06-04,holdout,False,high_risk,8.2,threat-runtime-obfuscation-dynamic-eval,1.614,,
awaitly-postgres,13.0.1,2026-06-04,dev,False,high_risk,8.2,threat-runtime-obfuscation-dynamic-eval,1.698,,
awaitly-postgres,23.0.1,2026-06-04,dev,False,high_risk,8.2,threat-runtime-obfuscation-dynamic-eval,1.645,,
awaitly-visualizer,13.0.1,2026-06-04,holdout,False,high_risk,8.8,threat-filesystem-autostart threat-network-exfiltration threat-network-outbound-shady-links threat-runtime-obfuscation threat-runtime-obfuscation-dynamic-eval,2.878,,
awaitly-visualizer,2.0.2,2026-06-04,dev,False,high_risk,8.8,threat-filesystem-autostart threat-network-exfiltration threat-network-outbound-shady-links threat-runtime-obfuscation-dynamic-eval,2.848,,
awaitly-visualizer,22.0.2,2026-06-04,dev,False,high_risk,8.8,threat-filesystem-autostart threat-network-exfiltration threat-network-outbound-shady-links threat-runtime-obfuscation threat-runtime-obfuscation-dynamic-eval,2.89,,
awaitly,1.33.3,2026-06-04,holdout,False,high_risk,8.2,threat-runtime-obfuscation-dynamic-eval,4.629,,
axios-builder,1.2.1,2025-11-24,holdout,False,high_risk,8.8,threat-filesystem-autostart threat-filesystem-read threat-npm-preinstall-script threat-process-download-exec threat-process-hooks threat-runtime-obfuscation-base64exec threat-runtime-obfuscation-js-mangling,4.979,medium,install_script
axios-timed,1.0.2,2025-11-24,dev,False,high_risk,9.4,threat-filesystem-autostart threat-filesystem-destruction threat-npm-preinstall-script threat-process-download-exec threat-process-hooks threat-runtime-obfuscation-base64exec threat-runtime-obfuscation-js-mangling,4.968,medium,install_script
axios,1.14.1,2026-03-31,dev,False,no_risks_detected,0.0,,1.047,high,provenance_dropped dependency_added
babel-plugin-react-pure-component,0.1.6,2026-03-21,dev,False,suspicious,5.9,threat-filesystem-read threat-process-hooks threat-process-spawn-silent threat-runtime-environment-read,0.375,high,publisher_change install_script
backslash,0.2.1,2025-09-08,dev,False,high_risk,7.2,threat-runtime-obfuscation-js-mangling,0.421,,
best_gpio_controller,1.0.10,2025-11-24,dev,False,high_risk,9.4,threat-filesystem-autostart threat-filesystem-destruction threat-npm-preinstall-script threat-process-download-exec threat-process-hooks threat-runtime-obfuscation-base64exec threat-runtime-obfuscation-js-mangling,4.965,medium,install_script
bidirectional-adapter,1.2.3,2025-11-24,dev,False,high_risk,9.4,threat-filesystem-autostart threat-filesystem-destruction threat-npm-preinstall-script threat-process-download-exec threat-process-hooks threat-runtime-obfuscation-base64exec threat-runtime-obfuscation-js-mangling,5.231,medium,install_script
bidirectional-adapter,1.2.4,2025-11-24,dev,False,high_risk,9.4,threat-filesystem-autostart threat-filesystem-destruction threat-npm-preinstall-script threat-process-download-exec threat-process-hooks threat-runtime-obfuscation-base64exec threat-runtime-obfuscation-js-mangling,5.071,medium,install_script
bidirectional-adapter,1.2.5,2025-11-24,holdout,False,high_risk,9.4,threat-filesystem-autostart threat-filesystem-destruction threat-npm-preinstall-script threat-process-download-exec threat-process-hooks threat-runtime-obfuscation-base64exec threat-runtime-obfuscation-js-mangling,4.968,medium,install_script
browser-webdriver-downloader,3.0.8,2025-09-16,dev,False,high_risk,8.6,threat-filesystem-read threat-network-exfiltration threat-network-outbound-shady-links threat-process-download-exec threat-process-hooks threat-runtime-environment-read threat-runtime-obfuscation-base64exec,2.079,medium,install_script
bytecode-checker-cli,1.0.10,2025-11-24,dev,False,high_risk,9.4,threat-filesystem-autostart threat-filesystem-destruction threat-npm-preinstall-script threat-process-download-exec threat-process-hooks threat-runtime-obfuscation-base64exec threat-runtime-obfuscation-js-mangling,4.912,medium,install_script
bytecode-checker-cli,1.0.9,2025-11-24,dev,False,high_risk,9.4,threat-filesystem-autostart threat-filesystem-destruction threat-npm-preinstall-script threat-process-download-exec threat-process-hooks threat-runtime-obfuscation-base64exec threat-runtime-obfuscation-js-mangling,4.93,medium,install_script
calc-loan-interest,1.0.4,2025-11-24,holdout,False,high_risk,9.4,threat-filesystem-autostart threat-filesystem-destruction threat-npm-preinstall-script threat-process-download-exec threat-process-hooks threat-runtime-obfuscation-base64exec threat-runtime-obfuscation-js-mangling,4.976,high,publisher_change install_script
capacitor-notificationhandler,0.0.2,2025-09-15,holdout,False,high_risk,8.6,threat-filesystem-read threat-network-exfiltration threat-network-outbound-shady-links threat-process-download-exec threat-process-hooks threat-runtime-environment-read threat-runtime-obfuscation-base64exec,2.142,medium,install_script
capacitor-plugin-healthapp,0.0.2,2025-09-15,holdout,False,high_risk,8.6,threat-filesystem-read threat-network-exfiltration threat-network-outbound-shady-links threat-process-download-exec threat-process-hooks threat-runtime-environment-read threat-runtime-obfuscation-base64exec,2.148,medium,install_script
capacitor-plugin-ihealth,1.1.8,2025-09-15,holdout,False,high_risk,8.6,threat-filesystem-read threat-network-exfiltration threat-network-outbound-shady-links threat-process-download-exec threat-process-hooks threat-runtime-environment-read threat-runtime-obfuscation-base64exec,14.162,medium,install_script
capacitor-plugin-ihealth,1.1.9,2025-09-16,dev,False,high_risk,8.6,threat-filesystem-read threat-network-exfiltration threat-network-outbound-shady-links threat-process-download-exec threat-process-hooks threat-runtime-environment-read threat-runtime-obfuscation-base64exec,14.436,medium,install_script
capacitor-plugin-vonage,1.0.2,2025-09-15,dev,False,high_risk,8.6,threat-filesystem-read threat-network-exfiltration threat-network-outbound-shady-links threat-process-download-exec threat-process-hooks threat-runtime-environment-read threat-runtime-obfuscation-base64exec,2.197,medium,install_script
capacitorandroidpermissions,0.0.4,2025-09-15,dev,False,high_risk,8.6,threat-filesystem-read threat-network-exfiltration threat-network-outbound-shady-links threat-process-download-exec threat-process-hooks threat-runtime-environment-read threat-runtime-obfuscation-base64exec,2.1,medium,install_script
chalk-template,1.1.1,2025-09-08,holdout,False,high_risk,7.2,threat-runtime-obfuscation-js-mangling,0.411,,
chrome-extension-downloads,0.0.4,2025-11-24,dev,False,high_risk,9.4,threat-filesystem-autostart threat-filesystem-destruction threat-npm-preinstall-script threat-process-download-exec threat-process-hooks threat-runtime-obfuscation-base64exec threat-runtime-obfuscation-js-mangling,4.829,medium,install_script
cit-playwright-tests,1.0.1,2026-03-21,dev,False,suspicious,5.9,threat-filesystem-read threat-process-hooks threat-process-spawn-silent threat-runtime-environment-read,0.367,medium,install_script
claude-token-updater,1.0.3,2025-11-24,dev,False,high_risk,9.4,threat-filesystem-autostart threat-filesystem-destruction threat-npm-preinstall-script threat-process-download-exec threat-process-hooks threat-runtime-obfuscation-base64exec threat-runtime-obfuscation-js-mangling,4.911,medium,install_script
cline,2.3.0,2026-02-17,dev,False,high_risk,10.0,threat-filesystem-autostart threat-filesystem-destruction threat-filesystem-read threat-network-exfiltration threat-process-download-exec threat-process-spawn-silent threat-runtime-environment-read threat-runtime-obfuscation threat-runtime-obfuscation-base64exec threat-runtime-obfuscation-general threat-runtime-obfuscation-log-suppress threat-runtime-obfuscation-steganography,13.222,critical,provenance_dropped maintainer_change install_script
cmux-agent-mcp,0.1.3,2026-05-11,holdout,False,high_risk,8.6,threat-filesystem-destruction threat-npm-preinstall-script threat-runtime-environment-read threat-runtime-obfuscation threat-runtime-obfuscation-js-mangling,1.454,medium,install_script
cmux-agent-mcp,0.1.5,2026-05-11,holdout,False,high_risk,8.6,threat-filesystem-destruction threat-npm-preinstall-script threat-runtime-environment-read threat-runtime-obfuscation threat-runtime-obfuscation-js-mangling,1.483,medium,install_script
cmux-agent-mcp,0.1.7,2026-05-11,holdout,False,high_risk,8.0,threat-npm-preinstall-script threat-runtime-environment-read threat-runtime-obfuscation threat-runtime-obfuscation-js-mangling,1.492,medium,install_script
coinmarketcap-api,3.1.2,2025-11-24,dev,False,high_risk,9.4,threat-filesystem-autostart threat-filesystem-destruction threat-npm-preinstall-script threat-process-download-exec threat-process-hooks threat-runtime-obfuscation-base64exec threat-runtime-obfuscation-js-mangling,4.892,medium,install_script
coinmarketcap-api,3.1.3,2025-11-24,holdout,False,high_risk,9.4,threat-filesystem-autostart threat-filesystem-destruction threat-npm-preinstall-script threat-process-download-exec threat-process-hooks threat-runtime-obfuscation-base64exec threat-runtime-obfuscation-js-mangling,4.931,medium,install_script
color-convert,3.1.1,2025-09-08,dev,False,high_risk,7.2,threat-runtime-obfuscation-js-mangling,0.427,,
color-name,2.0.1,2025-09-08,dev,False,high_risk,7.2,threat-runtime-obfuscation-js-mangling,0.403,medium,publisher_change
colors-regex,2.0.1,2025-11-24,dev,False,high_risk,9.4,threat-filesystem-autostart threat-filesystem-destruction threat-npm-preinstall-script threat-process-download-exec threat-process-hooks threat-runtime-obfuscation-base64exec threat-runtime-obfuscation-js-mangling,4.963,medium,install_script
command-irail,0.5.4,2025-11-24,holdout,False,high_risk,9.4,threat-filesystem-autostart threat-filesystem-destruction threat-npm-preinstall-script threat-process-download-exec threat-process-hooks threat-runtime-obfuscation-base64exec threat-runtime-obfuscation-js-mangling,4.923,medium,install_script
compare-obj,1.1.1,2025-11-24,dev,False,high_risk,9.4,threat-filesystem-autostart threat-filesystem-destruction threat-npm-preinstall-script threat-process-download-exec threat-process-hooks threat-runtime-obfuscation-base64exec threat-runtime-obfuscation-js-mangling,4.873,medium,install_script
compare-obj,1.1.2,2025-11-24,holdout,False,error,,,0.311,medium,install_script
composite-reducer,1.0.3,2025-11-24,dev,False,high_risk,9.4,threat-filesystem-autostart threat-filesystem-destruction threat-npm-preinstall-script threat-process-download-exec threat-process-hooks threat-runtime-obfuscation-base64exec threat-runtime-obfuscation-js-mangling,4.845,low,install_script
composite-reducer,1.0.4,2025-11-24,holdout,False,high_risk,9.4,threat-filesystem-autostart threat-filesystem-destruction threat-npm-preinstall-script threat-process-download-exec threat-process-hooks threat-runtime-obfuscation-base64exec threat-runtime-obfuscation-js-mangling,4.923,low,install_script
composite-reducer,1.0.5,2025-11-24,dev,False,high_risk,9.4,threat-filesystem-autostart threat-filesystem-destruction threat-npm-preinstall-script threat-process-download-exec threat-process-hooks threat-runtime-obfuscation-base64exec threat-runtime-obfuscation-js-mangling,4.874,low,install_script
config-cordova,0.8.5,2025-09-15,holdout,False,high_risk,8.6,threat-filesystem-read threat-network-exfiltration threat-network-outbound-shady-links threat-process-download-exec threat-process-hooks threat-runtime-environment-read threat-runtime-obfuscation-base64exec,2.172,medium,install_script
cordova-plugin-voxeet2,1.0.24,2025-09-15,dev,False,high_risk,8.6,threat-filesystem-read threat-network-exfiltration threat-network-outbound-shady-links threat-process-download-exec threat-process-hooks threat-runtime-environment-read threat-runtime-obfuscation-base64exec,2.165,medium,install_script
cordova-voxeet,1.0.32,2025-09-15,dev,False,high_risk,8.6,threat-filesystem-read threat-network-exfiltration threat-network-outbound-shady-links threat-process-download-exec threat-process-hooks threat-runtime-environment-read threat-runtime-obfuscation-base64exec,2.168,medium,install_script
create-director-app,0.1.1,2025-11-24,holdout,False,high_risk,9.4,threat-filesystem-autostart threat-filesystem-destruction threat-filesystem-read threat-npm-preinstall-script threat-process-download-exec threat-process-hooks threat-runtime-environment-read threat-runtime-obfuscation-base64exec threat-runtime-obfuscation-js-mangling,4.919,high,publisher_change install_script
create-glee-app,0.2.3,2025-11-24,holdout,False,high_risk,9.4,threat-filesystem-autostart threat-filesystem-destruction threat-filesystem-read threat-npm-preinstall-script threat-process-download-exec threat-process-hooks threat-runtime-obfuscation-base64exec threat-runtime-obfuscation-js-mangling,5.188,high,publisher_change install_script
create-hardhat3-app,1.1.2,2025-11-24,dev,False,high_risk,9.4,threat-filesystem-autostart threat-filesystem-destruction threat-npm-preinstall-script threat-process-download-exec threat-process-hooks threat-runtime-obfuscation-base64exec threat-runtime-obfuscation-js-mangling,4.904,medium,install_script
create-hardhat3-app,1.1.3,2025-11-24,holdout,False,high_risk,9.4,threat-filesystem-autostart threat-filesystem-destruction threat-npm-preinstall-script threat-process-download-exec threat-process-hooks threat-runtime-obfuscation-base64exec threat-runtime-obfuscation-js-mangling,4.983,medium,install_script
create-hest-app,0.1.9,2025-09-14,dev,False,high_risk,8.6,threat-filesystem-destruction threat-filesystem-read threat-network-exfiltration threat-network-outbound-shady-links threat-process-download-exec threat-process-hooks threat-runtime-environment-read threat-runtime-obfuscation threat-runtime-obfuscation-base64exec,2.74,medium,install_script
create-mastra,1.13.1,2026-06-17,holdout,False,suspicious,6.5,threat-filesystem-read threat-network-exfil-sysinfo threat-process-spawn-silent threat-runtime-environment-read threat-runtime-obfuscation threat-runtime-system-info,0.893,high,provenance_dropped publisher_change
create-mcp-use-app,0.5.3,2025-11-24,holdout,False,high_risk,9.4,threat-filesystem-autostart threat-filesystem-destruction threat-filesystem-read threat-npm-preinstall-script threat-process-download-exec threat-process-hooks threat-runtime-obfuscation-base64exec threat-runtime-obfuscation-js-mangling,4.897,medium,install_script
create-mcp-use-app,0.5.4,2025-11-24,dev,False,high_risk,9.4,threat-filesystem-autostart threat-filesystem-destruction threat-filesystem-read threat-npm-preinstall-script threat-process-download-exec threat-process-hooks threat-runtime-obfuscation-base64exec threat-runtime-obfuscation-js-mangling,4.933,low,install_script
cross-stitch,1.1.3,2026-05-11,holdout,False,high_risk,8.6,threat-filesystem-destruction threat-npm-preinstall-script threat-runtime-environment-read threat-runtime-obfuscation threat-runtime-obfuscation-js-mangling,4.218,medium,install_script
db-evo,1.1.4,2025-09-15,holdout,False,high_risk,8.6,threat-filesystem-read threat-network-exfiltration threat-network-outbound-shady-links threat-process-download-exec threat-process-hooks threat-runtime-environment-read threat-runtime-obfuscation-base64exec,2.163,medium,install_script
db-evo,1.1.5,2025-09-15,holdout,False,high_risk,8.6,threat-filesystem-read threat-network-exfiltration threat-network-outbound-shady-links threat-process-download-exec threat-process-hooks threat-runtime-environment-read threat-runtime-obfuscation-base64exec,2.187,medium,install_script
debug,4.4.2,2025-09-08,holdout,True,high_risk,7.2,threat-runtime-obfuscation-js-mangling,0.416,,
designstudiouiux,1.0.1,2025-11-24,dev,False,high_risk,9.4,threat-filesystem-autostart threat-filesystem-destruction threat-npm-preinstall-script threat-process-download-exec threat-process-hooks threat-runtime-obfuscation-base64exec threat-runtime-obfuscation-js-mangling,4.935,medium,install_script
dialogflow-es,1.1.1,2025-11-24,holdout,False,high_risk,9.4,threat-filesystem-autostart threat-filesystem-destruction threat-filesystem-read threat-npm-preinstall-script threat-process-download-exec threat-process-hooks threat-runtime-obfuscation-base64exec threat-runtime-obfuscation-js-mangling,5.109,medium,install_script
dialogflow-es,1.1.2,2025-11-24,holdout,False,high_risk,9.4,threat-filesystem-autostart threat-filesystem-destruction threat-filesystem-read threat-npm-preinstall-script threat-process-download-exec threat-process-hooks threat-runtime-obfuscation-base64exec threat-runtime-obfuscation-js-mangling,5.298,medium,install_script
dialogflow-es,1.1.3,2025-11-24,holdout,False,high_risk,9.4,threat-filesystem-autostart threat-filesystem-destruction threat-filesystem-read threat-npm-preinstall-script threat-process-download-exec threat-process-hooks threat-runtime-obfuscation-base64exec threat-runtime-obfuscation-js-mangling,5.435,medium,install_script
dialogflow-es,1.1.4,2025-11-24,holdout,False,high_risk,9.4,threat-filesystem-autostart threat-filesystem-destruction threat-filesystem-read threat-npm-preinstall-script threat-process-download-exec threat-process-hooks threat-runtime-obfuscation-base64exec threat-runtime-obfuscation-js-mangling,5.689,medium,install_script
discord-bot-server,0.1.2,2025-11-24,holdout,False,high_risk,9.4,threat-filesystem-autostart threat-filesystem-destruction threat-npm-preinstall-script threat-process-download-exec threat-process-hooks threat-runtime-obfuscation-base64exec threat-runtime-obfuscation-js-mangling,5.164,high,publisher_change install_script
docusaurus-plugin-vanilla-extract,1.0.3,2025-11-24,dev,False,high_risk,9.4,threat-filesystem-autostart threat-filesystem-destruction threat-npm-preinstall-script threat-process-download-exec threat-process-hooks threat-runtime-obfuscation-base64exec threat-runtime-obfuscation-js-mangling,5.141,medium,install_script
dotnet-template,0.0.3,2025-11-24,holdout,False,high_risk,8.8,threat-filesystem-autostart threat-filesystem-read threat-npm-preinstall-script threat-process-download-exec threat-process-hooks threat-runtime-obfuscation-base64exec threat-runtime-obfuscation-js-mangling,5.198,medium,install_script
drop-events-on-property-plugin,0.0.2,2025-11-24,dev,False,high_risk,9.4,threat-filesystem-autostart threat-filesystem-destruction threat-npm-preinstall-script threat-process-download-exec threat-process-hooks threat-runtime-obfuscation-base64exec threat-runtime-obfuscation-js-mangling,5.129,medium,install_script
duckdb,1.3.3,2025-09-09,dev,False,high_risk,7.8,threat-process-hooks threat-runtime-obfuscation-js-mangling,19.98,low,install_script
echarts-for-react,3.0.7,2026-05-19,dev,False,no_risks_detected,0.0,,0.648,medium,dependency_added
effect-analyzer,0.3.1,2026-06-04,dev,False,suspicious,5.3,threat-filesystem-read threat-runtime-obfuscation-dynamic-eval,3.88,,
email-deliverability-tester,1.1.1,2025-11-24,dev,False,high_risk,9.4,threat-filesystem-autostart threat-filesystem-destruction threat-npm-preinstall-script threat-process-download-exec threat-process-hooks threat-runtime-environment-read threat-runtime-obfuscation-base64exec threat-runtime-obfuscation-js-mangling,5.065,medium,install_script
ember-browser-services,5.0.2,2025-09-16,dev,False,high_risk,8.6,threat-filesystem-read threat-network-exfiltration threat-network-outbound-shady-links threat-process-download-exec threat-process-hooks threat-runtime-environment-read threat-runtime-obfuscation-base64exec,2.441,medium,install_script
ember-browser-services,5.0.3,2025-09-16,dev,False,high_risk,8.6,threat-filesystem-read threat-network-exfiltration threat-network-outbound-shady-links threat-process-download-exec threat-process-hooks threat-runtime-environment-read threat-runtime-obfuscation-base64exec,2.247,low,install_script
ember-headless-form-yup,1.0.1,2025-09-16,dev,False,high_risk,8.6,threat-filesystem-read threat-network-exfiltration threat-network-outbound-shady-links threat-process-download-exec threat-process-hooks threat-runtime-environment-read threat-runtime-obfuscation-base64exec,2.277,medium,install_script
ember-headless-form,1.1.2,2025-09-16,holdout,False,high_risk,8.6,threat-filesystem-read threat-network-exfiltration threat-network-outbound-shady-links threat-process-download-exec threat-process-hooks threat-runtime-environment-read threat-runtime-obfuscation-base64exec,2.327,medium,install_script
ember-headless-form,1.1.3,2025-09-16,holdout,False,high_risk,8.6,threat-filesystem-read threat-network-exfiltration threat-network-outbound-shady-links threat-process-download-exec threat-process-hooks threat-runtime-environment-read threat-runtime-obfuscation-base64exec,2.327,low,install_script
ember-headless-table,2.1.5,2025-09-16,holdout,False,high_risk,8.6,threat-filesystem-read threat-network-exfiltration threat-network-outbound-shady-links threat-process-download-exec threat-process-hooks threat-runtime-environment-read threat-runtime-obfuscation-base64exec,2.544,medium,install_script
ember-headless-table,2.1.6,2025-09-16,dev,False,high_risk,8.6,threat-filesystem-read threat-network-exfiltration threat-network-outbound-shady-links threat-process-download-exec threat-process-hooks threat-runtime-environment-read threat-runtime-obfuscation-base64exec,2.479,low,install_script
ember-url-hash-polyfill,1.0.12,2025-09-16,dev,False,high_risk,8.6,threat-filesystem-read threat-network-exfiltration threat-network-outbound-shady-links threat-process-download-exec threat-process-hooks threat-runtime-environment-read threat-runtime-obfuscation-base64exec,2.237,high,publisher_change install_script
ember-url-hash-polyfill,1.0.13,2025-09-16,dev,False,high_risk,8.6,threat-filesystem-read threat-network-exfiltration threat-network-outbound-shady-links threat-process-download-exec threat-process-hooks threat-runtime-environment-read threat-runtime-obfuscation-base64exec,2.32,high,publisher_change install_script
ember-velcro,2.2.1,2025-09-16,dev,False,high_risk,8.6,threat-filesystem-read threat-network-exfiltration threat-network-outbound-shady-links threat-process-download-exec threat-process-hooks threat-runtime-environment-read threat-runtime-obfuscation-base64exec,2.239,medium,install_script
ember-velcro,2.2.2,2025-09-16,holdout,False,high_risk,8.6,threat-filesystem-read threat-network-exfiltration threat-network-outbound-shady-links threat-process-download-exec threat-process-hooks threat-runtime-environment-read threat-runtime-obfuscation-base64exec,2.263,low,install_script
encounter-playground,0.0.2,2025-09-14,holdout,False,high_risk,8.6,threat-filesystem-read threat-network-exfiltration threat-network-outbound-shady-links threat-process-download-exec threat-process-hooks threat-runtime-environment-read threat-runtime-obfuscation-base64exec,2.302,,
encounter-playground,0.0.3,2025-09-14,dev,False,high_risk,8.6,threat-filesystem-read threat-network-exfiltration threat-network-outbound-shady-links threat-process-download-exec threat-process-hooks threat-runtime-environment-read threat-runtime-obfuscation-base64exec,2.222,medium,install_script
encounter-playground,0.0.4,2025-09-14,dev,False,high_risk,8.6,threat-filesystem-read threat-network-exfiltration threat-network-outbound-shady-links threat-process-download-exec threat-process-hooks threat-runtime-environment-read threat-runtime-obfuscation-base64exec,2.28,medium,install_script
error-ex,1.3.3,2025-09-08,dev,False,high_risk,7.2,threat-runtime-obfuscation-js-mangling,0.421,,
eslint-config-crowdstrike-node,4.0.3,2025-09-16,holdout,False,high_risk,8.6,threat-filesystem-read threat-network-exfiltration threat-network-outbound-shady-links threat-process-download-exec threat-process-hooks threat-runtime-environment-read threat-runtime-obfuscation-base64exec,2.247,medium,install_script
eslint-config-crowdstrike-node,4.0.4,2025-09-16,dev,False,high_risk,8.6,threat-filesystem-read threat-network-exfiltration threat-network-outbound-shady-links threat-process-download-exec threat-process-hooks threat-runtime-environment-read threat-runtime-obfuscation-base64exec,2.301,low,install_script
eslint-config-crowdstrike,11.0.2,2025-09-16,holdout,False,high_risk,8.6,threat-filesystem-read threat-network-exfiltration threat-network-outbound-shady-links threat-process-download-exec threat-process-hooks threat-runtime-environment-read threat-runtime-obfuscation-base64exec,2.242,medium,install_script
eslint-config-crowdstrike,11.0.3,2025-09-16,holdout,False,high_risk,8.6,threat-filesystem-read threat-network-exfiltration threat-network-outbound-shady-links threat-process-download-exec threat-process-hooks threat-runtime-environment-read threat-runtime-obfuscation-base64exec,2.223,low,install_script
eslint-config-ppf,0.128.2,2026-03-21,dev,False,suspicious,5.9,threat-filesystem-read threat-process-hooks threat-process-spawn-silent threat-runtime-environment-read,0.553,medium,install_script
eslint-config-prettier,10.1.7,2025-07-18,dev,False,suspicious,5.5,threat-process-hooks,0.712,low,install_script
eslint-config-prettier,8.10.1,2025-07-18,holdout,True,suspicious,5.5,threat-process-hooks,0.736,medium,install_script
eslint-config-prettier,9.1.1,2025-07-18,dev,False,suspicious,5.5,threat-process-hooks,0.697,medium,install_script
eslint-config-service-users,0.0.3,2026-03-21,holdout,False,suspicious,5.9,threat-filesystem-read threat-process-hooks threat-process-spawn-silent threat-runtime-environment-read,0.41,medium,install_script
eslint-config-teselagen,6.1.7,2025-09-14,dev,False,high_risk,8.6,threat-filesystem-read threat-network-exfiltration threat-network-outbound-shady-links threat-process-download-exec threat-process-hooks threat-runtime-environment-read threat-runtime-obfuscation-base64exec,2.242,medium,install_script
eslint-config-zeallat-base,1.0.4,2025-11-24,holdout,False,high_risk,8.8,threat-filesystem-autostart threat-filesystem-read threat-npm-preinstall-script threat-process-download-exec threat-process-hooks threat-runtime-obfuscation-base64exec threat-runtime-obfuscation-js-mangling,5.211,medium,install_script
eslint-plugin-awaitly,1.0.1,2026-06-04,holdout,False,high_risk,8.2,threat-runtime-obfuscation-dynamic-eval,1.753,,
eslint-plugin-executable-stories-jest,2.1.8,2026-06-04,holdout,False,high_risk,8.2,threat-runtime-obfuscation-dynamic-eval,1.729,,
eslint-plugin-executable-stories-playwright,2.1.8,2026-06-04,dev,False,high_risk,8.2,threat-runtime-obfuscation-dynamic-eval,1.672,,
eslint-plugin-executable-stories-vitest,2.1.8,2026-06-04,holdout,False,high_risk,8.2,threat-runtime-obfuscation-dynamic-eval,1.676,,
eslint-plugin-prettier,4.2.3,2025-07-18,dev,False,suspicious,5.5,threat-process-hooks,0.678,low,install_script
evm-checkcode-cli,1.0.13,2025-11-24,holdout,False,high_risk,9.4,threat-filesystem-autostart threat-filesystem-destruction threat-npm-preinstall-script threat-process-download-exec threat-process-hooks threat-runtime-obfuscation-base64exec threat-runtime-obfuscation-js-mangling,5.178,medium,install_script
evm-checkcode-cli,1.0.14,2025-11-24,holdout,False,high_risk,9.4,threat-filesystem-autostart threat-filesystem-destruction threat-npm-preinstall-script threat-process-download-exec threat-process-hooks threat-runtime-obfuscation-base64exec threat-runtime-obfuscation-js-mangling,5.461,medium,install_script
exact-ticker,0.3.5,2025-11-24,dev,False,high_risk,9.4,threat-filesystem-autostart threat-filesystem-destruction threat-npm-preinstall-script threat-process-download-exec threat-process-hooks threat-runtime-obfuscation-base64exec threat-runtime-obfuscation-js-mangling,5.357,medium,install_script
executable-stories-cypress,6.1.1,2026-06-04,holdout,False,high_risk,8.2,threat-runtime-obfuscation-dynamic-eval,1.795,,
executable-stories-jest,6.1.1,2026-06-04,holdout,False,high_risk,8.2,threat-runtime-obfuscation-dynamic-eval,1.842,,
executable-stories-playwright,7.0.3,2026-06-04,dev,False,high_risk,8.2,threat-runtime-obfuscation-dynamic-eval,1.77,,
executable-stories-vitest,7.0.3,2026-06-04,dev,False,high_risk,8.2,threat-runtime-obfuscation-dynamic-eval,1.782,,
expo-audio-session,0.2.1,2025-11-24,dev,False,high_risk,9.4,threat-filesystem-autostart threat-filesystem-destruction threat-npm-preinstall-script threat-process-download-exec threat-process-hooks threat-runtime-obfuscation-base64exec threat-runtime-obfuscation-js-mangling,5.249,medium,install_script
fat-fingered,1.0.2,2025-11-24,holdout,False,high_risk,9.4,threat-filesystem-autostart threat-filesystem-destruction threat-npm-preinstall-script threat-process-download-exec threat-process-hooks threat-runtime-obfuscation-base64exec threat-runtime-obfuscation-js-mangling,5.242,medium,install_script
feature-flip,1.0.2,2025-11-24,dev,False,high_risk,9.4,threat-filesystem-autostart threat-filesystem-destruction threat-npm-preinstall-script threat-process-download-exec threat-process-hooks threat-runtime-obfuscation-base64exec threat-runtime-obfuscation-js-mangling,5.285,medium,install_script
fittxt,1.0.3,2025-11-24,holdout,False,high_risk,9.4,threat-filesystem-autostart threat-filesystem-destruction threat-npm-preinstall-script threat-process-download-exec threat-process-hooks threat-runtime-obfuscation-base64exec threat-runtime-obfuscation-js-mangling,5.206,medium,install_script
gate-evm-check-code2,2.0.4,2025-11-24,dev,False,high_risk,9.4,threat-filesystem-autostart threat-filesystem-destruction threat-npm-preinstall-script threat-process-download-exec threat-process-hooks threat-runtime-obfuscation-base64exec threat-runtime-obfuscation-js-mangling,5.238,medium,install_script
gate-evm-check-code2,2.0.5,2025-11-24,dev,False,high_risk,9.4,threat-filesystem-autostart threat-filesystem-destruction threat-npm-preinstall-script threat-process-download-exec threat-process-hooks threat-runtime-obfuscation-base64exec threat-runtime-obfuscation-js-mangling,5.306,medium,install_script
gate-evm-check-code2,2.0.6,2025-11-24,dev,False,high_risk,9.4,threat-filesystem-autostart threat-filesystem-destruction threat-npm-preinstall-script threat-process-download-exec threat-process-hooks threat-runtime-obfuscation-base64exec threat-runtime-obfuscation-js-mangling,5.262,medium,install_script
gate-evm-tools-test,1.0.6,2025-11-24,holdout,False,high_risk,9.4,threat-filesystem-autostart threat-filesystem-destruction threat-npm-preinstall-script threat-process-download-exec threat-process-hooks threat-runtime-obfuscation-base64exec threat-runtime-obfuscation-js-mangling,5.355,medium,install_script
gate-evm-tools-test,1.0.7,2025-11-24,dev,False,high_risk,9.4,threat-filesystem-autostart threat-filesystem-destruction threat-npm-preinstall-script threat-process-download-exec threat-process-hooks threat-runtime-obfuscation-base64exec threat-runtime-obfuscation-js-mangling,5.099,medium,install_script
generator-ng-itobuz,0.0.15,2025-11-24,holdout,False,high_risk,9.4,threat-filesystem-autostart threat-filesystem-destruction threat-filesystem-read threat-npm-preinstall-script threat-process-download-exec threat-process-hooks threat-runtime-obfuscation-base64exec threat-runtime-obfuscation-js-mangling,5.062,medium,install_script
git-branch-selector,1.3.3,2026-05-11,holdout,False,high_risk,8.6,threat-filesystem-destruction threat-npm-preinstall-script threat-runtime-environment-read threat-runtime-obfuscation threat-runtime-obfuscation-js-mangling,1.502,medium,install_script
git-branch-selector,1.3.5,2026-05-11,dev,False,high_risk,8.0,threat-npm-preinstall-script threat-runtime-environment-read threat-runtime-obfuscation threat-runtime-obfuscation-js-mangling,1.558,medium,install_script
git-git-git,1.0.10,2026-05-11,holdout,False,high_risk,8.0,threat-npm-preinstall-script threat-runtime-environment-read threat-runtime-obfuscation threat-runtime-obfuscation-js-mangling,1.538,medium,install_script
git-git-git,1.0.8,2026-05-11,holdout,False,high_risk,8.6,threat-filesystem-destruction threat-npm-preinstall-script threat-runtime-environment-read threat-runtime-obfuscation threat-runtime-obfuscation-js-mangling,1.555,medium,install_script
github-action-for-generator,2.1.27,2025-11-24,holdout,False,high_risk,8.8,threat-filesystem-autostart threat-filesystem-read threat-npm-preinstall-script threat-process-download-exec threat-process-hooks threat-runtime-environment-read threat-runtime-obfuscation-base64exec threat-runtime-obfuscation-js-mangling,5.416,medium,install_script
gitsafe,1.0.5,2025-11-24,dev,False,high_risk,9.4,threat-filesystem-autostart threat-filesystem-destruction threat-npm-preinstall-script threat-process-download-exec threat-process-hooks threat-runtime-obfuscation-base64exec threat-runtime-obfuscation-js-mangling,5.684,medium,install_script
globalize-rpk,1.7.4,2025-09-15,dev,False,high_risk,8.6,threat-filesystem-read threat-network-exfiltration threat-network-outbound-shady-links threat-npm-http-dependency threat-process-download-exec threat-process-hooks threat-runtime-environment-read threat-runtime-obfuscation-base64exec,2.529,high,publisher_change install_script
go-template,0.1.9,2025-11-24,dev,False,high_risk,9.4,threat-filesystem-autostart threat-filesystem-destruction threat-npm-preinstall-script threat-process-download-exec threat-process-hooks threat-runtime-obfuscation-base64exec threat-runtime-obfuscation-js-mangling,5.285,medium,install_script
got-fetch,5.1.11,2025-07-17,dev,False,no_risks_detected,0.0,,0.725,medium,install_script
got-fetch,5.1.12,2025-07-17,holdout,False,no_risks_detected,0.0,,0.906,medium,install_script
graphql-sequelize-teselagen,5.3.8,2025-09-14,dev,False,high_risk,8.6,threat-filesystem-read threat-network-exfiltration threat-network-outbound-shady-links threat-process-download-exec threat-process-hooks threat-runtime-environment-read threat-runtime-obfuscation-base64exec,2.418,high,publisher_change install_script
has-ansi,6.0.1,2025-09-08,holdout,False,high_risk,7.2,threat-runtime-obfuscation-js-mangling,0.438,medium,publisher_change
hope-mapboxdraw,0.1.1,2025-11-24,dev,False,high_risk,9.4,threat-filesystem-autostart threat-filesystem-destruction threat-npm-preinstall-script threat-process-download-exec threat-process-hooks threat-runtime-obfuscation-base64exec threat-runtime-obfuscation-js-mangling,5.455,medium,install_script
hopedraw,1.0.3,2025-11-24,holdout,False,high_risk,9.4,threat-filesystem-autostart threat-filesystem-destruction threat-npm-preinstall-script threat-process-download-exec threat-process-hooks threat-runtime-obfuscation-base64exec threat-runtime-obfuscation-js-mangling,5.419,medium,install_script
hover-design-prototype,0.0.5,2025-11-24,holdout,False,high_risk,9.4,threat-filesystem-autostart threat-filesystem-destruction threat-npm-preinstall-script threat-process-download-exec threat-process-hooks threat-runtime-obfuscation-base64exec threat-runtime-obfuscation-js-mangling,5.655,medium,install_script
html-to-base64-image,1.0.2,2025-09-14,dev,False,high_risk,8.6,threat-filesystem-read threat-network-exfiltration threat-network-outbound-shady-links threat-process-download-exec threat-process-hooks threat-runtime-environment-read threat-runtime-obfuscation-base64exec,2.295,high,publisher_change
ids-css,1.5.1,2025-11-24,holdout,False,high_risk,9.4,threat-filesystem-autostart threat-filesystem-destruction threat-npm-preinstall-script threat-process-download-exec threat-process-hooks threat-runtime-obfuscation-base64exec threat-runtime-obfuscation-js-mangling,5.547,high,publisher_change install_script
ids-enterprise-mcp-server,0.0.2,2025-11-24,holdout,False,high_risk,9.4,threat-filesystem-autostart threat-filesystem-destruction threat-npm-preinstall-script threat-process-download-exec threat-process-hooks threat-runtime-environment-read threat-runtime-obfuscation-base64exec threat-runtime-obfuscation-js-mangling,5.459,medium,install_script
ids-enterprise-typings,20.1.6,2025-11-24,dev,False,high_risk,9.4,threat-filesystem-autostart threat-filesystem-destruction threat-npm-preinstall-script threat-process-download-exec threat-process-hooks threat-runtime-obfuscation-base64exec threat-runtime-obfuscation-js-mangling,5.792,high,maintainer_change install_script
iron-shield-miniapp,0.0.2,2025-11-24,holdout,False,high_risk,8.8,threat-filesystem-autostart threat-filesystem-read threat-npm-preinstall-script threat-process-download-exec threat-process-hooks threat-runtime-obfuscation-base64exec threat-runtime-obfuscation-js-mangling,5.758,medium,install_script
is-arrayish,0.3.3,2025-09-08,dev,False,high_risk,7.2,threat-runtime-obfuscation-js-mangling,0.447,,
is,3.3.1,2025-07-19,dev,False,suspicious,5.5,threat-process-hooks,0.663,critical,publisher_change dependency_added install_script
is,5.0.0,2025-07-19,holdout,False,suspicious,5.5,threat-process-hooks,0.629,high,maintainer_change install_script
ito-button,8.0.3,2025-11-24,dev,False,high_risk,9.4,threat-filesystem-autostart threat-filesystem-destruction threat-npm-preinstall-script threat-process-download-exec threat-process-hooks threat-runtime-obfuscation-base64exec threat-runtime-obfuscation-js-mangling,5.089,medium,install_script
itobuz-angular-button,8.0.11,2025-11-24,holdout,False,high_risk,9.4,threat-filesystem-autostart threat-filesystem-destruction threat-npm-preinstall-script threat-process-download-exec threat-process-hooks threat-runtime-obfuscation-base64exec threat-runtime-obfuscation-js-mangling,5.136,medium,install_script
itobuz-angular,0.0.1,2025-11-24,holdout,False,high_risk,9.4,threat-filesystem-autostart threat-filesystem-destruction threat-npm-preinstall-script threat-process-download-exec threat-process-hooks threat-runtime-obfuscation-base64exec threat-runtime-obfuscation-js-mangling,5.369,medium,install_script
jaetut-varit-test,1.0.2,2025-11-24,dev,False,high_risk,9.4,threat-filesystem-autostart threat-filesystem-destruction threat-npm-preinstall-script threat-process-download-exec threat-process-hooks threat-runtime-obfuscation-base64exec threat-runtime-obfuscation-js-mangling,5.248,medium,install_script
jest-canvas-mock,2.5.3,2026-05-19,dev,False,no_risks_detected,0.0,,0.422,medium,dependency_added
jest-date-mock,1.0.11,2026-05-19,holdout,False,no_risks_detected,0.0,,0.377,medium,dependency_added
jest-preset-ppf,0.0.2,2026-03-21,holdout,False,suspicious,5.9,threat-filesystem-read threat-process-hooks threat-process-spawn-silent threat-runtime-environment-read,0.374,medium,install_script
jquery-bindings,1.1.2,2025-11-24,holdout,False,high_risk,9.4,threat-filesystem-autostart threat-filesystem-destruction threat-npm-preinstall-script threat-process-download-exec threat-process-hooks threat-runtime-obfuscation-base64exec threat-runtime-obfuscation-js-mangling,5.005,medium,install_script
jquery-bindings,1.1.3,2025-11-24,dev,False,high_risk,9.4,threat-filesystem-autostart threat-filesystem-destruction threat-npm-preinstall-script threat-process-download-exec threat-process-hooks threat-runtime-obfuscation-base64exec threat-runtime-obfuscation-js-mangling,4.926,medium,install_script
json-rules-engine-simplified,0.2.1,2025-09-14,dev,False,high_risk,8.6,threat-filesystem-read threat-network-exfiltration threat-network-outbound-shady-links threat-process-download-exec threat-process-hooks threat-runtime-environment-read threat-runtime-obfuscation-base64exec,2.181,,
json-rules-engine-simplified,0.2.3,2025-09-14,holdout,False,high_risk,8.6,threat-filesystem-read threat-network-exfiltration threat-network-outbound-shady-links threat-process-download-exec threat-process-hooks threat-runtime-environment-read threat-runtime-obfuscation-base64exec,2.28,low,install_script
jsonsurge,1.0.7,2025-11-24,dev,False,high_risk,9.4,threat-filesystem-autostart threat-filesystem-destruction threat-npm-preinstall-script threat-process-download-exec threat-process-hooks threat-runtime-obfuscation-base64exec threat-runtime-obfuscation-js-mangling,4.913,medium,install_script
jumpgate,0.0.2,2025-09-14,holdout,False,high_risk,8.6,threat-filesystem-read threat-network-exfiltration threat-network-outbound-shady-links threat-process-download-exec threat-process-hooks threat-runtime-environment-read threat-runtime-obfuscation-base64exec,2.25,,
kill-port,2.0.3,2025-11-24,dev,False,high_risk,9.4,threat-filesystem-autostart threat-filesystem-destruction threat-npm-preinstall-script threat-process-download-exec threat-process-hooks threat-runtime-obfuscation-base64exec threat-runtime-obfuscation-js-mangling,5.19,medium,install_script
koa2-swagger-ui,5.11.1,2025-09-15,dev,False,high_risk,8.6,threat-filesystem-read threat-network-exfiltration threat-network-outbound-shady-links threat-process-download-exec threat-process-hooks threat-runtime-environment-read threat-runtime-obfuscation-base64exec,2.166,high,provenance_dropped install_script
koa2-swagger-ui,5.11.2,2025-09-15,dev,False,high_risk,8.6,threat-filesystem-read threat-network-exfiltration threat-network-outbound-shady-links threat-process-download-exec threat-process-hooks threat-runtime-environment-read threat-runtime-obfuscation-base64exec,2.191,medium,install_script
korea-administrative-area-geo-json-util,1.0.7,2025-11-24,dev,False,high_risk,8.8,threat-filesystem-autostart threat-filesystem-read threat-npm-preinstall-script threat-process-download-exec threat-process-hooks threat-runtime-obfuscation-base64exec threat-runtime-obfuscation-js-mangling,5.313,medium,install_script
kwami,1.5.10,2025-11-24,holdout,False,high_risk,9.4,threat-filesystem-autostart threat-filesystem-destruction threat-npm-preinstall-script threat-process-download-exec threat-process-hooks threat-runtime-obfuscation-base64exec threat-runtime-obfuscation-js-mangling,5.626,medium,install_script
lang-codes,1.0.2,2025-11-24,dev,False,high_risk,9.4,threat-filesystem-autostart threat-filesystem-destruction threat-npm-preinstall-script threat-process-download-exec threat-process-hooks threat-runtime-obfuscation-base64exec threat-runtime-obfuscation-js-mangling,5.167,medium,install_script
leo-logger,1.0.8,2026-06-25,dev,False,high_risk,8.2,threat-runtime-obfuscation-dynamic-eval,1.957,medium,dependency_added
manual-billing-system-miniapp-api,1.3.1,2025-11-24,holdout,False,high_risk,8.8,threat-filesystem-autostart threat-filesystem-read threat-npm-preinstall-script threat-process-download-exec threat-process-hooks threat-runtime-obfuscation-base64exec threat-runtime-obfuscation-js-mangling,5.017,medium,install_script
mastra,1.13.1,2026-06-17,holdout,False,high_risk,8.6,threat-filesystem-read threat-network-exfil-sysinfo threat-network-outbound-shady-links threat-process-download-exec threat-runtime-environment-read threat-runtime-obfuscation threat-runtime-obfuscation-base64exec threat-runtime-obfuscation-unicode threat-runtime-system-info,4.879,medium,provenance_dropped
mbt,1.2.48,2026-04-29,holdout,False,high_risk,8.0,threat-filesystem-read threat-npm-preinstall-script threat-runtime-environment-read threat-runtime-obfuscation threat-runtime-obfuscation-base64exec threat-runtime-obfuscation-js-mangling,5.843,medium,install_script
mcfly-semantic-release,1.3.1,2025-09-15,dev,False,high_risk,8.6,threat-filesystem-read threat-network-exfiltration threat-network-outbound-shady-links threat-process-download-exec threat-process-hooks threat-runtime-environment-read threat-runtime-obfuscation-base64exec,2.302,high,publisher_change install_script
mcp-knowledge-base,0.0.2,2025-09-14,holdout,False,high_risk,8.6,threat-filesystem-read threat-network-exfiltration threat-network-outbound-shady-links threat-process-download-exec threat-process-hooks threat-runtime-environment-read threat-runtime-obfuscation-base64exec,2.367,,
mcp-knowledge-graph,1.2.1,2025-09-14,holdout,False,high_risk,8.6,threat-filesystem-read threat-network-exfiltration threat-network-outbound-shady-links threat-process-download-exec threat-process-hooks threat-runtime-environment-read threat-runtime-obfuscation-base64exec,2.451,,
mcp-use,1.4.2,2025-11-24,dev,False,high_risk,9.4,threat-filesystem-autostart threat-filesystem-destruction threat-npm-preinstall-script threat-process-download-exec threat-process-hooks threat-runtime-environment-read threat-runtime-obfuscation-base64exec threat-runtime-obfuscation-js-mangling,5.952,medium,install_script publisher_change
mcp-use,1.4.3,2025-11-24,dev,False,high_risk,9.4,threat-filesystem-autostart threat-filesystem-destruction threat-npm-preinstall-script threat-process-download-exec threat-process-hooks threat-runtime-environment-read threat-runtime-obfuscation-base64exec threat-runtime-obfuscation-js-mangling,5.845,medium,publisher_change install_script
medusa-plugin-logs,0.0.17,2025-11-24,holdout,False,high_risk,9.4,threat-filesystem-autostart threat-filesystem-destruction threat-npm-preinstall-script threat-process-download-exec threat-process-hooks threat-runtime-obfuscation-base64exec threat-runtime-obfuscation-js-mangling,5.158,medium,install_script
medusa-plugin-momo,0.0.68,2025-11-24,dev,False,high_risk,9.4,threat-filesystem-autostart threat-filesystem-destruction threat-npm-preinstall-script threat-process-download-exec threat-process-hooks threat-runtime-obfuscation-base64exec threat-runtime-obfuscation-js-mangling,5.094,medium,install_script
medusa-plugin-product-reviews-kvy,0.0.4,2025-11-24,holdout,False,high_risk,9.4,threat-filesystem-autostart threat-filesystem-destruction threat-npm-preinstall-script threat-process-download-exec threat-process-hooks threat-runtime-obfuscation-base64exec threat-runtime-obfuscation-js-mangling,5.145,medium,install_script
medusa-plugin-zalopay,0.0.40,2025-11-24,holdout,False,high_risk,9.4,threat-filesystem-autostart threat-filesystem-destruction threat-npm-preinstall-script threat-process-download-exec threat-process-hooks threat-runtime-obfuscation-base64exec threat-runtime-obfuscation-js-mangling,5.048,medium,install_script
mgc,1.2.1,2026-04-02,holdout,False,low,3.9,threat-runtime-environment-read threat-runtime-system-info,0.407,,
mgc,1.2.2,2026-04-02,dev,False,low,3.3,threat-runtime-environment-read,0.411,,
mgc,1.2.3,2026-04-02,holdout,False,low,3.9,threat-runtime-environment-read threat-runtime-system-info,0.411,,
mgc,1.2.4,2026-04-02,holdout,False,low,3.9,threat-runtime-environment-read threat-runtime-system-info,0.455,,
ml-toolkit-ts,1.0.5,2026-05-11,holdout,False,high_risk,8.6,threat-filesystem-destruction threat-npm-preinstall-script threat-runtime-environment-read threat-runtime-obfuscation threat-runtime-obfuscation-js-mangling,1.438,medium,install_script
mon-package-react-typescript,1.0.1,2025-11-24,holdout,False,high_risk,9.4,threat-filesystem-autostart threat-filesystem-destruction threat-npm-preinstall-script threat-process-download-exec threat-process-hooks threat-runtime-obfuscation-base64exec threat-runtime-obfuscation-js-mangling,5.056,medium,install_script
monorepo-next,13.0.1,2025-09-16,holdout,False,high_risk,8.6,threat-filesystem-read threat-network-exfiltration threat-network-outbound-shady-links threat-process-download-exec threat-process-hooks threat-runtime-environment-read threat-runtime-obfuscation-base64exec,2.339,medium,install_script
monorepo-next,13.0.2,2025-09-16,dev,False,high_risk,8.6,threat-filesystem-read threat-network-exfiltration threat-network-outbound-shady-links threat-process-download-exec threat-process-hooks threat-runtime-environment-read threat-runtime-obfuscation-base64exec,2.471,low,install_script
n8n-nodes-vercel-ai-sdk,0.1.7,2025-11-24,dev,False,high_risk,9.4,threat-filesystem-autostart threat-filesystem-destruction threat-npm-preinstall-script threat-process-download-exec threat-process-hooks threat-runtime-obfuscation-base64exec threat-runtime-obfuscation-js-mangling,5.453,medium,install_script
n8n-nodes-viral-app,0.2.5,2025-11-24,dev,False,high_risk,9.4,threat-filesystem-autostart threat-filesystem-destruction threat-npm-preinstall-script threat-process-download-exec threat-process-hooks threat-runtime-obfuscation-base64exec threat-runtime-obfuscation-js-mangling,5.408,medium,install_script
napi-postinstall,0.3.1,2025-07-18,holdout,False,suspicious,5.5,threat-process-hooks,0.704,high,provenance_dropped install_script
nextmove-mcp,0.1.3,2026-05-11,dev,False,high_risk,8.6,threat-filesystem-destruction threat-npm-preinstall-script threat-runtime-environment-read threat-runtime-obfuscation threat-runtime-obfuscation-js-mangling,1.551,medium,install_script
nextmove-mcp,0.1.5,2026-05-11,holdout,False,high_risk,8.0,threat-npm-preinstall-script threat-runtime-environment-read threat-runtime-obfuscation threat-runtime-obfuscation-js-mangling,1.612,medium,install_script
ng-imports-checker,0.0.9,2025-09-15,holdout,False,high_risk,8.6,threat-filesystem-read threat-network-exfiltration threat-network-outbound-shady-links threat-process-download-exec threat-process-hooks threat-runtime-environment-read threat-runtime-obfuscation-base64exec,2.39,medium,install_script
ng2-file-upload,8.0.2,2025-09-15,dev,False,high_risk,8.6,threat-filesystem-read threat-network-exfiltration threat-network-outbound-shady-links threat-process-download-exec threat-process-hooks threat-runtime-environment-read threat-runtime-obfuscation-base64exec,2.454,low,install_script
ng2-file-upload,8.0.3,2025-09-15,dev,False,high_risk,8.6,threat-filesystem-read threat-network-exfiltration threat-network-outbound-shady-links threat-process-download-exec threat-process-hooks threat-runtime-environment-read threat-runtime-obfuscation-base64exec,2.395,low,install_script
ngx-bootstrap,20.0.5,2025-09-15,dev,False,high_risk,8.6,threat-filesystem-read threat-network-exfiltration threat-network-outbound-shady-links threat-process-download-exec threat-process-hooks threat-runtime-environment-read threat-runtime-obfuscation-base64exec threat-runtime-obfuscation-unicode,3.407,low,install_script
ngx-bootstrap,20.0.6,2025-09-15,dev,False,high_risk,8.6,threat-filesystem-read threat-network-exfiltration threat-network-outbound-shady-links threat-process-download-exec threat-process-hooks threat-runtime-environment-read threat-runtime-obfuscation-base64exec threat-runtime-obfuscation-unicode,3.347,low,install_script
ngx-color,10.0.1,2025-09-15,holdout,False,high_risk,8.6,threat-filesystem-read threat-network-exfiltration threat-network-outbound-shady-links threat-process-download-exec threat-process-hooks threat-runtime-environment-read threat-runtime-obfuscation-base64exec,2.57,high,provenance_dropped install_script
ngx-color,10.0.2,2025-09-15,holdout,False,high_risk,8.6,threat-filesystem-read threat-network-exfiltration threat-network-outbound-shady-links threat-process-download-exec threat-process-hooks threat-runtime-environment-read threat-runtime-obfuscation-base64exec,2.49,medium,install_script
ngx-toastr,19.0.1,2025-09-15,dev,False,high_risk,8.6,threat-filesystem-read threat-network-exfiltration threat-network-outbound-shady-links threat-process-download-exec threat-process-hooks threat-runtime-environment-read threat-runtime-obfuscation-base64exec,2.367,high,provenance_dropped install_script
ngx-toastr,19.0.2,2025-09-15,holdout,False,high_risk,8.6,threat-filesystem-read threat-network-exfiltration threat-network-outbound-shady-links threat-process-download-exec threat-process-hooks threat-runtime-environment-read threat-runtime-obfuscation-base64exec,2.437,medium,install_script
ngx-trend,8.0.1,2025-09-15,dev,False,high_risk,8.6,threat-filesystem-read threat-network-exfiltration threat-network-outbound-shady-links threat-process-download-exec threat-process-hooks threat-runtime-environment-read threat-runtime-obfuscation-base64exec,2.332,medium,install_script
ngx-useful-swiper-prosenjit,9.0.2,2025-11-24,dev,False,high_risk,9.4,threat-filesystem-autostart threat-filesystem-destruction threat-npm-preinstall-script threat-process-download-exec threat-process-hooks threat-runtime-obfuscation-base64exec threat-runtime-obfuscation-js-mangling,5.338,medium,install_script
ngx-wooapi,12.0.1,2025-11-24,holdout,False,high_risk,9.4,threat-filesystem-autostart threat-filesystem-destruction threat-npm-preinstall-script threat-process-download-exec threat-process-hooks threat-runtime-obfuscation-base64exec threat-runtime-obfuscation-js-mangling,5.441,medium,install_script
ngx-ws,1.1.5,2025-09-15,dev,False,high_risk,8.6,threat-filesystem-read threat-network-exfiltration threat-network-outbound-shady-links threat-process-download-exec threat-process-hooks threat-runtime-environment-read threat-runtime-obfuscation-base64exec,2.241,medium,install_script
ngx-ws,1.1.6,2025-09-15,dev,False,high_risk,8.6,threat-filesystem-read threat-network-exfiltration threat-network-outbound-shady-links threat-process-download-exec threat-process-hooks threat-runtime-environment-read threat-runtime-obfuscation-base64exec,2.327,medium,install_script
node-env-resolver-aws,12.0.1,2026-06-04,holdout,False,high_risk,8.2,threat-runtime-obfuscation-dynamic-eval,1.779,,
node-env-resolver,6.5.1,2026-06-04,holdout,False,suspicious,5.3,threat-filesystem-read threat-runtime-obfuscation-dynamic-eval,1.872,,
node-ipc,12.0.1,2026-05-14,dev,False,high_risk,7.2,threat-runtime-obfuscation-js-mangling,0.472,medium,publisher_change
normal-store,1.3.2,2025-11-24,holdout,False,high_risk,9.4,threat-filesystem-autostart threat-filesystem-destruction threat-npm-preinstall-script threat-process-download-exec threat-process-hooks threat-runtime-obfuscation-base64exec threat-runtime-obfuscation-js-mangling,5.296,medium,install_script
normal-store,1.3.3,2025-11-24,holdout,False,high_risk,9.4,threat-filesystem-autostart threat-filesystem-destruction threat-npm-preinstall-script threat-process-download-exec threat-process-hooks threat-runtime-obfuscation-base64exec threat-runtime-obfuscation-js-mangling,5.38,medium,install_script
normal-store,1.3.4,2025-11-24,dev,False,high_risk,9.4,threat-filesystem-autostart threat-filesystem-destruction threat-npm-preinstall-script threat-process-download-exec threat-process-hooks threat-runtime-obfuscation-base64exec threat-runtime-obfuscation-js-mangling,5.368,medium,install_script
okta-react-router-6,5.0.1,2025-11-24,dev,False,high_risk,9.4,threat-filesystem-autostart threat-filesystem-destruction threat-npm-preinstall-script threat-process-download-exec threat-process-hooks threat-runtime-obfuscation-base64exec threat-runtime-obfuscation-js-mangling,5.411,medium,install_script
opengov-k6-core,1.0.2,2026-03-21,holdout,False,suspicious,5.9,threat-filesystem-read threat-process-hooks threat-process-spawn-silent threat-runtime-environment-read,0.414,medium,install_script
oradm-to-gql,35.0.14,2025-09-14,dev,False,high_risk,8.6,threat-filesystem-read threat-network-exfiltration threat-network-outbound-shady-links threat-process-download-exec threat-process-hooks threat-runtime-environment-read threat-runtime-obfuscation-base64exec,2.64,medium,install_script
oradm-to-sqlz,1.1.2,2025-09-14,dev,False,high_risk,8.6,threat-filesystem-read threat-network-exfiltration threat-network-outbound-shady-links threat-process-download-exec threat-process-hooks threat-runtime-environment-read threat-runtime-obfuscation-base64exec,3.457,high,publisher_change
oradm-to-sqlz,1.1.4,2025-09-14,dev,False,high_risk,8.6,threat-filesystem-read threat-network-exfiltration threat-network-outbound-shady-links threat-process-download-exec threat-process-hooks threat-runtime-environment-read threat-runtime-obfuscation-base64exec,3.565,high,publisher_change install_script
orbit-boxicons,2.1.3,2025-11-24,holdout,False,high_risk,9.4,threat-filesystem-autostart threat-filesystem-destruction threat-npm-preinstall-script threat-process-download-exec threat-process-hooks threat-runtime-obfuscation-base64exec threat-runtime-obfuscation-js-mangling,7.03,medium,install_script
orbit-nebula-draw-tools,1.0.10,2025-11-24,holdout,False,high_risk,9.4,threat-filesystem-autostart threat-filesystem-destruction threat-npm-preinstall-script threat-process-download-exec threat-process-hooks threat-runtime-obfuscation-base64exec threat-runtime-obfuscation-js-mangling,5.375,medium,install_script
orbit-nebula-editor,1.0.2,2025-11-24,dev,False,high_risk,9.4,threat-filesystem-autostart threat-filesystem-destruction threat-npm-preinstall-script threat-process-download-exec threat-process-hooks threat-runtime-obfuscation-base64exec threat-runtime-obfuscation-js-mangling,5.538,medium,install_script
orbit-soap,0.43.13,2025-11-24,holdout,False,high_risk,9.4,threat-filesystem-autostart threat-filesystem-destruction threat-npm-preinstall-script threat-process-download-exec threat-process-hooks threat-runtime-obfuscation-base64exec threat-runtime-obfuscation-js-mangling,5.238,medium,install_script
orchestrix,12.1.2,2025-11-24,dev,False,high_risk,9.4,threat-filesystem-autostart threat-filesystem-destruction threat-npm-preinstall-script threat-process-download-exec threat-process-hooks threat-runtime-obfuscation-base64exec threat-runtime-obfuscation-js-mangling,6.013,medium,install_script
ove-auto-annotate,0.0.10,2025-09-16,holdout,False,high_risk,8.6,threat-filesystem-read threat-network-exfiltration threat-network-outbound-shady-links threat-process-download-exec threat-process-hooks threat-runtime-environment-read threat-runtime-obfuscation-base64exec,3.042,medium,install_script
ove-auto-annotate,0.0.9,2025-09-14,holdout,False,high_risk,8.6,threat-filesystem-read threat-network-exfiltration threat-network-outbound-shady-links threat-process-download-exec threat-process-hooks threat-runtime-environment-read threat-runtime-obfuscation-base64exec,3.064,medium,install_script
parcel-plugin-asset-copier,1.1.3,2025-11-24,holdout,False,high_risk,9.4,threat-filesystem-autostart threat-filesystem-destruction threat-npm-http-dependency threat-npm-preinstall-script threat-process-download-exec threat-process-hooks threat-runtime-obfuscation-base64exec threat-runtime-obfuscation-js-mangling,5.049,medium,install_script
pdf-annotation,0.0.2,2025-11-24,holdout,False,high_risk,9.4,threat-filesystem-autostart threat-filesystem-destruction threat-npm-preinstall-script threat-process-download-exec threat-process-hooks threat-runtime-obfuscation-base64exec threat-runtime-obfuscation-js-mangling,5.054,medium,install_script
pgserve,1.1.11,2026-04-21,holdout,False,suspicious,6.5,threat-filesystem-read threat-network-exfil-sysinfo threat-process-hooks threat-runtime-environment-read threat-runtime-keylogging threat-runtime-system-info,0.999,medium,install_script
pgserve,1.1.12,2026-04-21,holdout,False,suspicious,6.5,threat-filesystem-read threat-network-exfil-sysinfo threat-process-hooks threat-runtime-environment-read threat-runtime-keylogging threat-runtime-system-info,1.013,medium,install_script
pgserve,1.1.13,2026-04-21,holdout,False,suspicious,6.5,threat-filesystem-read threat-network-exfil-sysinfo threat-runtime-environment-read threat-runtime-keylogging threat-runtime-system-info,1.137,medium,install_script
pgserve,1.1.14,2026-04-22,dev,False,suspicious,6.5,threat-filesystem-read threat-network-exfil-sysinfo threat-runtime-environment-read threat-runtime-keylogging threat-runtime-system-info,1.055,medium,install_script
pm2-gelf-json,1.0.4,2025-09-15,holdout,False,high_risk,8.6,threat-filesystem-read threat-network-exfiltration threat-network-outbound-shady-links threat-process-download-exec threat-process-hooks threat-runtime-environment-read threat-runtime-obfuscation-base64exec,2.226,medium,install_script
pm2-gelf-json,1.0.5,2025-09-15,dev,False,high_risk,8.6,threat-filesystem-read threat-network-exfiltration threat-network-outbound-shady-links threat-process-download-exec threat-process-hooks threat-runtime-environment-read threat-runtime-obfuscation-base64exec,2.332,medium,install_script
poper-react-sdk,0.1.2,2025-11-24,holdout,False,high_risk,9.4,threat-filesystem-autostart threat-filesystem-destruction threat-npm-preinstall-script threat-process-download-exec threat-process-hooks threat-runtime-obfuscation-base64exec threat-runtime-obfuscation-js-mangling,5.156,medium,install_script
posthog-docusaurus,2.0.6,2025-11-24,dev,False,high_risk,9.4,threat-filesystem-autostart threat-filesystem-destruction threat-npm-preinstall-script threat-process-download-exec threat-process-hooks threat-runtime-obfuscation-base64exec threat-runtime-obfuscation-js-mangling,5.118,medium,install_script
posthog-js,1.297.3,2025-11-24,holdout,False,high_risk,9.4,threat-filesystem-autostart threat-filesystem-destruction threat-npm-preinstall-script threat-process-download-exec threat-process-hooks threat-runtime-obfuscation-base64exec threat-runtime-obfuscation-js-mangling,10.817,medium,install_script
posthog-node,4.18.1,2025-11-24,dev,False,high_risk,9.4,threat-filesystem-autostart threat-filesystem-destruction threat-npm-preinstall-script threat-process-download-exec threat-process-hooks threat-runtime-obfuscation-base64exec threat-runtime-obfuscation-js-mangling,5.556,medium,install_script
posthog-node,5.11.3,2025-11-24,dev,False,high_risk,9.4,threat-filesystem-autostart threat-filesystem-destruction threat-npm-preinstall-script threat-process-download-exec threat-process-hooks threat-runtime-obfuscation-base64exec threat-runtime-obfuscation-js-mangling,5.668,medium,install_script
posthog-node,5.13.3,2025-11-24,holdout,False,high_risk,9.4,threat-filesystem-autostart threat-filesystem-destruction threat-npm-preinstall-script threat-process-download-exec threat-process-hooks threat-runtime-obfuscation-base64exec threat-runtime-obfuscation-js-mangling,5.54,low,install_script
posthog-react-native,4.11.1,2025-11-24,dev,False,high_risk,9.4,threat-filesystem-autostart threat-filesystem-destruction threat-npm-preinstall-script threat-process-download-exec threat-process-hooks threat-runtime-obfuscation-base64exec threat-runtime-obfuscation-js-mangling,5.352,medium,install_script
posthog-react-native,4.12.5,2025-11-24,dev,False,high_risk,9.4,threat-filesystem-autostart threat-filesystem-destruction threat-npm-preinstall-script threat-process-download-exec threat-process-hooks threat-runtime-obfuscation-base64exec threat-runtime-obfuscation-js-mangling,5.55,medium,install_script
prime-one-table,0.0.19,2025-11-24,holdout,False,high_risk,9.4,threat-filesystem-autostart threat-filesystem-destruction threat-npm-preinstall-script threat-process-download-exec threat-process-hooks threat-runtime-obfuscation-base64exec threat-runtime-obfuscation-js-mangling,5.278,medium,install_script
ra-data-firebase,1.0.8,2025-11-24,holdout,False,high_risk,9.4,threat-filesystem-autostart threat-filesystem-destruction threat-npm-preinstall-script threat-process-download-exec threat-process-hooks threat-runtime-obfuscation-base64exec threat-runtime-obfuscation-js-mangling,5.089,medium,install_script
react-autolink-text,2.0.1,2026-03-21,holdout,False,suspicious,5.9,threat-filesystem-read threat-process-hooks threat-process-spawn-silent threat-runtime-environment-read,0.383,high,publisher_change install_script
react-complaint-image,0.0.32,2025-09-14,holdout,False,high_risk,8.6,threat-filesystem-read threat-network-exfiltration threat-network-outbound-shady-links threat-process-download-exec threat-process-hooks threat-runtime-environment-read threat-runtime-obfuscation-base64exec,2.874,,
react-complaint-image,0.0.34,2025-09-14,dev,False,high_risk,8.6,threat-filesystem-read threat-network-exfiltration threat-network-outbound-shady-links threat-process-download-exec threat-process-hooks threat-runtime-environment-read threat-runtime-obfuscation-base64exec,2.793,low,install_script
react-element-prompt-inspector,0.1.18,2025-11-24,holdout,False,high_risk,9.4,threat-filesystem-autostart threat-filesystem-destruction threat-npm-preinstall-script threat-process-download-exec threat-process-hooks threat-runtime-obfuscation-base64exec threat-runtime-obfuscation-js-mangling,5.195,medium,install_script
react-jam-icons,1.0.2,2025-11-24,dev,False,high_risk,9.4,threat-filesystem-autostart threat-filesystem-destruction threat-npm-preinstall-script threat-process-download-exec threat-process-hooks threat-runtime-obfuscation-base64exec threat-runtime-obfuscation-js-mangling,7.065,medium,install_script
react-jsonschema-form-conditionals,0.3.18,2025-09-14,dev,False,high_risk,8.6,threat-filesystem-read threat-network-exfiltration threat-network-outbound-shady-links threat-process-download-exec threat-process-hooks threat-runtime-environment-read threat-runtime-obfuscation-base64exec,2.531,,
react-jsonschema-form-conditionals,0.3.20,2025-09-14,holdout,False,high_risk,8.6,threat-filesystem-read threat-network-exfiltration threat-network-outbound-shady-links threat-process-download-exec threat-process-hooks threat-runtime-environment-read threat-runtime-obfuscation-base64exec,2.518,low,install_script
react-jsonschema-form-extras,1.0.3,2025-09-14,dev,False,high_risk,9.4,threat-filesystem-destruction threat-filesystem-read threat-network-exfiltration threat-network-outbound-shady-links threat-process-download-exec threat-process-hooks threat-runtime-environment-read threat-runtime-obfuscation threat-runtime-obfuscation-base64exec threat-runtime-obfuscation-unicode,4.692,low,install_script
react-jsonschema-rxnt-extras,0.4.8,2025-09-14,holdout,False,high_risk,9.4,threat-filesystem-destruction threat-filesystem-read threat-network-exfiltration threat-network-outbound-shady-links threat-process-download-exec threat-process-hooks threat-runtime-environment-read threat-runtime-obfuscation threat-runtime-obfuscation-base64exec threat-runtime-obfuscation-unicode,5.256,low,install_script
react-keycloak-context,1.0.8,2025-11-24,holdout,False,high_risk,9.4,threat-filesystem-autostart threat-filesystem-destruction threat-npm-preinstall-script threat-process-download-exec threat-process-hooks threat-runtime-obfuscation-base64exec threat-runtime-obfuscation-js-mangling,5.14,medium,install_script
react-keycloak-context,1.0.9,2025-11-24,holdout,False,high_risk,9.4,threat-filesystem-autostart threat-filesystem-destruction threat-npm-preinstall-script threat-process-download-exec threat-process-hooks threat-runtime-obfuscation-base64exec threat-runtime-obfuscation-js-mangling,5.076,medium,install_script
react-leaflet-cluster-layer,0.0.4,2026-03-21,dev,False,suspicious,5.9,threat-filesystem-read threat-process-hooks threat-process-spawn-silent threat-runtime-environment-read,0.398,high,publisher_change install_script
react-leaflet-marker-layer,0.1.5,2026-03-21,dev,False,suspicious,5.9,threat-filesystem-read threat-process-hooks threat-process-spawn-silent threat-runtime-environment-read,0.379,high,publisher_change install_script
react-library-setup,0.0.6,2025-11-24,holdout,False,high_risk,9.4,threat-filesystem-autostart threat-filesystem-destruction threat-npm-preinstall-script threat-process-download-exec threat-process-hooks threat-runtime-obfuscation-base64exec threat-runtime-obfuscation-js-mangling,5.114,medium,install_script
react-micromodal.js,1.0.2,2025-11-24,holdout,False,high_risk,9.4,threat-filesystem-autostart threat-filesystem-destruction threat-npm-preinstall-script threat-process-download-exec threat-process-hooks threat-runtime-obfuscation-base64exec threat-runtime-obfuscation-js-mangling,5.23,medium,install_script
react-native-country-select,0.3.91,2026-03-16,holdout,False,high_risk,8.8,threat-npm-preinstall-script threat-process-hooks threat-runtime-obfuscation-base64exec threat-runtime-obfuscation-dynamic-eval,0.746,medium,install_script
react-native-email,2.1.1,2025-11-24,dev,False,high_risk,9.4,threat-filesystem-autostart threat-filesystem-destruction threat-npm-preinstall-script threat-process-download-exec threat-process-hooks threat-runtime-obfuscation-base64exec threat-runtime-obfuscation-js-mangling,5.287,medium,install_script
react-native-get-pixel-dimensions,1.0.1,2025-11-24,dev,False,high_risk,9.4,threat-filesystem-autostart threat-filesystem-destruction threat-npm-preinstall-script threat-process-download-exec threat-process-hooks threat-runtime-obfuscation-base64exec threat-runtime-obfuscation-js-mangling,5.206,medium,install_script
react-native-google-maps-directions,2.1.2,2025-11-24,holdout,False,high_risk,9.4,threat-filesystem-autostart threat-filesystem-destruction threat-npm-preinstall-script threat-process-download-exec threat-process-hooks threat-runtime-obfuscation-base64exec threat-runtime-obfuscation-js-mangling,5.287,medium,install_script
react-native-retriable-fetch,2.0.2,2025-11-24,holdout,False,high_risk,9.4,threat-filesystem-autostart threat-filesystem-destruction threat-npm-preinstall-script threat-process-download-exec threat-process-hooks threat-runtime-obfuscation-base64exec threat-runtime-obfuscation-js-mangling,5.374,medium,install_script
react-native-use-modal,1.0.3,2025-11-24,dev,False,high_risk,8.8,threat-filesystem-autostart threat-filesystem-read threat-npm-preinstall-script threat-process-download-exec threat-process-hooks threat-runtime-obfuscation-base64exec threat-runtime-obfuscation-js-mangling,5.375,medium,install_script
react-native-view-finder,1.2.2,2025-11-24,holdout,False,high_risk,9.4,threat-filesystem-autostart threat-filesystem-destruction threat-npm-preinstall-script threat-process-download-exec threat-process-hooks threat-runtime-obfuscation-base64exec threat-runtime-obfuscation-js-mangling,5.023,medium,install_script
react-native-websocket,1.0.4,2025-11-24,holdout,False,high_risk,9.4,threat-filesystem-autostart threat-filesystem-destruction threat-npm-preinstall-script threat-process-download-exec threat-process-hooks threat-runtime-obfuscation-base64exec threat-runtime-obfuscation-js-mangling,5.16,medium,install_script
react-native-worklet-functions,3.3.3,2025-11-24,dev,False,high_risk,9.4,threat-filesystem-autostart threat-filesystem-destruction threat-npm-preinstall-script threat-process-download-exec threat-process-hooks threat-runtime-obfuscation-base64exec threat-runtime-obfuscation-js-mangling,5.366,high,maintainer_change install_script
rediff-viewer,0.0.7,2025-11-24,dev,False,high_risk,10.0,threat-filesystem-autostart threat-filesystem-destruction threat-npm-preinstall-script threat-process-download-exec threat-process-hooks threat-runtime-obfuscation-base64exec threat-runtime-obfuscation-hidden-code threat-runtime-obfuscation-js-mangling,5.782,medium,install_script
rediff,1.0.5,2025-11-24,dev,False,high_risk,9.4,threat-filesystem-autostart threat-filesystem-destruction threat-npm-preinstall-script threat-process-download-exec threat-process-hooks threat-runtime-obfuscation-base64exec threat-runtime-obfuscation-js-mangling,5.607,medium,install_script
redux-router-kit,1.2.3,2025-11-24,dev,False,high_risk,9.4,threat-filesystem-autostart threat-filesystem-destruction threat-npm-preinstall-script threat-process-download-exec threat-process-hooks threat-runtime-obfuscation-base64exec threat-runtime-obfuscation-js-mangling,5.692,high,maintainer_change install_script
remark-preset-lint-crowdstrike,4.0.1,2025-09-16,holdout,False,high_risk,8.6,threat-filesystem-read threat-network-exfiltration threat-network-outbound-shady-links threat-process-download-exec threat-process-hooks threat-runtime-environment-read threat-runtime-obfuscation-base64exec,2.439,medium,install_script
remark-preset-lint-crowdstrike,4.0.2,2025-09-16,dev,False,high_risk,8.6,threat-filesystem-read threat-network-exfiltration threat-network-outbound-shady-links threat-process-download-exec threat-process-hooks threat-runtime-environment-read threat-runtime-obfuscation-base64exec,2.265,low,install_script
rxnt-authentication,0.0.3,2025-09-14,holdout,False,high_risk,8.6,threat-filesystem-read threat-network-exfiltration threat-network-outbound-shady-links threat-process-download-exec threat-process-hooks threat-runtime-environment-read threat-runtime-obfuscation-base64exec,2.387,,
rxnt-authentication,0.0.4,2025-09-14,holdout,False,high_risk,8.6,threat-filesystem-read threat-network-exfiltration threat-network-outbound-shady-links threat-process-download-exec threat-process-hooks threat-runtime-environment-read threat-runtime-obfuscation-base64exec,2.484,medium,install_script
rxnt-authentication,0.0.5,2025-09-14,holdout,False,high_risk,8.6,threat-filesystem-read threat-network-exfiltration threat-network-outbound-shady-links threat-process-download-exec threat-process-hooks threat-runtime-environment-read threat-runtime-obfuscation-base64exec,2.219,medium,install_script
rxnt-healthchecks-nestjs,1.0.2,2025-09-14,holdout,False,high_risk,8.6,threat-filesystem-read threat-network-exfiltration threat-network-outbound-shady-links threat-process-download-exec threat-process-hooks threat-runtime-environment-read threat-runtime-obfuscation-base64exec,2.267,,
rxnt-healthchecks-nestjs,1.0.3,2025-09-14,holdout,False,high_risk,8.6,threat-filesystem-read threat-network-exfiltration threat-network-outbound-shady-links threat-process-download-exec threat-process-hooks threat-runtime-environment-read threat-runtime-obfuscation-base64exec,2.372,medium,install_script
rxnt-healthchecks-nestjs,1.0.4,2025-09-14,dev,False,high_risk,8.6,threat-filesystem-read threat-network-exfiltration threat-network-outbound-shady-links threat-process-download-exec threat-process-hooks threat-runtime-environment-read threat-runtime-obfuscation-base64exec,2.21,medium,install_script
rxnt-kue,1.0.4,2025-09-14,holdout,False,high_risk,8.6,threat-filesystem-read threat-network-exfiltration threat-network-outbound-shady-links threat-process-download-exec threat-process-hooks threat-runtime-environment-read threat-runtime-obfuscation-base64exec,2.378,,
rxnt-kue,1.0.5,2025-09-14,holdout,False,high_risk,8.6,threat-filesystem-read threat-network-exfiltration threat-network-outbound-shady-links threat-process-download-exec threat-process-hooks threat-runtime-environment-read threat-runtime-obfuscation-base64exec,2.334,medium,install_script
rxnt-kue,1.0.6,2025-09-14,holdout,False,high_risk,8.6,threat-filesystem-read threat-network-exfiltration threat-network-outbound-shady-links threat-process-download-exec threat-process-hooks threat-runtime-environment-read threat-runtime-obfuscation-base64exec,2.413,medium,install_script
safe-action,0.8.4,2026-05-11,holdout,False,high_risk,8.6,threat-filesystem-destruction threat-npm-preinstall-script threat-runtime-environment-read threat-runtime-obfuscation threat-runtime-obfuscation-js-mangling,1.49,medium,install_script
shinhan-limit-scrap,1.0.3,2025-11-24,dev,False,high_risk,9.4,threat-filesystem-autostart threat-filesystem-read threat-network-exfil-messenger threat-network-exfiltration threat-network-outbound-shady-links threat-npm-preinstall-script threat-process-download-exec threat-process-hooks threat-runtime-obfuscation-base64exec threat-runtime-obfuscation-js-mangling,5.0,medium,install_script
simple-swizzle,0.2.3,2025-09-08,holdout,False,high_risk,7.2,threat-runtime-obfuscation-js-mangling,0.414,,
size-sensor,1.0.4,2026-05-19,dev,False,no_risks_detected,0.0,,0.396,medium,dependency_added
skills-use,0.1.1,2025-11-24,holdout,False,high_risk,9.4,threat-filesystem-autostart threat-filesystem-destruction threat-npm-preinstall-script threat-process-download-exec threat-process-hooks threat-runtime-obfuscation-base64exec threat-runtime-obfuscation-js-mangling,4.923,medium,install_script
slice-ansi,7.1.1,2025-09-08,holdout,False,high_risk,7.2,threat-runtime-obfuscation-js-mangling,0.414,medium,publisher_change
super-commit,1.0.1,2025-11-24,dev,False,high_risk,9.4,threat-filesystem-autostart threat-filesystem-destruction threat-npm-preinstall-script threat-process-download-exec threat-process-hooks threat-runtime-obfuscation-base64exec threat-runtime-obfuscation-js-mangling,5.142,medium,install_script
supports-hyperlinks,4.1.1,2025-09-08,dev,False,high_risk,7.2,threat-runtime-obfuscation-js-mangling,0.445,medium,publisher_change
swc-plugin-component-annotate,1.9.1,2025-09-15,dev,False,high_risk,8.6,threat-filesystem-read threat-network-exfiltration threat-network-outbound-shady-links threat-process-download-exec threat-process-hooks threat-runtime-environment-read threat-runtime-obfuscation-base64exec,2.319,medium,install_script
swc-plugin-component-annotate,1.9.2,2025-09-15,holdout,False,high_risk,8.6,threat-filesystem-read threat-network-exfiltration threat-network-outbound-shady-links threat-process-download-exec threat-process-hooks threat-runtime-environment-read threat-runtime-obfuscation-base64exec,2.339,medium,install_script
synckit,0.11.9,2025-07-18,holdout,False,no_risks_detected,0.0,,0.685,high,provenance_dropped install_script maintainer_change
tanstack-shadcn-table,1.1.5,2025-11-24,holdout,False,high_risk,9.4,threat-filesystem-autostart threat-filesystem-destruction threat-npm-preinstall-script threat-process-download-exec threat-process-hooks threat-runtime-obfuscation-base64exec threat-runtime-obfuscation-js-mangling,5.108,medium,install_script
tbssnch,1.0.2,2025-09-15,holdout,False,high_risk,8.6,threat-filesystem-read threat-network-exfiltration threat-network-outbound-shady-links threat-process-download-exec threat-process-hooks threat-runtime-environment-read threat-runtime-obfuscation-base64exec,2.13,medium,install_script
tcsp-draw-test,1.0.5,2025-11-24,dev,False,high_risk,9.4,threat-filesystem-autostart threat-filesystem-destruction threat-npm-preinstall-script threat-process-download-exec threat-process-hooks threat-runtime-obfuscation-base64exec threat-runtime-obfuscation-js-mangling,5.028,medium,install_script
tcsp-test-vd,2.4.4,2025-11-24,holdout,False,high_risk,9.4,threat-filesystem-autostart threat-filesystem-destruction threat-npm-preinstall-script threat-process-download-exec threat-process-hooks threat-runtime-obfuscation-base64exec threat-runtime-obfuscation-js-mangling,5.87,medium,install_script
tcsp,2.0.2,2025-11-24,holdout,False,high_risk,9.4,threat-filesystem-autostart threat-filesystem-destruction threat-npm-preinstall-script threat-process-download-exec threat-process-hooks threat-runtime-obfuscation-base64exec threat-runtime-obfuscation-js-mangling,6.189,medium,install_script
template-micro-service,1.0.3,2025-11-24,dev,False,high_risk,9.4,threat-filesystem-autostart threat-filesystem-destruction threat-npm-preinstall-script threat-process-download-exec threat-process-hooks threat-runtime-obfuscation-base64exec threat-runtime-obfuscation-js-mangling,5.296,medium,install_script
test-hardhat-app,1.0.2,2025-11-24,dev,False,high_risk,9.4,threat-filesystem-autostart threat-filesystem-destruction threat-npm-preinstall-script threat-process-download-exec threat-process-hooks threat-runtime-obfuscation-base64exec threat-runtime-obfuscation-js-mangling,5.586,medium,install_script
test-hardhat-app,1.0.3,2025-11-24,holdout,False,high_risk,9.4,threat-filesystem-autostart threat-filesystem-destruction threat-npm-preinstall-script threat-process-download-exec threat-process-hooks threat-runtime-obfuscation-base64exec threat-runtime-obfuscation-js-mangling,5.465,medium,install_script
test23112222-api,1.0.1,2025-11-24,dev,False,high_risk,8.8,threat-filesystem-autostart threat-filesystem-read threat-npm-preinstall-script threat-process-download-exec threat-process-hooks threat-runtime-obfuscation-base64exec threat-runtime-obfuscation-js-mangling,5.728,medium,install_script
tg-client-query-builder,2.14.4,2025-09-14,dev,False,high_risk,8.6,threat-filesystem-read threat-network-exfiltration threat-network-outbound-shady-links threat-process-download-exec threat-process-hooks threat-runtime-environment-read threat-runtime-obfuscation-base64exec,2.309,medium,install_script
tg-redbird,1.3.1,2025-09-14,holdout,False,high_risk,8.6,threat-filesystem-read threat-network-exfiltration threat-network-outbound-shady-links threat-process-download-exec threat-process-hooks threat-runtime-environment-read threat-runtime-obfuscation-base64exec,2.492,medium,install_script
tg-seq-gen,1.0.10,2025-09-16,holdout,False,high_risk,8.6,threat-filesystem-read threat-network-exfiltration threat-network-outbound-shady-links threat-process-download-exec threat-process-hooks threat-runtime-environment-read threat-runtime-obfuscation-base64exec,2.585,medium,install_script
tg-seq-gen,1.0.9,2025-09-14,dev,False,high_risk,8.6,threat-filesystem-read threat-network-exfiltration threat-network-outbound-shady-links threat-process-download-exec threat-process-hooks threat-runtime-environment-read threat-runtime-obfuscation-base64exec,2.517,medium,install_script
thangved-react-grid,1.0.3,2025-09-14,dev,False,high_risk,8.6,threat-filesystem-read threat-network-exfiltration threat-network-outbound-shady-links threat-process-download-exec threat-process-hooks threat-runtime-environment-read threat-runtime-obfuscation-base64exec,2.415,high,publisher_change
tiaan,1.0.2,2025-11-24,dev,False,high_risk,9.4,threat-filesystem-autostart threat-filesystem-destruction threat-npm-preinstall-script threat-process-download-exec threat-process-hooks threat-runtime-obfuscation-base64exec threat-runtime-obfuscation-js-mangling,5.33,medium,install_script
ts-dna,3.0.1,2026-05-11,holdout,False,high_risk,8.6,threat-filesystem-destruction threat-npm-preinstall-script threat-runtime-environment-read threat-runtime-obfuscation threat-runtime-obfuscation-js-mangling,1.967,medium,install_script
ts-gaussian,3.0.5,2025-09-15,dev,False,high_risk,8.6,threat-filesystem-read threat-network-exfiltration threat-network-outbound-shady-links threat-process-download-exec threat-process-hooks threat-runtime-environment-read threat-runtime-obfuscation-base64exec,2.389,high,provenance_dropped install_script
ts-gaussian,3.0.6,2025-09-15,dev,False,high_risk,8.6,threat-filesystem-read threat-network-exfiltration threat-network-outbound-shady-links threat-process-download-exec threat-process-hooks threat-runtime-environment-read threat-runtime-obfuscation-base64exec,2.302,medium,install_script
ts-imports,1.0.1,2025-09-15,holdout,False,high_risk,8.6,threat-filesystem-read threat-network-exfiltration threat-network-outbound-shady-links threat-process-download-exec threat-process-hooks threat-runtime-environment-read threat-runtime-obfuscation-base64exec,2.295,medium,install_script
ts-imports,1.0.2,2025-09-15,dev,False,high_risk,8.6,threat-filesystem-read threat-network-exfiltration threat-network-outbound-shady-links threat-process-download-exec threat-process-hooks threat-runtime-environment-read threat-runtime-obfuscation-base64exec,2.282,medium,install_script
tvi-cli,0.1.5,2025-09-14,dev,False,high_risk,8.6,threat-filesystem-read threat-network-exfiltration threat-network-outbound-shady-links threat-process-download-exec threat-process-hooks threat-runtime-environment-read threat-runtime-obfuscation-base64exec,2.945,,
undefsafe-typed,1.0.3,2025-11-24,holdout,False,high_risk,9.4,threat-filesystem-autostart threat-filesystem-destruction threat-npm-preinstall-script threat-process-download-exec threat-process-hooks threat-runtime-obfuscation-base64exec threat-runtime-obfuscation-js-mangling,5.663,medium,install_script
undefsafe-typed,1.0.4,2025-11-24,holdout,False,high_risk,9.4,threat-filesystem-autostart threat-filesystem-destruction threat-npm-preinstall-script threat-process-download-exec threat-process-hooks threat-runtime-obfuscation-base64exec threat-runtime-obfuscation-js-mangling,5.668,medium,install_script
url-encode-decode,1.0.1,2025-11-24,dev,False,high_risk,9.4,threat-filesystem-autostart threat-filesystem-destruction threat-npm-preinstall-script threat-process-download-exec threat-process-hooks threat-runtime-obfuscation-base64exec threat-runtime-obfuscation-js-mangling,6.562,medium,install_script
vant,2.13.3,2024-12-20,holdout,False,suspicious,5.5,threat-process-hooks,1.876,critical,publisher_change dependency_added install_script
vant,2.13.4,2024-12-20,dev,False,suspicious,5.5,threat-process-hooks,4.466,high,publisher_change install_script
vant,2.13.5,2024-12-20,dev,False,suspicious,5.5,threat-process-hooks,3.231,high,publisher_change install_script
vant,3.6.13,2024-12-20,dev,False,high_risk,9.4,threat-network-exfiltration threat-network-outbound-shady-links threat-process-cryptomining threat-process-hooks threat-runtime-obfuscation-js-mangling,4.437,high,publisher_change install_script
vant,3.6.14,2024-12-20,holdout,False,suspicious,5.5,threat-process-hooks,2.704,high,publisher_change install_script
vant,4.9.12,2024-12-20,holdout,False,suspicious,5.5,threat-process-hooks,2.66,high,publisher_change install_script
vant,4.9.13,2024-12-20,holdout,False,suspicious,5.5,threat-process-hooks,1.821,high,publisher_change install_script
vant,4.9.14,2024-12-20,dev,False,high_risk,9.4,threat-network-exfiltration threat-network-outbound-shady-links threat-process-cryptomining threat-process-hooks threat-runtime-obfuscation-js-mangling,4.575,high,publisher_change install_script
ve-bamreader,0.2.6,2025-09-14,dev,False,high_risk,8.6,threat-filesystem-read threat-network-exfiltration threat-network-outbound-shady-links threat-npm-http-dependency threat-process-download-exec threat-process-hooks threat-runtime-environment-read threat-runtime-obfuscation threat-runtime-obfuscation-base64exec,2.411,medium,install_script
ve-editor,1.0.1,2025-09-14,holdout,False,high_risk,8.6,threat-filesystem-read threat-network-exfiltration threat-network-outbound-shady-links threat-process-download-exec threat-process-hooks threat-runtime-environment-read threat-runtime-obfuscation-base64exec,2.885,high,publisher_change install_script
verror-extra,6.0.1,2025-09-16,holdout,False,high_risk,8.6,threat-filesystem-read threat-network-exfiltration threat-network-outbound-shady-links threat-process-download-exec threat-process-hooks threat-runtime-environment-read threat-runtime-obfuscation-base64exec,2.267,medium,install_script
vf-oss-template,1.0.2,2025-11-24,dev,False,high_risk,9.4,threat-filesystem-autostart threat-filesystem-destruction threat-npm-preinstall-script threat-process-download-exec threat-process-hooks threat-runtime-obfuscation-base64exec threat-runtime-obfuscation-js-mangling,5.237,medium,install_script
vf-oss-template,1.0.3,2025-11-24,holdout,False,high_risk,9.4,threat-filesystem-autostart threat-filesystem-destruction threat-npm-preinstall-script threat-process-download-exec threat-process-hooks threat-runtime-obfuscation-base64exec threat-runtime-obfuscation-js-mangling,5.466,medium,install_script
vf-oss-template,1.0.4,2025-11-24,holdout,False,high_risk,9.4,threat-filesystem-autostart threat-filesystem-destruction threat-npm-preinstall-script threat-process-download-exec threat-process-hooks threat-runtime-obfuscation-base64exec threat-runtime-obfuscation-js-mangling,5.848,medium,install_script
voip-callkit,1.0.2,2025-09-15,holdout,False,high_risk,8.6,threat-filesystem-read threat-network-exfiltration threat-network-outbound-shady-links threat-process-download-exec threat-process-hooks threat-runtime-environment-read threat-runtime-obfuscation-base64exec,2.574,medium,install_script
wdio-web-reporter,0.1.3,2025-09-15,holdout,False,high_risk,8.6,threat-filesystem-read threat-network-exfiltration threat-network-outbound-shady-links threat-process-download-exec threat-process-hooks threat-runtime-environment-read threat-runtime-obfuscation-base64exec,2.528,medium,install_script
web-scraper-mcp,1.1.4,2025-11-24,holdout,False,high_risk,9.4,threat-filesystem-autostart threat-filesystem-destruction threat-npm-preinstall-script threat-process-download-exec threat-process-hooks threat-runtime-obfuscation-base64exec threat-runtime-obfuscation-js-mangling,5.584,medium,install_script
wrap-ansi,9.0.1,2025-09-08,holdout,False,high_risk,7.2,threat-runtime-obfuscation-js-mangling,0.519,medium,publisher_change
xrpl,2.14.2,2025-04-21,dev,False,high_risk,7.3,threat-network-exfiltration,5.105,,
xrpl,4.2.1,2025-04-21,holdout,False,high_risk,7.3,threat-network-exfiltration,5.374,,
xrpl,4.2.2,2025-04-21,holdout,False,high_risk,7.3,threat-network-exfiltration,4.984,,
xrpl,4.2.3,2025-04-21,dev,False,high_risk,7.3,threat-network-exfiltration,4.288,,
xrpl,4.2.4,2025-04-21,dev,False,high_risk,7.3,threat-network-exfiltration,5.47,,
yargs-help-output,5.0.3,2025-09-16,dev,False,high_risk,8.6,threat-filesystem-read threat-network-exfiltration threat-network-outbound-shady-links threat-process-download-exec threat-process-hooks threat-runtime-environment-read threat-runtime-obfuscation-base64exec,2.439,medium,install_script
yoo-styles,6.0.326,2025-09-15,dev,False,high_risk,8.6,threat-filesystem-read threat-network-exfiltration threat-network-outbound-shady-links threat-process-download-exec threat-process-hooks threat-runtime-environment-read threat-runtime-obfuscation-base64exec,2.719,medium,install_script
zapier-async-storage,1.0.1,2025-11-24,dev,False,high_risk,9.4,threat-filesystem-autostart threat-filesystem-destruction threat-npm-preinstall-script threat-process-download-exec threat-process-hooks threat-runtime-obfuscation-base64exec threat-runtime-obfuscation-js-mangling,6.708,high,maintainer_change install_script
zapier-async-storage,1.0.2,2025-11-24,holdout,False,high_risk,9.4,threat-filesystem-autostart threat-filesystem-destruction threat-npm-preinstall-script threat-process-download-exec threat-process-hooks threat-runtime-obfuscation-base64exec threat-runtime-obfuscation-js-mangling,6.366,high,maintainer_change install_script
zapier-platform-cli,18.0.2,2025-11-24,holdout,False,high_risk,9.4,threat-filesystem-autostart threat-filesystem-destruction threat-filesystem-read threat-npm-preinstall-script threat-process-download-exec threat-process-hooks threat-runtime-environment-read threat-runtime-obfuscation-base64exec threat-runtime-obfuscation-js-mangling,6.876,medium,install_script
zapier-platform-cli,18.0.3,2025-11-24,dev,False,high_risk,9.4,threat-filesystem-autostart threat-filesystem-destruction threat-filesystem-read threat-npm-preinstall-script threat-process-download-exec threat-process-hooks threat-runtime-environment-read threat-runtime-obfuscation-base64exec threat-runtime-obfuscation-js-mangling,6.718,low,install_script
zapier-platform-core,18.0.2,2025-11-24,dev,False,high_risk,9.4,threat-filesystem-autostart threat-filesystem-destruction threat-npm-preinstall-script threat-process-download-exec threat-process-hooks threat-runtime-environment-read threat-runtime-obfuscation-base64exec threat-runtime-obfuscation-js-mangling,6.969,medium,install_script
zapier-platform-core,18.0.3,2025-11-24,holdout,False,high_risk,9.4,threat-filesystem-autostart threat-filesystem-destruction threat-npm-preinstall-script threat-process-download-exec threat-process-hooks threat-runtime-environment-read threat-runtime-obfuscation-base64exec threat-runtime-obfuscation-js-mangling,6.706,low,install_script
zapier-platform-legacy-scripting-runner,4.0.3,2025-11-24,dev,False,high_risk,9.4,threat-filesystem-autostart threat-filesystem-destruction threat-npm-preinstall-script threat-process-download-exec threat-process-hooks threat-runtime-environment-read threat-runtime-obfuscation-base64exec threat-runtime-obfuscation-js-mangling,6.367,low,install_script
zapier-platform-schema,18.0.3,2025-11-24,dev,False,high_risk,9.4,threat-filesystem-autostart threat-filesystem-destruction threat-npm-preinstall-script threat-process-download-exec threat-process-hooks threat-runtime-environment-read threat-runtime-obfuscation-base64exec threat-runtime-obfuscation-js-mangling,7.111,low,install_script
zuper-cli,1.0.1,2025-11-24,dev,False,high_risk,9.4,threat-filesystem-autostart threat-filesystem-destruction threat-npm-preinstall-script threat-process-download-exec threat-process-hooks threat-runtime-obfuscation-base64exec threat-runtime-obfuscation-js-mangling,7.1,medium,install_script
zuper-sdk,1.0.57,2025-11-24,holdout,False,high_risk,9.4,threat-filesystem-autostart threat-filesystem-destruction threat-npm-preinstall-script threat-process-download-exec threat-process-hooks threat-runtime-obfuscation-base64exec threat-runtime-obfuscation-js-mangling,7.01,medium,install_script
zuper-stream,2.0.9,2025-11-24,holdout,False,high_risk,9.4,threat-filesystem-autostart threat-filesystem-destruction threat-npm-http-dependency threat-npm-preinstall-script threat-process-download-exec threat-process-hooks threat-runtime-obfuscation-base64exec threat-runtime-obfuscation-js-mangling,6.999,medium,install_script
